Date,	open,	High	,Low	,Close	,Change	,Long signal	,Short signal	,ema20, ema9, ema21, ema50	,vwap
"Wed 05 Aug '26   18:00","4,250.29","4,267.73","4,249.33","4,258.76","+8.47 (+0.20%)","0.00","0.00","4,123.76","4,171.90","4,121.30","4,088.68","4,187.09"
"Wed 05 Aug '26   14:00","4,206.09","4,265.15","4,203.76","4,250.29","+44.17 (+1.05%)","0.00","0.00","4,109.55","4,150.18","4,107.55","4,081.74","4,184.27"
"Wed 05 Aug '26   10:00","4,158.05","4,213.48","4,150.21","4,206.12","+48.08 (+1.16%)","0.00","0.00","4,094.73","4,125.15","4,093.27","4,074.86","4,160.83"
"Wed 05 Aug '26   06:00","4,161.50","4,179.50","4,153.10","4,158.04","−3.50 (−0.08%)","0.00","0.00","4,083.01","4,104.91","4,081.99","4,069.50","4,142.44"
"Wed 05 Aug '26   02:00","4,101.47","4,172.93","4,095.55","4,161.54","+60.08 (+1.46%)","0.00","0.00","4,075.11","4,091.63","4,074.39","4,065.89","4,133.69"
"Tue 04 Aug '26   22:00","4,077.99","4,102.69","4,065.52","4,101.46","+23.64 (+0.58%)","0.00","0.00","4,066.01","4,074.15","4,065.67","4,061.98","4,101.46"
"Tue 04 Aug '26   18:00","4,086.16","4,088.96","4,074.73","4,077.82","−8.34 (−0.20%)","0.00","0.00","4,062.28","4,067.33","4,062.09","4,060.37","4,071.54"
"Tue 04 Aug '26   14:00","4,084.12","4,106.39","4,074.40","4,086.16","+1.96 (+0.05%)","1.00","0.00","4,060.64","4,064.70","4,060.52","4,059.66","4,070.71"
"Tue 04 Aug '26   10:00","4,049.82","4,093.84","4,045.62","4,084.20","+34.37 (+0.85%)","0.00","0.00","4,057.96","4,059.34","4,057.95","4,058.58","4,065.58"
"Tue 04 Aug '26   06:00","4,061.94","4,072.91","4,046.27","4,049.83","−12.10 (−0.30%)","0.00","0.00","4,055.19","4,053.12","4,055.33","4,057.53","4,056.64"
"Tue 04 Aug '26   02:00","4,058.79","4,067.81","4,051.21","4,061.93","+3.14 (+0.08%)","0.00","0.00","4,055.76","4,053.95","4,055.88","4,057.84","4,060.39"
"Mon 03 Aug '26   22:00","4,044.60","4,069.36","4,042.62","4,058.79","+3.74 (+0.09%)","0.00","0.00","4,055.11","4,051.95","4,055.27","4,057.68","4,058.79"
"Mon 03 Aug '26   18:00","4,030.55","4,058.23","4,029.73","4,055.05","+24.50 (+0.61%)","0.00","0.00","4,054.72","4,050.24","4,054.92","4,057.63","4,048.74"
"Mon 03 Aug '26   14:00","4,032.13","4,040.99","4,026.71","4,030.55","−1.58 (−0.04%)","0.00","0.00","4,054.69","4,049.04","4,054.91","4,057.74","4,048.04"
"Mon 03 Aug '26   10:00","4,055.31","4,064.59","4,019.16","4,032.13","−23.18 (−0.57%)","0.00","0.00","4,057.23","4,053.67","4,057.35","4,058.85","4,052.60"
"Mon 03 Aug '26   06:00","4,069.01","4,072.01","4,046.68","4,055.31","−13.71 (−0.34%)","0.00","0.00","4,059.87","4,059.05","4,059.87","4,059.94","4,060.04"
"Mon 03 Aug '26   02:00","4,056.67","4,071.90","4,052.12","4,069.02","+12.36 (+0.30%)","0.00","0.00","4,060.35","4,059.98","4,060.32","4,060.13","4,062.39"
"Sun 02 Aug '26   22:00","4,078.89","4,084.53","4,047.39","4,056.66","+12.84 (+0.32%)","0.00","0.00","4,059.43","4,057.73","4,059.45","4,059.76","4,056.66"
"Fri 31 Jul '26   18:00","4,053.62","4,055.55","4,043.57","4,043.82","−9.81 (−0.24%)","0.00","0.00","4,059.73","4,057.99","4,059.73","4,059.89","4,055.07"
"Fri 31 Jul '26   14:00","4,025.42","4,054.75","4,021.13","4,053.63","+28.08 (+0.70%)","0.00","0.00","4,061.40","4,061.53","4,061.32","4,060.55","4,056.56"
"Fri 31 Jul '26   10:00","4,055.09","4,061.06","4,022.05","4,025.55","−29.56 (−0.73%)","0.00","1.00","4,062.22","4,063.51","4,062.09","4,060.83","4,057.54"
"Fri 31 Jul '26   06:00","4,074.40","4,087.53","4,050.34","4,055.11","−19.27 (−0.47%)","0.00","0.00","4,066.08","4,073.00","4,065.75","4,062.27","4,070.32"
"Fri 31 Jul '26   02:00","4,084.35","4,090.47","4,072.06","4,074.38","−9.99 (−0.24%)","0.00","0.00","4,067.23","4,077.47","4,066.81","4,062.56","4,079.38"
"Thu 30 Jul '26   22:00","4,106.14","4,111.75","4,082.14","4,084.37","−18.54 (−0.45%)","0.00","0.00","4,066.48","4,078.25","4,066.05","4,062.08","4,084.37"
"Thu 30 Jul '26   18:00","4,102.67","4,117.45","4,098.86","4,102.91","+0.23 (+0.01%)","0.00","0.00","4,064.60","4,076.72","4,064.22","4,061.17","4,083.04"
"Thu 30 Jul '26   14:00","4,112.34","4,120.21","4,083.17","4,102.68","−9.74 (−0.24%)","0.00","0.00","4,060.57","4,070.17","4,060.35","4,059.46","4,080.73"
"Thu 30 Jul '26   10:00","4,063.39","4,112.85","4,063.06","4,112.42","+49.04 (+1.21%)","0.00","0.00","4,056.13","4,062.04","4,056.12","4,057.70","4,074.49"
"Thu 30 Jul '26   06:00","4,033.71","4,073.09","4,029.46","4,063.38","+29.68 (+0.74%)","0.00","0.00","4,050.21","4,049.45","4,050.49","4,055.47","4,060.56"
"Thu 30 Jul '26   02:00","4,084.71","4,090.43","4,028.48","4,033.70","−50.99 (−1.25%)","0.00","0.00","4,048.82","4,045.96","4,049.20","4,055.14","4,059.10"
"Wed 29 Jul '26   22:00","4,068.00","4,100.37","4,063.23","4,084.69","+18.57 (+0.46%)","1.00","0.00","4,050.41","4,049.03","4,050.75","4,056.02","4,084.69"
"Wed 29 Jul '26   18:00","4,044.09","4,116.45","4,042.71","4,066.12","+21.98 (+0.54%)","0.00","0.00","4,046.81","4,040.11","4,047.36","4,054.85","4,036.08"
"Wed 29 Jul '26   14:00","4,007.35","4,050.59","3,996.01","4,044.14","+36.81 (+0.92%)","0.00","0.00","4,044.77","4,033.61","4,045.48","4,054.39","4,029.43"
"Wed 29 Jul '26   10:00","4,032.71","4,036.19","4,002.54","4,007.33","−25.33 (−0.63%)","0.00","0.00","4,044.84","4,030.98","4,045.61","4,054.81","4,024.57"
"Wed 29 Jul '26   06:00","4,033.08","4,047.78","4,031.33","4,032.66","−0.43 (−0.01%)","0.00","0.00","4,048.79","4,036.89","4,049.44","4,056.74","4,030.49"
"Wed 29 Jul '26   02:00","4,025.93","4,040.10","4,020.63","4,033.09","+7.15 (+0.18%)","0.00","0.00","4,050.48","4,037.95","4,051.12","4,057.73","4,029.55"
"Tue 28 Jul '26   22:00","4,026.78","4,030.64","4,010.37","4,025.94","−2.77 (−0.07%)","0.00","0.00","4,052.32","4,039.17","4,052.92","4,058.73","4,025.94"
"Tue 28 Jul '26   18:00","4,027.87","4,030.51","4,021.72","4,028.71","+0.83 (+0.02%)","0.00","0.00","4,055.09","4,042.47","4,055.62","4,060.07","4,031.51"
"Tue 28 Jul '26   14:00","4,022.11","4,047.08","4,011.61","4,027.88","+5.76 (+0.14%)","0.00","0.00","4,057.87","4,045.92","4,058.31","4,061.35","4,031.86"
"Tue 28 Jul '26   10:00","4,023.22","4,038.18","4,017.01","4,022.12","−1.30 (−0.03%)","0.00","0.00","4,061.03","4,050.42","4,061.36","4,062.72","4,033.12"
"Tue 28 Jul '26   06:00","4,045.25","4,055.26","4,019.58","4,023.42","−21.83 (−0.54%)","0.00","0.00","4,065.12","4,057.50","4,065.28","4,064.38","4,037.55"
"Tue 28 Jul '26   02:00","4,045.19","4,051.17","4,034.89","4,045.25","+0.07 (+0.00%)","0.00","0.00","4,069.51","4,066.02","4,069.47","4,066.05","4,045.22"
"Mon 27 Jul '26   22:00","4,079.66","4,082.37","4,042.62","4,045.18","−31.55 (−0.77%)","0.00","1.00","4,072.06","4,071.21","4,071.89","4,066.90","4,045.18"
"Mon 27 Jul '26   18:00","4,076.45","4,089.27","4,072.96","4,076.73","+0.29 (+0.01%)","0.00","0.00","4,074.89","4,077.72","4,074.56","4,067.78","4,087.55"
"Mon 27 Jul '26   14:00","4,074.25","4,093.95","4,065.40","4,076.44","+2.22 (+0.05%)","0.00","0.00","4,074.70","4,077.97","4,074.34","4,067.42","4,088.83"
"Mon 27 Jul '26   10:00","4,096.12","4,104.11","4,070.61","4,074.22","−21.90 (−0.53%)","0.00","0.00","4,074.52","4,078.35","4,074.13","4,067.05","4,092.89"
"Mon 27 Jul '26   06:00","4,093.22","4,106.02","4,087.13","4,096.12","+2.90 (+0.07%)","0.00","0.00","4,074.55","4,079.39","4,074.12","4,066.76","4,100.01"
"Mon 27 Jul '26   02:00","4,110.16","4,110.96","4,084.51","4,093.22","−16.93 (−0.41%)","0.00","0.00","4,072.28","4,075.20","4,071.92","4,065.56","4,102.03"
"Sun 26 Jul '26   22:00","4,091.96","4,116.21","4,083.70","4,110.15","+57.21 (+1.41%)","1.00","0.00","4,070.07","4,070.70","4,069.79","4,064.43","4,110.15"
"Fri 24 Jul '26   18:00","4,063.42","4,064.53","4,049.25","4,052.94","−10.48 (−0.26%)","0.00","0.00","4,065.85","4,060.84","4,065.76","4,062.56","4,052.83"
"Fri 24 Jul '26   14:00","4,067.46","4,082.15","4,055.97","4,063.42","−4.12 (−0.10%)","0.00","0.00","4,067.21","4,062.81","4,067.04","4,062.95","4,052.81"
"Fri 24 Jul '26   10:00","4,059.83","4,068.69","4,044.72","4,067.54","+7.70 (+0.19%)","0.00","0.00","4,067.61","4,062.66","4,067.40","4,062.94","4,049.24"
"Fri 24 Jul '26   06:00","4,023.10","4,060.79","4,023.02","4,059.84","+36.73 (+0.91%)","0.00","0.00","4,067.62","4,061.44","4,067.39","4,062.75","4,042.65"
"Fri 24 Jul '26   02:00","4,043.68","4,048.26","4,022.03","4,023.11","−20.57 (−0.51%)","0.00","0.00","4,068.44","4,061.84","4,068.14","4,062.87","4,032.80"
"Thu 23 Jul '26   22:00","4,049.08","4,050.68","4,040.03","4,043.68","−5.42 (−0.13%)","0.00","0.00","4,073.21","4,071.52","4,072.65","4,064.49","4,043.68"
"Thu 23 Jul '26   18:00","4,041.81","4,051.27","4,040.83","4,049.10","+7.31 (+0.18%)","0.00","0.00","4,076.32","4,078.48","4,075.54","4,065.34","4,075.81"
"Thu 23 Jul '26   14:00","4,043.39","4,061.77","4,040.18","4,041.79","−1.48 (−0.04%)","0.00","0.00","4,079.19","4,085.82","4,078.19","4,066.00","4,078.97"
"Mon 22 Jun '26   18:00","4,183.15","4,193.78","4,182.55","4,192.35","+9.25 (+0.22%)","0.00","0.00","4,216.66","4,193.91","4,218.42","4,255.58","4,194.20"
"Mon 22 Jun '26   14:00","4,199.90","4,210.79","4,169.84","4,183.10","−16.74 (−0.40%)","0.00","0.00","4,219.22","4,194.30","4,221.03","4,258.16","4,194.41"
"Mon 22 Jun '26   10:00","4,208.25","4,215.18","4,183.01","4,199.84","−8.41 (−0.20%)","0.00","0.00","4,223.03","4,197.10","4,224.82","4,261.22","4,197.93"
"Mon 22 Jun '26   06:00","4,193.80","4,210.05","4,188.72","4,208.25","+14.45 (+0.34%)","0.00","0.00","4,225.47","4,196.41","4,227.32","4,263.73","4,197.29"
"Mon 22 Jun '26   02:00","4,190.96","4,200.30","4,170.70","4,193.80","+2.84 (+0.07%)","0.00","0.00","4,227.28","4,193.45","4,229.23","4,265.99","4,192.28"
"Sun 21 Jun '26   22:00","4,142.08","4,221.03","4,136.58","4,190.96","+35.38 (+0.85%)","0.00","0.00","4,230.80","4,193.37","4,232.77","4,268.94","4,190.96"
"Fri 19 Jun '26   14:00","4,151.48","4,157.87","4,142.68","4,155.58","+4.14 (+0.10%)","0.00","0.00","4,235.00","4,193.97","4,236.95","4,272.12","4,157.81"
"Fri 19 Jun '26   10:00","4,162.94","4,182.96","4,141.94","4,151.44","−11.47 (−0.28%)","0.00","0.00","4,243.36","4,203.57","4,245.09","4,276.88","4,158.17"
"Fri 19 Jun '26   06:00","4,139.75","4,178.54","4,132.88","4,162.91","+23.25 (+0.56%)","0.00","0.00","4,253.03","4,216.60","4,254.46","4,282.00","4,160.67"
"Fri 19 Jun '26   02:00","4,184.94","4,186.20","4,121.83","4,139.66","−45.29 (−1.08%)","0.00","0.00","4,262.52","4,230.02","4,263.61","4,286.86","4,159.40"
"Thu 18 Jun '26   22:00","4,211.28","4,213.31","4,184.09","4,184.95","−23.21 (−0.55%)","0.00","0.00","4,275.45","4,252.61","4,276.01","4,292.87","4,184.95"
"Thu 18 Jun '26   18:00","4,230.36","4,233.21","4,201.60","4,208.16","−22.20 (−0.52%)","0.00","0.00","4,284.98","4,269.52","4,285.11","4,297.28","4,264.76"
"Thu 18 Jun '26   14:00","4,256.69","4,257.84","4,214.06","4,230.36","−26.32 (−0.62%)","0.00","0.00","4,293.06","4,284.86","4,292.81","4,300.91","4,272.01"
"Thu 18 Jun '26   10:00","4,268.43","4,276.74","4,240.01","4,256.68","−11.80 (−0.28%)","0.00","0.00","4,299.66","4,298.49","4,299.05","4,303.79","4,285.46"
"Thu 18 Jun '26   06:00","4,308.12","4,309.88","4,259.66","4,268.48","−39.64 (−0.92%)","0.00","0.00","4,304.19","4,308.94","4,303.29","4,305.72","4,297.13"
"Thu 18 Jun '26   02:00","4,317.87","4,329.88","4,301.29","4,308.12","−9.74 (−0.23%)","0.00","0.00","4,307.95","4,319.05","4,306.77","4,307.24","4,313.19"
"Wed 17 Jun '26   22:00","4,256.83","4,328.58","4,254.58","4,317.86","+60.37 (+1.42%)","0.00","0.00","4,307.93","4,321.79","4,306.64","4,307.20","4,317.86"
"Wed 17 Jun '26   18:00","4,379.79","4,379.79","4,219.12","4,257.49","−122.40 (−2.79%)","0.00","1.00","4,306.88","4,322.77","4,305.51","4,306.76","4,327.58"
"Wed 17 Jun '26   14:00","4,339.85","4,382.33","4,332.60","4,379.89","+39.94 (+0.92%)","0.00","0.00","4,312.08","4,339.09","4,310.32","4,308.78","4,346.66"
"Wed 17 Jun '26   10:00","4,329.57","4,345.27","4,319.86","4,339.95","+10.39 (+0.24%)","0.00","0.00","4,304.94","4,328.89","4,303.36","4,305.87","4,334.18"
"Wed 17 Jun '26   06:00","4,326.65","4,335.63","4,317.74","4,329.56","+2.92 (+0.07%)","0.00","0.00","4,301.26","4,326.13","4,299.70","4,304.48","4,331.81"
"Wed 17 Jun '26   02:00","4,340.94","4,344.45","4,317.73","4,326.64","−14.30 (−0.33%)","0.00","0.00","4,298.28","4,325.27","4,296.71","4,303.46","4,333.17"
"Tue 16 Jun '26   22:00","4,333.03","4,349.70","4,328.56","4,340.94","+9.97 (+0.23%)","0.00","0.00","4,295.29","4,324.93","4,293.72","4,302.51","4,340.94"
"Tue 16 Jun '26   18:00","4,340.35","4,342.91","4,329.59","4,330.97","−9.36 (−0.22%)","0.00","0.00","4,290.49","4,320.92","4,289.00","4,300.94","4,330.70"
"Tue 16 Jun '26   14:00","4,331.81","4,347.01","4,313.29","4,340.33","+8.53 (+0.20%)","0.00","0.00","4,286.23","4,318.41","4,284.80","4,299.72","4,330.66"
"Tue 16 Jun '26   10:00","4,345.27","4,354.90","4,331.66","4,331.80","−13.47 (−0.31%)","0.00","0.00","4,280.53","4,312.93","4,279.25","4,298.06","4,327.29"
"Tue 16 Jun '26   06:00","4,315.94","4,348.34","4,313.56","4,345.27","+29.31 (+0.68%)","0.00","0.00","4,275.14","4,308.21","4,274.00","4,296.68","4,325.55"
"Tue 16 Jun '26   02:00","4,313.56","4,333.18","4,307.64","4,315.96","+2.40 (+0.06%)","0.00","0.00","4,267.75","4,298.95","4,266.87","4,294.70","4,314.77"
"Mon 15 Jun '26   22:00","4,310.51","4,325.93","4,305.95","4,313.56","+4.78 (+0.11%)","0.00","0.00","4,262.68","4,294.69","4,261.96","4,293.83","4,313.56"
"Mon 15 Jun '26   18:00","4,324.88","4,328.10","4,306.49","4,308.78","−16.11 (−0.37%)","0.00","0.00","4,257.32","4,289.98","4,256.80","4,293.03","4,326.88"
"Mon 15 Jun '26   14:00","4,355.22","4,369.32","4,320.57","4,324.89","−30.32 (−0.70%)","0.00","0.00","4,251.91","4,285.28","4,251.60","4,292.38","4,329.08"
"Mon 15 Jun '26   10:00","4,336.69","4,368.74","4,324.67","4,355.21","+18.53 (+0.43%)","0.00","0.00","4,244.22","4,275.37","4,244.27","4,291.06","4,330.35"
"Mon 15 Jun '26   06:00","4,310.11","4,345.34","4,300.96","4,336.68","+26.56 (+0.62%)","0.00","0.00","4,232.54","4,255.42","4,233.18","4,288.44","4,321.63"
"Mon 15 Jun '26   02:00","4,316.86","4,335.49","4,307.55","4,310.12","−6.74 (−0.16%)","0.00","0.00","4,221.58","4,235.10","4,222.83","4,286.47","4,313.83"
"Sun 14 Jun '26   22:00","4,271.13","4,319.65","4,262.73","4,316.86","+98.22 (+2.33%)","0.00","0.00","4,212.26","4,216.34","4,214.10","4,285.50","4,316.86"
"Fri 12 Jun '26   18:00","4,221.47","4,235.47","4,201.92","4,218.64","−2.79 (−0.07%)","0.00","0.00","4,201.25","4,191.22","4,203.82","4,284.22","4,201.55"
"Fri 12 Jun '26   14:00","4,186.24","4,235.62","4,177.19","4,221.43","+35.18 (+0.84%)","0.00","0.00","4,199.42","4,184.36","4,202.34","4,286.90","4,199.57"
"Fri 12 Jun '26   10:00","4,221.91","4,225.61","4,182.94","4,186.25","−35.68 (−0.85%)","0.00","0.00","4,197.10","4,175.09","4,200.43","4,289.57","4,192.58"
"Fri 12 Jun '26   06:00","4,173.33","4,227.99","4,170.27","4,221.93","+48.61 (+1.16%)","0.00","0.00","4,198.24","4,172.30","4,201.85","4,293.79","4,194.81"
"Fri 12 Jun '26   02:00","4,186.86","4,204.94","4,170.78","4,173.32","−13.54 (−0.32%)","0.00","0.00","4,195.75","4,159.90","4,199.84","4,296.72","4,180.43"
"Thu 11 Jun '26   22:00","4,213.18","4,246.34","4,171.47","4,186.86","−24.55 (−0.58%)","0.00","0.00","4,198.11","4,156.54","4,202.50","4,301.76","4,186.86"
"Thu 11 Jun '26   18:00","4,151.90","4,220.06","4,131.33","4,211.41","+59.54 (+1.43%)","0.00","0.00","4,199.29","4,148.96","4,204.06","4,306.45","4,121.08"
"Thu 11 Jun '26   14:00","4,083.22","4,170.00","4,052.95","4,151.87","+68.64 (+1.68%)","1.00","0.00","4,198.02","4,133.35","4,203.33","4,310.33","4,107.26"
"Thu 11 Jun '26   10:00","4,091.63","4,095.96","4,057.64","4,083.23","−8.41 (−0.21%)","0.00","0.00","4,202.87","4,128.72","4,208.47","4,316.80","4,093.06"
"Thu 11 Jun '26   06:00","4,094.23","4,112.69","4,076.37","4,091.64","−2.66 (−0.06%)","0.00","0.00","4,215.47","4,140.09","4,220.99","4,326.33","4,096.32"
"Thu 11 Jun '26   02:00","4,101.99","4,106.29","4,052.60","4,094.30","−7.70 (−0.19%)","0.00","0.00","4,228.50","4,152.20","4,233.93","4,335.91","4,098.30"
"Wed 10 Jun '26   22:00","4,075.20","4,118.13","4,023.82","4,102.00","+31.46 (+0.77%)","0.00","0.00","4,242.63","4,166.68","4,247.89","4,345.77","4,102.00"
"Wed 10 Jun '26   18:00","4,111.77","4,120.55","4,067.16","4,070.54","−41.18 (−1.00%)","0.00","0.00","4,257.43","4,182.85","4,262.48","4,355.72","4,155.42"
"Wed 10 Jun '26   14:00","4,179.66","4,181.06","4,100.99","4,111.72","−67.94 (−1.63%)","0.00","0.00","4,277.11","4,210.92","4,281.68","4,367.36","4,167.24"
"Wed 10 Jun '26   10:00","4,168.76","4,186.30","4,130.73","4,179.66","+10.90 (+0.26%)","0.00","0.00","4,294.52","4,235.72","4,298.67","4,377.80","4,185.19"
"Wed 10 Jun '26   06:00","4,205.23","4,221.87","4,161.46","4,168.76","−36.48 (−0.87%)","0.00","0.00","4,306.61","4,249.74","4,310.57","4,385.88","4,187.42"
"Wed 10 Jun '26   02:00","4,188.76","4,209.07","4,172.60","4,205.24","+16.47 (+0.39%)","0.00","0.00","4,321.12","4,269.98","4,324.76","4,394.75","4,196.97"
"Tue 09 Jun '26   22:00","4,253.08","4,257.53","4,183.84","4,188.77","−71.58 (−1.68%)","0.00","0.00","4,333.31","4,286.17","4,336.71","4,402.48","4,188.77"
"Tue 09 Jun '26   18:00","4,263.29","4,274.30","4,249.99","4,260.35","−2.83 (−0.07%)","0.00","0.00","4,348.53","4,310.52","4,351.50","4,411.20","4,305.89"
"Tue 09 Jun '26   14:00","4,328.81","4,336.06","4,236.66","4,263.18","−65.76 (−1.52%)","0.00","0.00","4,357.81","4,323.06","4,360.62","4,417.36","4,313.10"
"Tue 09 Jun '26   10:00","4,332.21","4,363.47","4,325.23","4,328.94","−3.27 (−0.08%)","0.00","0.00","4,367.77","4,338.03","4,370.36","4,423.65","4,335.18"
"Tue 09 Jun '26   06:00","4,343.49","4,348.87","4,321.25","4,332.21","−11.27 (−0.26%)","0.00","0.00","4,371.86","4,340.30","4,374.50","4,427.52","4,337.37"
"Tue 09 Jun '26   02:00","4,336.57","4,351.50","4,324.28","4,343.48","+6.90 (+0.16%)","0.00","0.00","4,376.03","4,342.32","4,378.73","4,431.41","4,340.11"
"Mon 08 Jun '26   22:00","4,332.84","4,338.84","4,313.03","4,336.58","+6.70 (+0.15%)","0.00","0.00","4,379.46","4,342.03","4,382.26","4,435.00","4,336.58"
"Mon 08 Jun '26   18:00","4,339.23","4,345.95","4,323.37","4,329.88","−9.36 (−0.22%)","0.00","0.00","4,383.97","4,343.40","4,386.82","4,439.02","4,317.86"
"Mon 08 Jun '26   14:00","4,326.95","4,346.36","4,315.23","4,339.24","+12.28 (+0.28%)","0.00","0.00","4,389.67","4,346.77","4,392.52","4,443.47","4,316.49"
"Mon 08 Jun '26   10:00","4,294.35","4,346.69","4,286.26","4,326.96","+32.61 (+0.76%)","0.00","0.00","4,394.97","4,348.66","4,397.85","4,447.72","4,310.13"
"Mon 08 Jun '26   06:00","4,292.04","4,316.94","4,273.01","4,294.35","+2.30 (+0.05%)","0.00","0.00","4,402.13","4,354.08","4,404.93","4,452.65","4,304.39"
"Mon 08 Jun '26   02:00","4,325.78","4,330.80","4,268.52","4,292.05","−33.63 (−0.78%)","0.00","0.00","4,413.48","4,369.02","4,415.99","4,459.12","4,309.38"
"Sun 07 Jun '26   22:00","4,327.61","4,353.46","4,300.16","4,325.68","−2.29 (−0.05%)","0.00","0.00","4,426.26","4,388.26","4,428.39","4,465.93","4,325.68"
"Fri 05 Jun '26   18:00","4,341.80","4,342.17","4,311.81","4,327.97","−13.84 (−0.32%)","0.00","0.00","4,436.85","4,403.90","4,438.66","4,471.66","4,392.91"
"Fri 05 Jun '26   14:00","4,365.86","4,379.27","4,323.52","4,341.81","−24.00 (−0.55%)","0.00","0.00","4,448.31","4,422.88","4,449.73","4,477.52","4,404.33"
"Fri 05 Jun '26   10:00","4,464.95","4,475.80","4,365.70","4,365.81","−99.14 (−2.22%)","0.00","0.00","4,459.52","4,443.15","4,460.52","4,483.06","4,427.50"
"Fri 05 Jun '26   06:00","4,440.00","4,469.34","4,428.86","4,464.95","+24.95 (+0.56%)","0.00","0.00","4,469.38","4,462.49","4,469.99","4,487.85","4,450.76"
"Fri 05 Jun '26   02:00","4,446.80","4,455.00","4,435.27","4,440.00","−6.85 (−0.15%)","0.00","0.00","4,469.85","4,461.87","4,470.49","4,488.78","4,443.38"
"Thu 04 Jun '26   22:00","4,476.88","4,481.56","4,444.17","4,446.85","−28.78 (−0.64%)","0.00","0.00","4,472.99","4,467.34","4,473.54","4,490.77","4,446.85"
"Thu 04 Jun '26   18:00","4,478.21","4,483.45","4,472.81","4,475.63","−2.60 (−0.06%)","0.00","0.00","4,475.74","4,472.47","4,476.21","4,492.57","4,476.46"
"Thu 04 Jun '26   14:00","4,495.84","4,499.99","4,457.32","4,478.23","−17.63 (−0.39%)","0.00","0.00","4,475.76","4,471.68","4,476.27","4,493.26","4,476.54"
"Thu 04 Jun '26   10:00","4,470.44","4,515.47","4,464.37","4,495.86","+25.43 (+0.57%)","0.00","0.00","4,475.50","4,470.04","4,476.07","4,493.87","4,476.07"
"Thu 04 Jun '26   06:00","4,469.26","4,477.23","4,458.57","4,470.43","+1.16 (+0.03%)","0.00","0.00","4,473.35","4,463.58","4,474.09","4,493.79","4,468.47"
"Thu 04 Jun '26   02:00","4,465.82","4,484.05","4,455.64","4,469.27","+3.41 (+0.08%)","0.00","0.00","4,473.66","4,461.87","4,474.46","4,494.74","4,467.48"
"Wed 03 Jun '26   22:00","4,436.58","4,473.71","4,424.02","4,465.86","+31.88 (+0.72%)","0.00","0.00","4,474.12","4,460.02","4,474.98","4,495.78","4,465.86"
"Wed 03 Jun '26   18:00","4,439.04","4,452.27","4,430.53","4,433.98","−5.06 (−0.11%)","0.00","0.00","4,474.99","4,458.56","4,475.89","4,497.01","4,448.51"
"Wed 03 Jun '26   14:00","4,446.69","4,459.66","4,433.86","4,439.04","−7.79 (−0.18%)","0.00","0.00","4,479.31","4,464.70","4,480.08","4,499.58","4,450.40"
"Wed 03 Jun '26   10:00","4,443.10","4,468.07","4,426.41","4,446.83","+3.73 (+0.08%)","0.00","0.00","4,483.55","4,471.12","4,484.19","4,502.05","4,454.40"
"Wed 03 Jun '26   06:00","4,457.06","4,472.25","4,439.00","4,443.10","−13.96 (−0.31%)","0.00","0.00","4,487.41","4,477.19","4,487.92","4,504.30","4,457.75"
"Wed 03 Jun '26   02:00","4,475.81","4,488.19","4,456.71","4,457.06","−18.75 (−0.42%)","0.00","1.00","4,492.08","4,485.71","4,492.40","4,506.80","4,467.24"
"Tue 02 Jun '26   22:00","4,490.78","4,496.76","4,462.27","4,475.81","−12.46 (−0.28%)","0.00","0.00","4,495.76","4,492.87","4,495.94","4,508.83","4,475.81"
"Tue 02 Jun '26   18:00","4,484.65","4,491.08","4,478.75","4,488.27","+3.61 (+0.08%)","0.00","0.00","4,497.86","4,497.14","4,497.95","4,510.18","4,499.92"
"Tue 02 Jun '26   14:00","4,502.80","4,508.55","4,482.14","4,484.66","−18.14 (−0.40%)","0.00","0.00","4,498.87","4,499.35","4,498.92","4,511.07","4,501.19"
"Tue 02 Jun '26   10:00","4,529.87","4,534.68","4,502.71","4,502.80","−27.18 (−0.60%)","0.00","0.00","4,500.37","4,503.03","4,500.34","4,512.15","4,506.53"
"Tue 02 Jun '26   06:00","4,517.08","4,541.52","4,516.97","4,529.98","+12.91 (+0.29%)","0.00","0.00","4,500.11","4,503.09","4,500.10","4,512.53","4,507.84"
"Tue 02 Jun '26   02:00","4,474.08","4,528.23","4,472.40","4,517.07","+42.91 (+0.96%)","1.00","0.00","4,496.97","4,496.36","4,497.11","4,511.82","4,496.42"
"Mon 01 Jun '26   22:00","4,487.98","4,497.16","4,462.97","4,474.16","−9.91 (−0.22%)","0.00","0.00","4,494.85","4,491.18","4,495.12","4,511.61","4,474.16"
"Mon 01 Jun '26   18:00","4,487.59","4,490.21","4,479.17","4,484.07","−3.49 (−0.08%)","0.00","0.00","4,497.03","4,495.44","4,497.21","4,513.14","4,492.28"
"Mon 01 Jun '26   14:00","4,450.47","4,495.44","4,447.76","4,487.56","+37.12 (+0.83%)","0.00","0.00","4,498.39","4,498.28","4,498.52","4,514.32","4,493.08"
"Mon 01 Jun '26   10:00","4,496.06","4,512.96","4,448.95","4,450.44","−45.62 (−1.01%)","0.00","1.00","4,499.53","4,500.96","4,499.62","4,515.41","4,494.82"
"Mon 01 Jun '26   06:00","4,518.26","4,518.77","4,489.22","4,496.06","−22.20 (−0.49%)","0.00","0.00","4,504.70","4,513.60","4,504.54","4,518.07","4,512.79"
"Mon 01 Jun '26   02:00","4,525.55","4,534.63","4,508.64","4,518.26","−7.29 (−0.16%)","0.00","0.00","4,505.61","4,517.98","4,505.39","4,518.96","4,522.10"
"Sun 31 May '26   22:00","4,519.09","4,546.07","4,518.11","4,525.55","−15.68 (−0.35%)","0.00","0.00","4,504.28","4,517.91","4,504.10","4,518.99","4,525.55"
"Fri 29 May '26   18:00","4,553.50","4,561.72","4,539.66","4,541.23","−12.27 (−0.27%)","0.00","0.00","4,502.04","4,516.00","4,501.96","4,518.73","4,532.99"
"Fri 29 May '26   14:00","4,536.83","4,595.34","4,525.51","4,553.50","+16.68 (+0.37%)","0.00","0.00","4,497.91","4,509.69","4,498.03","4,517.81","4,531.98"
"Fri 29 May '26   10:00","4,531.17","4,543.34","4,512.80","4,536.82","+5.65 (+0.12%)","0.00","0.00","4,492.06","4,498.74","4,492.48","4,516.35","4,523.75"
"Fri 29 May '26   06:00","4,515.00","4,539.63","4,510.04","4,531.17","+16.15 (+0.36%)","0.00","0.00","4,487.35","4,489.22","4,488.05","4,515.51","4,518.43"
"Fri 29 May '26   02:00","4,506.55","4,515.83","4,494.90","4,515.02","+8.47 (+0.19%)","0.00","0.00","4,482.74","4,478.73","4,483.73","4,514.88","4,510.78"
"Thu 28 May '26   22:00","4,496.10","4,520.70","4,489.10","4,506.55","+10.16 (+0.23%)","0.00","0.00","4,479.34","4,469.66","4,480.61","4,514.87","4,506.55"
"Thu 28 May '26   18:00","4,508.97","4,516.57","4,494.97","4,496.39","−12.55 (−0.28%)","0.00","0.00","4,476.48","4,460.44","4,478.01","4,515.21","4,437.41"
"Thu 28 May '26   14:00","4,430.54","4,514.53","4,420.80","4,508.94","+78.35 (+1.77%)","1.00","0.00","4,474.38","4,451.45","4,476.17","4,515.98","4,431.20"
"Thu 28 May '26   10:00","4,393.65","4,439.09","4,375.43","4,430.59","+36.94 (+0.84%)","0.00","0.00","4,470.74","4,437.08","4,472.90","4,516.26","4,405.80"
"Thu 28 May '26   06:00","4,388.06","4,399.14","4,374.36","4,393.65","+5.58 (+0.13%)","0.00","0.00","4,474.97","4,438.71","4,477.13","4,519.76","4,396.28"
"Thu 28 May '26   02:00","4,410.06","4,412.70","4,366.43","4,388.07","−21.97 (−0.50%)","0.00","0.00","4,483.53","4,449.97","4,485.48","4,524.91","4,397.52"
"Wed 27 May '26   22:00","4,455.65","4,467.47","4,406.95","4,410.04","−46.04 (−1.03%)","0.00","0.00","4,493.58","4,465.44","4,495.22","4,530.49","4,410.04"
"Wed 27 May '26   18:00","4,450.41","4,458.88","4,447.74","4,456.08","+5.68 (+0.13%)","0.00","0.00","4,502.37","4,479.30","4,503.73","4,535.41","4,467.45"
"Wed 27 May '26   14:00","4,427.37","4,455.50","4,426.21","4,450.40","+22.97 (+0.52%)","0.00","0.00","4,507.25","4,485.10","4,508.50","4,538.65","4,468.51"
"Wed 27 May '26   10:00","4,490.23","4,490.62","4,401.47","4,427.43","−62.76 (−1.40%)","0.00","0.00","4,513.23","4,493.77","4,514.31","4,542.25","4,473.98"
"Wed 27 May '26   06:00","4,497.61","4,499.26","4,475.86","4,490.19","−7.43 (−0.17%)","0.00","0.00","4,522.26","4,510.36","4,523.00","4,546.94","4,498.15"
"Wed 27 May '26   02:00","4,508.02","4,517.33","4,491.77","4,497.62","−10.39 (−0.23%)","0.00","0.00","4,525.64","4,515.40","4,526.28","4,549.25","4,502.83"
"Tue 26 May '26   22:00","4,537.00","4,538.71","4,498.03","4,508.01","+0.90 (+0.02%)","0.00","0.00","4,528.59","4,519.85","4,529.14","4,551.36","4,508.01"
"Tue 26 May '26   18:00","4,490.96","4,510.54","4,482.60","4,507.11","+16.10 (+0.36%)","0.00","0.00","4,530.75","4,522.81","4,531.26","4,553.13","4,515.67"
"Tue 26 May '26   14:00","4,514.14","4,524.99","4,489.88","4,491.01","−23.05 (−0.51%)","0.00","1.00","4,533.24","4,526.73","4,533.67","4,555.01","4,516.61"
"Tue 26 May '26   10:00","4,522.74","4,540.56","4,500.73","4,514.06","−8.68 (−0.19%)","0.00","0.00","4,537.69","4,535.66","4,537.94","4,557.62","4,524.47"
"Tue 26 May '26   06:00","4,527.29","4,539.03","4,512.14","4,522.74","−4.57 (−0.10%)","0.00","0.00","4,540.18","4,541.06","4,540.32","4,559.40","4,528.98"
"Tue 26 May '26   02:00","4,537.06","4,545.44","4,523.03","4,527.31","−9.74 (−0.21%)","0.00","0.00","4,542.01","4,545.64","4,542.08","4,560.90","4,532.62"
"Mon 25 May '26   22:00","4,570.19","4,580.19","4,527.69","4,537.05","−33.81 (−0.74%)","0.00","0.00","4,543.56","4,550.23","4,543.56","4,562.27","4,537.05"
"Mon 25 May '26   18:00","4,565.19","4,571.52","4,564.49","4,570.86","+5.68 (+0.12%)","0.00","0.00","4,544.24","4,553.52","4,544.21","4,563.30","4,562.48"
"Mon 25 May '26   14:00","4,563.14","4,577.97","4,562.41","4,565.18","+2.03 (+0.04%)","0.00","0.00","4,541.44","4,549.18","4,541.55","4,562.99","4,562.39"
"Mon 25 May '26   10:00","4,567.68","4,577.04","4,553.03","4,563.15","−4.51 (−0.10%)","0.00","0.00","4,538.94","4,545.19","4,539.18","4,562.90","4,561.90"
"Mon 25 May '26   06:00","4,553.40","4,569.14","4,550.48","4,567.66","+14.26 (+0.31%)","0.00","0.00","4,536.39","4,540.69","4,536.79","4,562.89","4,561.52"
"Mon 25 May '26   02:00","4,562.90","4,570.24","4,551.99","4,553.40","−9.50 (−0.21%)","0.00","0.00","4,533.10","4,533.95","4,533.70","4,562.69","4,558.68"
"Sun 24 May '26   22:00","4,531.85","4,579.95","4,531.85","4,562.90","+54.88 (+1.22%)","0.00","0.00","4,530.97","4,529.09","4,531.73","4,563.07","4,562.90"
"Fri 22 May '26   18:00","4,519.26","4,520.13","4,504.23","4,508.02","−11.22 (−0.25%)","0.00","0.00","4,527.61","4,520.64","4,528.61","4,563.08","4,519.22"
"Fri 22 May '26   14:00","4,513.95","4,527.84","4,491.89","4,519.24","+5.41 (+0.12%)","0.00","0.00","4,529.67","4,523.79","4,530.67","4,565.33","4,520.58"
"Fri 22 May '26   10:00","4,532.24","4,536.89","4,510.27","4,513.83","−18.41 (−0.41%)","0.00","0.00","4,530.77","4,524.93","4,531.81","4,567.21","4,521.02"
"Fri 22 May '26   06:00","4,511.45","4,536.05","4,510.06","4,532.24","+20.94 (+0.46%)","0.00","0.00","4,532.55","4,527.71","4,533.61","4,569.39","4,524.08"
"Fri 22 May '26   02:00","4,526.37","4,534.29","4,507.43","4,511.30","−15.12 (−0.33%)","0.00","0.00","4,532.58","4,526.57","4,533.75","4,570.90","4,518.70"
"Thu 21 May '26   22:00","4,544.22","4,546.05","4,521.15","4,526.42","−16.21 (−0.36%)","0.00","0.00","4,534.82","4,530.39","4,535.99","4,573.33","4,526.42"
"Thu 21 May '26   18:00","4,551.55","4,556.17","4,527.53","4,542.63","−8.91 (−0.20%)","0.00","0.00","4,535.70","4,531.39","4,536.95","4,575.25","4,537.01"
"Thu 21 May '26   14:00","4,513.39","4,559.37","4,496.75","4,551.54","+38.17 (+0.85%)","0.00","0.00","4,534.98","4,528.57","4,536.38","4,576.58","4,536.25"
"Thu 21 May '26   10:00","4,530.69","4,535.30","4,488.65","4,513.37","−17.32 (−0.38%)","0.00","0.00","4,533.23","4,522.83","4,534.87","4,577.60","4,531.06"
"Thu 21 May '26   06:00","4,527.94","4,543.00","4,512.06","4,530.69","+2.72 (+0.06%)","0.00","0.00","4,535.32","4,525.20","4,537.02","4,580.22","4,539.02"
"Thu 21 May '26   02:00","4,561.06","4,564.96","4,518.55","4,527.97","−33.10 (−0.73%)","0.00","0.00","4,535.81","4,523.83","4,537.65","4,582.25","4,544.08"
"Wed 20 May '26   22:00","4,545.44","4,570.74","4,534.67","4,561.07","+17.23 (+0.38%)","0.00","0.00","4,536.64","4,522.79","4,538.62","4,584.46","4,561.07"
"Wed 20 May '26   18:00","4,531.53","4,550.43","4,529.57","4,543.84","+12.37 (+0.27%)","1.00","0.00","4,534.06","4,513.22","4,536.37","4,585.42","4,498.30"
"Wed 20 May '26   14:00","4,483.14","4,552.76","4,467.13","4,531.47","+48.38 (+1.08%)","0.00","0.00","4,533.03","4,505.56","4,535.62","4,587.11","4,493.04"
"Wed 20 May '26   10:00","4,484.98","4,506.26","4,482.08","4,483.09","−1.90 (−0.04%)","0.00","0.00","4,533.20","4,499.09","4,536.04","4,589.38","4,480.49"
"Wed 20 May '26   06:00","4,472.82","4,491.13","4,461.49","4,484.99","+12.18 (+0.27%)","0.00","0.00","4,538.47","4,503.09","4,541.34","4,593.72","4,479.63"
"Wed 20 May '26   02:00","4,481.37","4,487.02","4,453.65","4,472.81","−8.55 (−0.19%)","0.00","0.00","4,544.10","4,507.61","4,546.97","4,598.16","4,476.85"
"Tue 19 May '26   22:00","4,482.91","4,508.87","4,456.09","4,481.36","−0.60 (−0.01%)","0.00","0.00","4,551.61","4,516.31","4,554.39","4,603.28","4,481.36"
"Tue 19 May '26   18:00","4,500.89","4,503.75","4,481.02","4,481.96","−18.93 (−0.42%)","0.00","0.00","4,559.00","4,525.05","4,561.69","4,608.25","4,522.13"
"Tue 19 May '26   14:00","4,503.99","4,514.14","4,484.56","4,500.89","−3.32 (−0.07%)","0.00","0.00","4,567.11","4,535.82","4,569.66","4,613.41","4,527.04"
"Tue 19 May '26   10:00","4,541.87","4,547.97","4,464.94","4,504.21","−37.65 (−0.83%)","0.00","0.00","4,574.08","4,544.56","4,576.54","4,618.00","4,535.41"
"Tue 19 May '26   06:00","4,540.93","4,559.38","4,533.53","4,541.86","+0.95 (+0.02%)","0.00","0.00","4,581.44","4,554.64","4,583.77","4,622.65","4,548.12"
"Tue 19 May '26   02:00","4,563.91","4,563.91","4,530.97","4,540.91","−22.99 (−0.50%)","0.00","0.00","4,585.60","4,557.84","4,587.96","4,625.94","4,551.67"
"Mon 18 May '26   22:00","4,567.97","4,589.37","4,554.21","4,563.90","−2.29 (−0.05%)","0.00","0.00","4,590.31","4,562.07","4,592.67","4,629.41","4,563.90"
"Mon 18 May '26   18:00","4,547.04","4,566.71","4,534.35","4,566.19","+19.14 (+0.42%)","0.00","0.00","4,593.09","4,561.61","4,595.54","4,632.09","4,547.04"
"Mon 18 May '26   14:00","4,575.76","4,575.76","4,531.86","4,547.05","−28.68 (−0.63%)","0.00","0.00","4,595.92","4,560.47","4,598.48","4,634.78","4,544.73"
"Mon 18 May '26   10:00","4,542.98","4,584.26","4,530.13","4,575.73","+32.74 (+0.72%)","0.00","0.00","4,601.06","4,563.82","4,603.62","4,638.36","4,544.07"
"Mon 18 May '26   06:00","4,530.94","4,560.00","4,529.81","4,542.99","+12.02 (+0.27%)","0.00","0.00","4,603.73","4,560.84","4,606.41","4,640.91","4,532.74"
"Mon 18 May '26   02:00","4,525.48","4,552.05","4,522.15","4,530.97","+5.52 (+0.12%)","0.00","0.00","4,610.12","4,565.31","4,612.75","4,644.91","4,528.16"
"Sun 17 May '26   22:00","4,538.71","4,555.09","4,480.36","4,525.45","−13.32 (−0.29%)","0.00","0.00","4,618.46","4,573.89","4,620.93","4,649.56","4,525.45"
"Fri 15 May '26   18:00","4,559.58","4,563.06","4,533.18","4,538.77","−20.83 (−0.46%)","0.00","0.00","4,628.25","4,586.00","4,630.48","4,654.63","4,558.04"
"Fri 15 May '26   14:00","4,533.51","4,566.62","4,525.42","4,559.60","+26.10 (+0.58%)","0.00","0.00","4,637.67","4,597.81","4,639.65","4,659.36","4,560.27"
"Fri 15 May '26   10:00","4,545.80","4,572.56","4,511.78","4,533.50","−12.33 (−0.27%)","0.00","0.00","4,645.88","4,607.36","4,647.66","4,663.43","4,560.46"
"Fri 15 May '26   06:00","4,558.89","4,588.73","4,532.01","4,545.83","−13.05 (−0.29%)","0.00","0.00","4,657.71","4,625.82","4,659.07","4,668.73","4,570.62"
"Fri 15 May '26   02:00","4,614.09","4,623.50","4,558.03","4,558.88","−54.98 (−1.19%)","0.00","0.00","4,669.49","4,645.82","4,670.40","4,673.75","4,585.30"
"Thu 14 May '26   22:00","4,652.88","4,665.37","4,607.26","4,613.86","−37.34 (−0.80%)","0.00","0.00","4,681.13","4,667.56","4,681.55","4,678.44","4,613.86"
"Thu 14 May '26   18:00","4,678.27","4,678.43","4,644.40","4,651.20","−27.07 (−0.58%)","0.00","1.00","4,688.21","4,680.98","4,688.32","4,681.07","4,682.92"
"Thu 14 May '26   14:00","4,679.59","4,700.95","4,670.38","4,678.27","−1.25 (−0.03%)","0.00","0.00","4,692.11","4,688.42","4,692.03","4,682.29","4,686.68"
"Thu 14 May '26   10:00","4,699.63","4,710.12","4,666.75","4,679.52","−20.10 (−0.43%)","0.00","0.00","4,693.57","4,690.96","4,693.40","4,682.45","4,689.25"
"Thu 14 May '26   06:00","4,689.76","4,718.90","4,686.21","4,699.62","+9.86 (+0.21%)","0.00","0.00","4,695.05","4,693.82","4,694.79","4,682.57","4,693.01"
"Thu 14 May '26   02:00","4,688.81","4,712.72","4,668.76","4,689.76","+0.99 (+0.02%)","0.00","0.00","4,694.56","4,692.37","4,694.31","4,681.88","4,689.31"
"Wed 13 May '26   22:00","4,691.97","4,707.03","4,683.64","4,688.77","+0.08 (+0.00%)","0.00","0.00","4,695.07","4,693.03","4,694.76","4,681.56","4,688.77"
"Wed 13 May '26   18:00","4,685.71","4,694.10","4,677.71","4,688.69","+3.05 (+0.07%)","0.00","0.00","4,695.73","4,694.09","4,695.36","4,681.26","4,692.67"
"Wed 13 May '26   14:00","4,679.40","4,709.96","4,672.96","4,685.64","+6.28 (+0.13%)","0.00","0.00","4,696.48","4,695.44","4,696.03","4,680.96","4,693.13"
"Wed 13 May '26   10:00","4,700.95","4,710.54","4,669.49","4,679.36","−21.59 (−0.46%)","0.00","0.00","4,697.62","4,697.89","4,697.07","4,680.77","4,695.55"
"Wed 13 May '26   06:00","4,704.04","4,715.45","4,686.04","4,700.95","−3.09 (−0.07%)","0.00","0.00","4,699.54","4,702.53","4,698.84","4,680.83","4,702.48"
"Wed 13 May '26   02:00","4,702.56","4,707.67","4,687.67","4,704.04","+1.48 (+0.03%)","0.00","0.00","4,699.39","4,702.92","4,698.63","4,680.00","4,703.28"
"Tue 12 May '26   22:00","4,715.98","4,726.90","4,701.19","4,702.56","−12.52 (−0.27%)","0.00","0.00","4,698.90","4,702.64","4,698.09","4,679.02","4,702.56"
"Tue 12 May '26   18:00","4,678.88","4,719.36","4,676.31","4,715.08","+36.20 (+0.77%)","0.00","0.00","4,698.51","4,702.66","4,697.64","4,678.06","4,699.34"
"Tue 12 May '26   14:00","4,679.27","4,695.15","4,638.40","4,678.88","−0.32 (−0.01%)","0.00","0.00","4,696.77","4,699.56","4,695.90","4,676.55","4,697.38"
"Tue 12 May '26   10:00","4,699.52","4,711.62","4,677.03","4,679.20","−20.32 (−0.43%)","0.00","0.00","4,698.65","4,704.73","4,697.60","4,676.46","4,703.44"
"Tue 12 May '26   06:00","4,714.35","4,714.46","4,687.41","4,699.52","−14.86 (−0.32%)","0.00","0.00","4,700.70","4,711.11","4,699.44","4,676.34","4,713.44"
"Tue 12 May '26   02:00","4,727.19","4,733.97","4,708.78","4,714.38","−12.81 (−0.27%)","0.00","0.00","4,700.83","4,714.01","4,699.43","4,675.40","4,720.77"
"Mon 11 May '26   22:00","4,737.29","4,773.55","4,720.38","4,727.19","−7.97 (−0.17%)","0.00","0.00","4,699.40","4,713.92","4,697.94","4,673.81","4,727.19"
"Mon 11 May '26   18:00","4,723.72","4,738.59","4,720.99","4,735.16","+11.43 (+0.24%)","0.00","0.00","4,696.47","4,710.60","4,695.01","4,671.63","4,697.66"
"Mon 11 May '26   14:00","4,736.12","4,738.55","4,708.08","4,723.73","−12.45 (−0.26%)","0.00","0.00","4,692.40","4,704.46","4,691.00","4,669.04","4,693.73"
"Mon 11 May '26   10:00","4,656.80","4,748.58","4,656.45","4,736.18","+79.38 (+1.70%)","1.00","0.00","4,689.10","4,699.65","4,687.72","4,666.80","4,685.06"
"Mon 11 May '26   06:00","4,652.32","4,680.47","4,649.33","4,656.80","+4.44 (+0.10%)","0.00","0.00","4,684.15","4,690.51","4,682.88","4,663.97","4,665.31"
"Mon 11 May '26   02:00","4,685.74","4,700.23","4,648.18","4,652.36","−33.37 (−0.71%)","0.00","1.00","4,687.03","4,698.94","4,685.48","4,664.26","4,669.44"
"Sun 10 May '26   22:00","4,685.31","4,705.55","4,670.35","4,685.73","−30.00 (−0.64%)","0.00","0.00","4,690.68","4,710.59","4,688.80","4,664.75","4,685.73"
"Fri 08 May '26   18:00","4,720.91","4,729.02","4,714.69","4,715.73","−5.18 (−0.11%)","0.00","0.00","4,691.20","4,716.80","4,689.10","4,663.89","4,725.62"
"Fri 08 May '26   14:00","4,747.94","4,749.41","4,702.02","4,720.91","−27.10 (−0.57%)","0.00","0.00","4,688.61","4,717.07","4,686.44","4,661.78","4,726.56"
"Fri 08 May '26   10:00","4,711.93","4,748.07","4,702.89","4,748.01","+36.07 (+0.77%)","0.00","0.00","4,685.21","4,716.11","4,682.99","4,659.36","4,728.25"
"Fri 08 May '26   06:00","4,727.56","4,734.62","4,697.18","4,711.94","−15.63 (−0.33%)","0.00","0.00","4,678.60","4,708.13","4,676.49","4,655.75","4,720.28"
"Fri 08 May '26   02:00","4,722.97","4,732.77","4,707.00","4,727.57","+4.66 (+0.10%)","0.00","0.00","4,675.10","4,707.18","4,672.95","4,653.45","4,725.28"
"Thu 07 May '26   22:00","4,680.69","4,725.43","4,677.34","4,722.91","+34.44 (+0.73%)","0.00","0.00","4,669.57","4,702.08","4,667.48","4,650.43","4,722.91"
"Thu 07 May '26   18:00","4,711.54","4,719.21","4,686.38","4,688.47","−23.10 (−0.49%)","0.00","0.00","4,663.96","4,696.88","4,661.94","4,647.47","4,716.76"
"Thu 07 May '26   14:00","4,746.38","4,764.79","4,687.80","4,711.57","−34.81 (−0.73%)","0.00","0.00","4,661.38","4,698.98","4,659.29","4,645.80","4,721.59"
"Thu 07 May '26   10:00","4,729.10","4,758.25","4,726.71","4,746.38","+17.25 (+0.36%)","0.00","0.00","4,656.09","4,695.83","4,654.06","4,643.11","4,725.46"
"Thu 07 May '26   06:00","4,701.08","4,753.54","4,701.07","4,729.13","+28.06 (+0.60%)","0.00","0.00","4,646.59","4,683.19","4,644.83","4,638.90","4,716.76"
"Thu 07 May '26   02:00","4,714.81","4,718.56","4,692.52","4,701.07","−13.73 (−0.29%)","0.00","0.00","4,637.90","4,671.71","4,636.40","4,635.21","4,708.01"
"Wed 06 May '26   22:00","4,693.63","4,721.36","4,685.32","4,714.80","+24.13 (+0.51%)","0.00","0.00","4,631.25","4,664.37","4,629.93","4,632.52","4,714.80"
"Wed 06 May '26   18:00","4,684.08","4,700.20","4,681.93","4,690.67","+6.59 (+0.14%)","0.00","0.00","4,622.46","4,651.76","4,621.45","4,629.17","4,680.16"
"Wed 06 May '26   14:00","4,702.17","4,717.50","4,678.97","4,684.08","−18.10 (−0.38%)","0.00","0.00","4,615.28","4,642.04","4,614.52","4,626.66","4,679.06"
"Wed 06 May '26   10:00","4,701.87","4,722.96","4,660.39","4,702.18","+0.33 (+0.01%)","0.00","0.00","4,608.04","4,631.53","4,607.57","4,624.31","4,677.54"
"Wed 06 May '26   06:00","4,663.02","4,708.55","4,657.15","4,701.85","+38.83 (+0.83%)","0.00","0.00","4,598.13","4,613.86","4,598.11","4,621.13","4,665.67"
"Wed 06 May '26   02:00","4,625.85","4,663.86","4,625.37","4,663.02","+36.97 (+0.80%)","0.00","0.00","4,587.21","4,591.86","4,587.73","4,617.84","4,643.66"
"Tue 05 May '26   22:00","4,558.93","4,628.65","4,546.35","4,626.05","+69.78 (+1.53%)","1.00","0.00","4,579.23","4,574.08","4,580.20","4,616.00","4,626.05"
"Tue 05 May '26   18:00","4,559.86","4,565.77","4,551.62","4,556.27","−3.60 (−0.08%)","0.00","0.00","4,574.30","4,561.08","4,575.62","4,615.58","4,558.78"
"Tue 05 May '26   14:00","4,581.03","4,586.61","4,553.29","4,559.87","−19.57 (−0.43%)","0.00","0.00","4,576.20","4,562.29","4,577.55","4,618.01","4,559.08"
"Tue 05 May '26   10:00","4,556.30","4,584.98","4,539.92","4,579.44","+23.14 (+0.51%)","0.00","0.00","4,577.92","4,562.89","4,579.32","4,620.38","4,558.80"
"Tue 05 May '26   06:00","4,545.76","4,560.48","4,533.84","4,556.30","+10.54 (+0.23%)","0.00","0.00","4,577.75","4,558.75","4,579.31","4,622.05","4,548.78"
"Tue 05 May '26   02:00","4,540.98","4,551.72","4,528.07","4,545.76","+4.79 (+0.11%)","0.00","0.00","4,580.01","4,559.36","4,581.61","4,624.73","4,543.42"
"Mon 04 May '26   22:00","4,524.32","4,542.30","4,513.65","4,540.97","+17.74 (+0.39%)","0.00","0.00","4,583.62","4,562.76","4,585.20","4,627.96","4,540.97"
"Mon 04 May '26   18:00","4,522.34","4,527.19","4,509.94","4,523.23","+0.88 (+0.02%)","0.00","0.00","4,588.11","4,568.21","4,589.62","4,631.51","4,562.74"
"Mon 04 May '26   14:00","4,564.09","4,583.27","4,500.74","4,522.35","−41.73 (−0.91%)","0.00","1.00","4,594.94","4,579.46","4,596.26","4,635.93","4,567.54"
"Mon 04 May '26   10:00","4,575.49","4,579.35","4,526.07","4,564.08","−11.42 (−0.25%)","0.00","0.00","4,602.58","4,593.74","4,603.65","4,640.56","4,584.64"
"Mon 04 May '26   06:00","4,599.06","4,600.76","4,572.42","4,575.50","−23.58 (−0.51%)","0.00","0.00","4,606.63","4,601.15","4,607.61","4,643.68","4,594.90"
"Mon 04 May '26   02:00","4,613.10","4,618.55","4,591.12","4,599.08","−14.00 (−0.30%)","0.00","0.00","4,609.91","4,607.56","4,610.82","4,646.47","4,605.90"
"Sun 03 May '26   22:00","4,635.71","4,636.54","4,592.75","4,613.08","−2.53 (−0.05%)","0.00","0.00","4,611.05","4,609.68","4,611.99","4,648.40","4,613.08"
"Fri 01 May '26   18:00","4,629.55","4,630.71","4,607.04","4,615.61","−13.93 (−0.30%)","0.00","0.00","4,610.83","4,608.83","4,611.88","4,649.84","4,611.35"
"Fri 01 May '26   14:00","4,625.74","4,660.21","4,619.12","4,629.54","+3.80 (+0.08%)","0.00","0.00","4,610.33","4,607.14","4,611.51","4,651.24","4,610.74"
"Fri 01 May '26   10:00","4,562.78","4,628.88","4,561.45","4,625.74","+62.98 (+1.38%)","0.00","0.00","4,608.31","4,601.54","4,609.71","4,652.13","4,603.36"
"Fri 01 May '26   06:00","4,604.93","4,607.87","4,560.21","4,562.76","−42.17 (−0.92%)","0.00","0.00","4,606.47","4,595.49","4,608.10","4,653.20","4,593.31"
"Fri 01 May '26   02:00","4,620.98","4,636.03","4,602.99","4,604.93","−16.05 (−0.35%)","0.00","0.00","4,611.07","4,603.67","4,612.64","4,656.89","4,613.13"
"Thu 30 Apr '26   22:00","4,634.61","4,635.80","4,613.95","4,620.98","+0.45 (+0.01%)","0.00","0.00","4,611.72","4,603.36","4,613.41","4,659.02","4,620.98"
"Thu 30 Apr '26   18:00","4,616.86","4,627.40","4,614.60","4,620.53","+3.66 (+0.08%)","0.00","0.00","4,610.75","4,598.96","4,612.65","4,660.57","4,604.09"
"Thu 30 Apr '26   14:00","4,610.99","4,625.99","4,605.43","4,616.87","+5.81 (+0.13%)","0.00","0.00","4,609.72","4,593.56","4,611.86","4,662.20","4,602.09"
"Thu 30 Apr '26   10:00","4,625.22","4,646.90","4,610.64","4,611.06","−14.15 (−0.31%)","0.00","0.00","4,608.96","4,587.73","4,611.36","4,664.05","4,597.66"
"Thu 30 Apr '26   06:00","4,562.74","4,631.85","4,560.21","4,625.21","+62.55 (+1.37%)","1.00","0.00","4,608.74","4,581.90","4,611.39","4,666.22","4,591.84"
"Thu 30 Apr '26   02:00","4,579.17","4,581.95","4,540.90","4,562.66","−16.52 (−0.36%)","0.00","0.00","4,607.01","4,571.08","4,610.01","4,667.89","4,570.41"
"Wed 29 Apr '26   22:00","4,545.75","4,582.54","4,539.33","4,579.18","+35.69 (+0.79%)","0.00","0.00","4,611.68","4,573.18","4,614.74","4,672.18","4,579.18"
"Wed 29 Apr '26   18:00","4,547.83","4,553.62","4,518.25","4,543.49","−4.28 (−0.09%)","0.00","0.00","4,615.10","4,571.68","4,618.30","4,675.98","4,553.75"
"Wed 29 Apr '26   14:00","4,521.87","4,564.96","4,517.90","4,547.77","+25.90 (+0.57%)","0.00","0.00","4,622.64","4,578.73","4,625.78","4,681.39","4,555.70"
"Wed 29 Apr '26   10:00","4,555.65","4,576.64","4,510.26","4,521.87","−33.83 (−0.74%)","0.00","0.00","4,630.52","4,586.47","4,633.58","4,686.84","4,558.55"
"Wed 29 Apr '26   06:00","4,591.06","4,598.72","4,551.63","4,555.70","−35.36 (−0.77%)","0.00","0.00","4,641.95","4,602.62","4,644.75","4,693.58","4,574.59"
"Wed 29 Apr '26   02:00","4,584.94","4,607.74","4,584.94","4,591.06","+6.13 (+0.13%)","0.00","0.00","4,651.03","4,614.35","4,653.66","4,699.20","4,588.08"
"Tue 28 Apr '26   22:00","4,597.01","4,610.35","4,576.15","4,584.93","−11.55 (−0.25%)","0.00","0.00","4,657.34","4,620.17","4,659.92","4,703.62","4,584.93"
"Tue 28 Apr '26   18:00","4,594.78","4,600.55","4,591.21","4,596.48","+1.71 (+0.04%)","0.00","0.00","4,664.97","4,628.98","4,667.42","4,708.46","4,608.05"
"Tue 28 Apr '26   14:00","4,580.43","4,601.59","4,557.35","4,594.77","+14.33 (+0.31%)","0.00","0.00","4,672.18","4,637.10","4,674.51","4,713.03","4,609.32"
"Tue 28 Apr '26   10:00","4,604.79","4,616.59","4,554.97","4,580.44","−24.34 (−0.53%)","0.00","0.00","4,680.32","4,647.69","4,682.49","4,717.86","4,614.29"
"Tue 28 Apr '26   06:00","4,632.24","4,642.99","4,604.61","4,604.78","−27.44 (−0.59%)","0.00","0.00","4,690.84","4,664.50","4,692.69","4,723.47","4,630.81"
"Tue 28 Apr '26   02:00","4,670.75","4,679.75","4,623.94","4,632.22","−38.53 (−0.82%)","0.00","0.00","4,699.90","4,679.43","4,701.48","4,728.31","4,649.55"
"Mon 27 Apr '26   22:00","4,684.97","4,701.43","4,669.42","4,670.75","−9.16 (−0.20%)","0.00","0.00","4,707.02","4,691.23","4,708.41","4,732.23","4,670.75"
"Mon 27 Apr '26   18:00","4,682.17","4,685.50","4,676.71","4,679.91","−2.24 (−0.05%)","0.00","0.00","4,710.84","4,696.35","4,712.17","4,734.74","4,695.98"
"Mon 27 Apr '26   14:00","4,696.19","4,696.70","4,667.24","4,682.15","−14.05 (−0.30%)","0.00","0.00","4,714.10","4,700.46","4,715.40","4,736.98","4,697.60"
"Mon 27 Apr '26   10:00","4,703.64","4,712.64","4,689.27","4,696.20","−7.43 (−0.16%)","0.00","0.00","4,717.46","4,705.04","4,718.72","4,739.22","4,702.80"
"Mon 27 Apr '26   06:00","4,710.12","4,718.38","4,699.57","4,703.63","−6.47 (−0.14%)","0.00","0.00","4,719.70","4,707.25","4,720.98","4,740.98","4,705.31"
"Mon 27 Apr '26   02:00","4,702.69","4,730.05","4,696.30","4,710.10","+7.41 (+0.16%)","0.00","0.00","4,721.39","4,708.15","4,722.71","4,742.50","4,706.18"
"Sun 26 Apr '26   22:00","4,701.37","4,709.84","4,672.20","4,702.69","−4.72 (−0.10%)","0.00","0.00","4,722.58","4,707.66","4,723.97","4,743.82","4,702.69"
"Fri 24 Apr '26   18:00","4,723.45","4,726.09","4,705.37","4,707.41","−16.04 (−0.34%)","0.00","0.00","4,724.67","4,708.91","4,726.10","4,745.50","4,703.11"
"Fri 24 Apr '26   14:00","4,711.71","4,740.32","4,706.96","4,723.45","+11.59 (+0.25%)","0.00","0.00","4,726.48","4,709.28","4,727.97","4,747.06","4,702.62"
"Fri 24 Apr '26   10:00","4,682.06","4,717.43","4,674.69","4,711.86","+29.77 (+0.64%)","0.00","0.00","4,726.80","4,705.74","4,728.42","4,748.02","4,695.87"
"Fri 24 Apr '26   06:00","4,686.44","4,697.48","4,666.86","4,682.09","−4.35 (−0.09%)","0.00","0.00","4,728.38","4,704.21","4,730.08","4,749.50","4,689.03"
"Fri 24 Apr '26   02:00","4,699.59","4,700.70","4,657.83","4,686.44","−13.16 (−0.28%)","0.00","0.00","4,733.25","4,709.74","4,734.88","4,752.25","4,692.67"
"Thu 23 Apr '26   22:00","4,702.48","4,711.16","4,687.00","4,699.60","+6.65 (+0.14%)","0.00","0.00","4,738.18","4,715.56","4,739.72","4,754.93","4,699.60"
"Thu 23 Apr '26   18:00","4,709.46","4,722.18","4,686.55","4,692.95","−16.49 (−0.35%)","0.00","0.00","4,742.24","4,719.55","4,743.73","4,757.19","4,710.80"
"Thu 23 Apr '26   14:00","4,724.44","4,741.05","4,664.26","4,709.44","−15.01 (−0.32%)","0.00","0.00","4,747.43","4,726.21","4,748.81","4,759.81","4,713.54"
"Thu 23 Apr '26   10:00","4,697.66","4,743.16","4,684.32","4,724.45","+26.79 (+0.57%)","0.00","0.00","4,751.42","4,730.40","4,752.75","4,761.87","4,714.94"
"Thu 23 Apr '26   06:00","4,713.57","4,724.91","4,694.73","4,697.66","−15.99 (−0.34%)","0.00","0.00","4,754.26","4,731.88","4,755.58","4,763.40","4,711.11"
"Thu 23 Apr '26   02:00","4,723.34","4,724.81","4,692.48","4,713.65","−9.69 (−0.21%)","0.00","0.00","4,760.22","4,740.44","4,761.37","4,766.08","4,718.30"
"Wed 22 Apr '26   22:00","4,743.18","4,753.69","4,694.33","4,723.34","−16.12 (−0.34%)","0.00","0.00","4,765.12","4,747.14","4,766.14","4,768.22","4,723.34"
"Wed 22 Apr '26   18:00","4,737.21","4,749.41","4,729.97","4,739.46","+2.25 (+0.05%)","0.00","0.00","4,769.52","4,753.09","4,770.42","4,770.05","4,750.04"
"Wed 22 Apr '26   14:00","4,753.01","4,757.51","4,723.94","4,737.21","−15.80 (−0.33%)","0.00","0.00","4,772.69","4,756.50","4,773.52","4,771.30","4,751.40"
"Wed 22 Apr '26   10:00","4,755.27","4,760.91","4,736.49","4,753.01","−2.26 (−0.05%)","0.00","0.00","4,776.42","4,761.32","4,777.15","4,772.69","4,756.57"
"Wed 22 Apr '26   06:00","4,767.80","4,772.38","4,751.95","4,755.27","−12.51 (−0.26%)","0.00","0.00","4,778.89","4,763.39","4,779.56","4,773.50","4,758.13"
"Wed 22 Apr '26   02:00","4,752.26","4,772.08","4,750.16","4,767.78","+15.52 (+0.33%)","0.00","0.00","4,781.37","4,765.42","4,781.99","4,774.24","4,759.66"
"Tue 21 Apr '26   22:00","4,722.08","4,754.71","4,715.65","4,752.26","+33.44 (+0.71%)","0.00","0.00","4,782.80","4,764.84","4,783.41","4,774.50","4,752.26"
"Tue 21 Apr '26   18:00","4,711.15","4,719.39","4,668.33","4,718.82","+7.62 (+0.16%)","0.00","0.00","4,786.02","4,767.98","4,786.53","4,775.41","4,757.56"
"Tue 21 Apr '26   14:00","4,779.14","4,782.60","4,697.04","4,711.20","−67.94 (−1.42%)","0.00","0.00","4,793.09","4,780.27","4,793.30","4,777.72","4,765.03"
"Tue 21 Apr '26   10:00","4,783.81","4,798.01","4,761.29","4,779.14","−4.59 (−0.10%)","0.00","0.00","4,801.71","4,797.54","4,801.51","4,780.44","4,788.18"
"Tue 21 Apr '26   06:00","4,784.14","4,792.97","4,772.77","4,783.73","−0.41 (−0.01%)","0.00","0.00","4,804.09","4,802.14","4,803.74","4,780.49","4,792.09"
"Tue 21 Apr '26   02:00","4,810.23","4,810.44","4,783.25","4,784.14","−26.09 (−0.54%)","0.00","1.00","4,806.23","4,806.74","4,805.74","4,780.36","4,797.31"
"Mon 20 Apr '26   22:00","4,824.16","4,833.16","4,805.85","4,810.23","−10.42 (−0.22%)","0.00","0.00","4,808.56","4,812.39","4,807.90","4,780.20","4,810.23"
"Mon 20 Apr '26   18:00","4,806.90","4,821.96","4,806.90","4,820.65","+13.79 (+0.29%)","0.00","0.00","4,808.38","4,812.93","4,807.67","4,778.98","4,805.51"
"Mon 20 Apr '26   14:00","4,817.92","4,827.63","4,792.80","4,806.86","−11.02 (−0.23%)","0.00","0.00","4,807.09","4,810.99","4,806.37","4,777.28","4,803.94"
"Mon 20 Apr '26   10:00","4,791.55","4,826.34","4,786.62","4,817.88","+26.29 (+0.55%)","0.00","0.00","4,807.11","4,812.03","4,806.33","4,776.07","4,803.02"
"Mon 20 Apr '26   06:00","4,790.90","4,805.80","4,783.49","4,791.59","+0.71 (+0.01%)","0.00","0.00","4,805.98","4,810.56","4,805.17","4,774.36","4,797.48"
"Mon 20 Apr '26   02:00","4,807.85","4,809.11","4,779.61","4,790.88","−16.97 (−0.35%)","0.00","0.00","4,807.49","4,815.31","4,806.53","4,773.66","4,800.54"
"Sun 19 Apr '26   22:00","4,775.64","4,814.37","4,737.11","4,807.85","−24.67 (−0.51%)","0.00","0.00","4,809.24","4,821.42","4,808.09","4,772.96","4,807.85"
"Fri 17 Apr '26   18:00","4,862.58","4,868.04","4,830.68","4,832.52","−30.06 (−0.62%)","0.00","0.00","4,809.39","4,824.81","4,808.12","4,771.53","4,832.23"
"Fri 17 Apr '26   14:00","4,880.35","4,885.52","4,853.85","4,862.58","−17.78 (−0.36%)","0.00","0.00","4,806.95","4,822.88","4,805.68","4,769.04","4,832.18"
"Fri 17 Apr '26   10:00","4,790.42","4,889.43","4,782.36","4,880.36","+89.94 (+1.88%)","0.00","0.00","4,801.10","4,812.95","4,799.99","4,765.23","4,820.48"
"Fri 17 Apr '26   06:00","4,794.31","4,800.98","4,778.83","4,790.42","−3.89 (−0.08%)","0.00","0.00","4,792.76","4,796.10","4,791.95","4,760.53","4,791.31"
"Fri 17 Apr '26   02:00","4,789.48","4,806.26","4,784.52","4,794.31","+4.80 (+0.10%)","0.00","0.00","4,793.00","4,797.52","4,792.10","4,759.31","4,791.82"
"Thu 16 Apr '26   22:00","4,792.02","4,801.20","4,767.80","4,789.51","−0.57 (−0.01%)","0.00","0.00","4,792.86","4,798.32","4,791.88","4,757.88","4,789.51"
"Thu 16 Apr '26   18:00","4,789.35","4,798.68","4,785.85","4,790.08","+0.73 (+0.02%)","0.00","0.00","4,793.22","4,800.53","4,792.12","4,756.59","4,802.93"
"Thu 16 Apr '26   14:00","4,794.86","4,813.06","4,773.13","4,789.35","−5.50 (−0.11%)","0.00","0.00","4,793.55","4,803.14","4,792.32","4,755.22","4,804.70"
"Thu 16 Apr '26   10:00","4,812.91","4,823.98","4,784.70","4,794.85","−18.05 (−0.38%)","0.00","0.00","4,793.99","4,806.59","4,792.62","4,753.83","4,810.73"
"Thu 16 Apr '26   06:00","4,821.33","4,830.95","4,806.62","4,812.90","−8.48 (−0.18%)","0.00","0.00","4,793.90","4,809.52","4,792.40","4,752.15","4,817.03"
"Thu 16 Apr '26   02:00","4,818.01","4,838.33","4,812.49","4,821.38","+3.34 (+0.07%)","0.00","0.00","4,791.90","4,808.67","4,790.35","4,749.67","4,819.66"
"Wed 15 Apr '26   22:00","4,793.89","4,837.73","4,790.93","4,818.04","+26.84 (+0.56%)","0.00","0.00","4,788.79","4,805.50","4,787.24","4,746.75","4,818.04"
"Wed 15 Apr '26   18:00","4,792.65","4,803.48","4,787.89","4,791.20","−1.46 (−0.03%)","0.00","0.00","4,785.72","4,802.36","4,784.16","4,743.84","4,812.88"
"Wed 15 Apr '26   14:00","4,828.97","4,830.56","4,786.99","4,792.66","−36.29 (−0.75%)","0.00","0.00","4,785.14","4,805.15","4,783.46","4,741.90","4,815.56"
"Wed 15 Apr '26   10:00","4,798.16","4,830.22","4,790.58","4,828.95","+30.77 (+0.64%)","0.00","0.00","4,784.35","4,808.28","4,782.54","4,739.83","4,822.85"
"Wed 15 Apr '26   06:00","4,819.67","4,824.98","4,786.37","4,798.18","−21.49 (−0.45%)","0.00","0.00","4,779.65","4,803.11","4,777.90","4,736.19","4,820.41"
"Wed 15 Apr '26   02:00","4,847.14","4,853.47","4,812.71","4,819.67","−27.50 (−0.57%)","0.00","0.00","4,777.70","4,804.34","4,775.87","4,733.66","4,833.40"
"Tue 14 Apr '26   22:00","4,840.31","4,871.44","4,827.18","4,847.17","+6.53 (+0.13%)","0.00","0.00","4,773.28","4,800.51","4,771.49","4,730.15","4,847.17"
"Tue 14 Apr '26   18:00","4,835.07","4,846.30","4,831.04","4,840.64","+5.58 (+0.12%)","0.00","0.00","4,765.51","4,788.84","4,763.93","4,725.38","4,796.58"
"Tue 14 Apr '26   14:00","4,794.67","4,841.52","4,791.24","4,835.06","+40.50 (+0.84%)","0.00","0.00","4,757.60","4,775.89","4,756.25","4,720.67","4,791.40"
"Tue 14 Apr '26   10:00","4,778.32","4,803.47","4,752.25","4,794.56","+16.29 (+0.34%)","0.00","0.00","4,749.44","4,761.10","4,748.37","4,716.00","4,776.47"
"Tue 14 Apr '26   06:00","4,760.09","4,796.42","4,760.09","4,778.27","+18.23 (+0.38%)","0.00","0.00","4,744.69","4,752.74","4,743.75","4,712.80","4,768.77"
"Tue 14 Apr '26   02:00","4,764.88","4,777.07","4,758.10","4,760.04","−4.94 (−0.10%)","0.00","0.00","4,741.16","4,746.36","4,740.30","4,710.12","4,762.67"
"Mon 13 Apr '26   22:00","4,745.20","4,776.91","4,744.38","4,764.98","+23.88 (+0.50%)","0.00","0.00","4,739.17","4,742.93","4,738.33","4,708.09","4,764.98"
"Mon 13 Apr '26   18:00","4,730.01","4,747.51","4,723.38","4,741.10","+11.09 (+0.23%)","0.00","0.00","4,736.45","4,737.42","4,735.66","4,705.77","4,727.12"
"Mon 13 Apr '26   14:00","4,730.59","4,750.11","4,700.49","4,730.01","−0.69 (−0.01%)","0.00","0.00","4,735.97","4,736.50","4,735.12","4,704.32","4,725.52"
"Mon 13 Apr '26   10:00","4,714.68","4,744.61","4,703.73","4,730.70","+16.00 (+0.34%)","0.00","0.00","4,736.59","4,738.13","4,735.63","4,703.27","4,723.99"
"Mon 13 Apr '26   06:00","4,729.43","4,740.01","4,710.55","4,714.70","−14.75 (−0.31%)","0.00","0.00","4,737.21","4,739.98","4,736.12","4,702.16","4,721.45"
"Mon 13 Apr '26   02:00","4,721.34","4,730.76","4,708.70","4,729.45","+8.15 (+0.17%)","0.00","0.00","4,739.58","4,746.31","4,738.27","4,701.64","4,724.78"
"Sun 12 Apr '26   22:00","4,636.22","4,728.11","4,636.17","4,721.30","−28.15 (−0.59%)","0.00","0.00","4,740.65","4,750.52","4,739.15","4,700.51","4,721.30"
"Fri 10 Apr '26   18:00","4,760.32","4,773.21","4,741.08","4,749.45","−10.92 (−0.23%)","0.00","0.00","4,742.69","4,757.82","4,740.93","4,699.66","4,761.73"
"Fri 10 Apr '26   14:00","4,775.03","4,795.03","4,747.52","4,760.37","−14.67 (−0.31%)","0.00","0.00","4,741.97","4,759.92","4,740.08","4,697.63","4,763.38"
"Fri 10 Apr '26   10:00","4,751.59","4,782.47","4,742.40","4,775.04","+23.46 (+0.49%)","0.00","0.00","4,740.04","4,759.81","4,738.05","4,695.07","4,764.49"
"Fri 10 Apr '26   06:00","4,765.93","4,765.95","4,730.86","4,751.58","−14.35 (−0.30%)","0.00","0.00","4,736.35","4,756.00","4,734.35","4,691.80","4,760.00"
"Fri 10 Apr '26   02:00","4,764.61","4,770.81","4,738.12","4,765.93","+1.37 (+0.03%)","0.00","0.00","4,734.75","4,757.10","4,732.63","4,689.36","4,765.27"
"Thu 09 Apr '26   22:00","4,768.13","4,780.22","4,750.76","4,764.56","−0.43 (−0.01%)","0.00","0.00","4,731.47","4,754.89","4,729.30","4,686.24","4,764.56"
"Thu 09 Apr '26   18:00","4,797.86","4,798.19","4,760.96","4,764.99","−32.85 (−0.68%)","0.00","0.00","4,727.98","4,752.48","4,725.78","4,683.04","4,752.92"
"Thu 09 Apr '26   14:00","4,764.50","4,801.19","4,747.30","4,797.84","+33.39 (+0.70%)","0.00","0.00","4,724.09","4,749.35","4,721.86","4,679.70","4,751.24"
"Thu 09 Apr '26   10:00","4,729.31","4,777.13","4,723.72","4,764.45","+35.14 (+0.74%)","0.00","0.00","4,716.32","4,737.23","4,714.26","4,674.87","4,735.02"
"Thu 09 Apr '26   06:00","4,713.18","4,733.34","4,703.59","4,729.31","+16.10 (+0.34%)","0.00","0.00","4,711.26","4,730.42","4,709.24","4,671.22","4,723.81"
"Thu 09 Apr '26   02:00","4,727.37","4,732.95","4,705.32","4,713.21","−14.14 (−0.30%)","0.00","0.00","4,709.36","4,730.70","4,707.23","4,668.85","4,720.71"
"Wed 08 Apr '26   22:00","4,724.16","4,733.14","4,698.60","4,727.35","+7.74 (+0.16%)","0.00","0.00","4,708.95","4,735.07","4,706.63","4,667.04","4,727.35"
"Wed 08 Apr '26   18:00","4,734.08","4,744.50","4,699.58","4,719.61","−14.41 (−0.30%)","0.00","0.00","4,707.02","4,737.00","4,704.56","4,664.57","4,776.46"
"Wed 08 Apr '26   14:00","4,777.35","4,792.09","4,731.59","4,734.02","−43.44 (−0.91%)","0.00","0.00","4,705.69","4,741.35","4,703.06","4,662.33","4,784.21"
"Wed 08 Apr '26   10:00","4,783.28","4,807.30","4,768.32","4,777.46","−5.82 (−0.12%)","0.00","0.00","4,702.71","4,743.18","4,699.96","4,659.40","4,799.19"
"Wed 08 Apr '26   06:00","4,827.54","4,839.69","4,776.45","4,783.28","−44.29 (−0.92%)","0.00","0.00","4,694.84","4,734.61","4,692.21","4,654.58","4,806.67"
"Wed 08 Apr '26   02:00","4,810.22","4,843.70","4,790.25","4,827.57","+17.35 (+0.36%)","0.00","0.00","4,685.53","4,722.44","4,683.10","4,649.33","4,817.17"
"Tue 07 Apr '26   22:00","4,721.29","4,857.67","4,713.13","4,810.22","+103.61 (+2.20%)","1.00","0.00","4,670.58","4,696.15","4,668.65","4,642.05","4,810.22"
"Tue 07 Apr '26   18:00","4,675.87","4,718.69","4,657.55","4,706.61","+30.74 (+0.66%)","0.00","0.00","4,655.88","4,667.64","4,654.50","4,635.19","4,661.98"
"Tue 07 Apr '26   14:00","4,644.10","4,686.61","4,607.54","4,675.87","+31.76 (+0.68%)","0.00","0.00","4,650.54","4,657.90","4,649.29","4,632.27","4,654.85"
"Tue 07 Apr '26   10:00","4,670.96","4,680.62","4,628.98","4,644.11","−26.86 (−0.58%)","0.00","0.00","4,647.87","4,653.40","4,646.63","4,630.50","4,647.70"
"Tue 07 Apr '26   06:00","4,642.94","4,694.49","4,636.63","4,670.97","+28.03 (+0.60%)","0.00","0.00","4,648.27","4,655.72","4,646.88","4,629.94","4,649.25"
"Tue 07 Apr '26   02:00","4,626.86","4,663.84","4,619.84","4,642.94","+15.99 (+0.35%)","0.00","0.00","4,645.88","4,651.91","4,644.47","4,628.27","4,635.32"
"Mon 06 Apr '26   22:00","4,651.47","4,667.93","4,616.41","4,626.95","−22.89 (−0.49%)","0.00","0.00","4,646.19","4,654.16","4,644.62","4,627.67","4,626.95"
"Mon 06 Apr '26   18:00","4,653.68","4,666.61","4,645.57","4,649.84","−3.79 (−0.08%)","0.00","0.00","4,648.22","4,660.96","4,646.39","4,627.70","4,658.90"
"Mon 06 Apr '26   14:00","4,680.15","4,697.66","4,645.82","4,653.63","−26.38 (−0.56%)","0.00","0.00","4,648.05","4,663.74","4,646.05","4,626.79","4,659.92"
"Mon 06 Apr '26   10:00","4,693.68","4,697.64","4,659.72","4,680.01","−13.63 (−0.29%)","0.00","0.00","4,647.46","4,666.26","4,645.29","4,625.70","4,661.88"
"Mon 06 Apr '26   06:00","4,652.66","4,706.59","4,643.64","4,693.64","+40.98 (+0.88%)","0.00","0.00","4,644.03","4,662.83","4,641.82","4,623.48","4,655.66"
"Mon 06 Apr '26   02:00","4,625.97","4,678.76","4,623.68","4,652.66","+26.72 (+0.58%)","0.00","0.00","4,638.81","4,655.12","4,636.63","4,620.62","4,637.91"
"Sun 05 Apr '26   22:00","4,653.83","4,666.19","4,600.80","4,625.94","−49.77 (−1.06%)","0.00","0.00","4,637.35","4,655.74","4,635.03","4,619.31","4,625.94"
"Thu 02 Apr '26   18:00","4,648.82","4,681.82","4,647.48","4,675.71","+26.97 (+0.58%)","0.00","0.00","4,638.55","4,663.19","4,635.94","4,619.04","4,644.51"
"Thu 02 Apr '26   14:00","4,646.37","4,699.67","4,631.75","4,648.74","+2.39 (+0.05%)","0.00","0.00","4,634.64","4,660.06","4,631.96","4,616.72","4,640.83"
"Thu 02 Apr '26   10:00","4,621.76","4,651.44","4,580.80","4,646.35","+24.59 (+0.53%)","0.00","0.00","4,633.16","4,662.89","4,630.29","4,615.42","4,638.26"
"Thu 02 Apr '26   06:00","4,594.18","4,651.17","4,554.12","4,621.76","+27.65 (+0.60%)","0.00","0.00","4,631.77","4,667.02","4,628.68","4,614.15","4,635.28"
"Thu 02 Apr '26   02:00","4,696.53","4,704.27","4,586.18","4,594.11","−102.66 (−2.19%)","0.00","1.00","4,632.82","4,678.34","4,629.37","4,613.84","4,642.59"
"Wed 01 Apr '26   22:00","4,757.33","4,800.38","4,650.69","4,696.77","−60.03 (−1.26%)","0.00","0.00","4,636.90","4,699.40","4,632.90","4,614.65","4,696.77"
"Wed 01 Apr '26   18:00","4,774.43","4,778.22","4,742.25","4,756.80","−17.63 (−0.37%)","0.00","0.00","4,630.59","4,700.05","4,626.51","4,611.30","4,730.19"
"Wed 01 Apr '26   14:00","4,738.31","4,792.96","4,724.17","4,774.43","+35.96 (+0.76%)","0.00","0.00","4,617.31","4,685.87","4,613.48","4,605.36","4,726.27"
"Wed 01 Apr '26   10:00","4,723.23","4,762.93","4,715.36","4,738.47","+15.23 (+0.32%)","0.00","0.00","4,600.77","4,663.73","4,597.39","4,598.46","4,711.70"
"Wed 01 Apr '26   06:00","4,684.30","4,747.74","4,682.80","4,723.24","+38.97 (+0.83%)","0.00","0.00","4,586.27","4,645.04","4,583.28","4,592.74","4,701.54"
"Wed 01 Apr '26   02:00","4,692.75","4,703.50","4,667.10","4,684.27","−8.45 (−0.18%)","0.00","0.00","4,571.86","4,625.49","4,569.28","4,587.42","4,688.89"
"Tue 31 Mar '26   22:00","4,671.94","4,724.21","4,661.78","4,692.72","+24.50 (+0.52%)","0.00","0.00","4,560.02","4,610.79","4,557.79","4,583.46","4,692.72"
"Tue 31 Mar '26   18:00","4,654.59","4,687.22","4,653.70","4,668.22","+13.54 (+0.29%)","0.00","0.00","4,546.06","4,590.31","4,544.29","4,579.00","4,610.86"
"Tue 31 Mar '26   14:00","4,607.99","4,667.43","4,595.02","4,654.68","+46.69 (+1.01%)","0.00","0.00","4,533.20","4,570.84","4,531.90","4,575.36","4,602.89"
"Tue 31 Mar '26   10:00","4,555.60","4,609.78","4,529.64","4,607.99","+52.37 (+1.15%)","0.00","0.00","4,520.41","4,549.88","4,519.62","4,572.12","4,585.43"
"Tue 31 Mar '26   06:00","4,568.80","4,575.28","4,543.66","4,555.62","−13.17 (−0.29%)","0.00","0.00","4,511.19","4,535.35","4,510.79","4,570.66","4,576.52"
"Tue 31 Mar '26   02:00","4,605.37","4,607.51","4,547.73","4,568.79","−36.56 (−0.79%)","0.00","0.00","4,506.51","4,530.28","4,506.30","4,571.28","4,587.07"
"Mon 30 Mar '26   22:00","4,514.32","4,619.40","4,482.70","4,605.35","+94.23 (+2.09%)","0.00","0.00","4,499.96","4,520.65","4,500.05","4,571.38","4,605.35"
"Mon 30 Mar '26   18:00","4,515.09","4,523.16","4,493.11","4,511.12","−3.92 (−0.09%)","0.00","0.00","4,488.86","4,499.48","4,489.52","4,569.99","4,511.44"
"Mon 30 Mar '26   14:00","4,523.37","4,556.84","4,511.47","4,515.04","−8.30 (−0.18%)","0.00","0.00","4,486.52","4,496.56","4,487.36","4,572.39","4,511.48"
"Mon 30 Mar '26   10:00","4,532.45","4,580.83","4,516.77","4,523.34","−9.00 (−0.20%)","0.00","0.00","4,483.52","4,491.95","4,484.60","4,574.73","4,510.40"
"Mon 30 Mar '26   06:00","4,522.38","4,550.64","4,515.91","4,532.34","+9.96 (+0.22%)","0.00","0.00","4,479.33","4,484.10","4,480.72","4,576.83","4,505.86"
"Mon 30 Mar '26   02:00","4,469.62","4,528.54","4,459.00","4,522.38","+52.64 (+1.18%)","1.00","0.00","4,473.75","4,472.04","4,475.56","4,578.65","4,493.80"
"Sun 29 Mar '26   22:00","4,478.27","4,515.05","4,419.93","4,469.74","−25.82 (−0.57%)","0.00","0.00","4,468.63","4,459.45","4,470.88","4,580.94","4,469.74"
"Fri 27 Mar '26   18:00","4,486.68","4,528.77","4,486.63","4,495.56","+8.87 (+0.20%)","0.00","0.00","4,468.51","4,456.88","4,470.99","4,585.48","4,453.62"
"Fri 27 Mar '26   14:00","4,431.08","4,555.39","4,430.85","4,486.69","+55.53 (+1.25%)","0.00","0.00","4,465.66","4,447.21","4,468.54","4,589.15","4,447.37"
"Fri 27 Mar '26   10:00","4,428.84","4,445.24","4,404.40","4,431.16","+2.31 (+0.05%)","0.00","0.00","4,463.45","4,437.34","4,466.72","4,593.34","4,432.91"
"Fri 27 Mar '26   06:00","4,454.52","4,472.96","4,420.88","4,428.85","−25.72 (−0.58%)","0.00","0.00","4,466.85","4,438.88","4,470.28","4,599.95","4,433.62"
"Fri 27 Mar '26   02:00","4,417.56","4,475.11","4,417.11","4,454.57","+37.15 (+0.84%)","0.00","0.00","4,470.85","4,441.39","4,474.42","4,606.94","4,436.29"
"Thu 26 Mar '26   22:00","4,390.02","4,420.55","4,375.58","4,417.42","+36.41 (+0.83%)","0.00","0.00","4,472.56","4,438.09","4,476.40","4,613.16","4,417.42"
"Thu 26 Mar '26   18:00","4,381.44","4,420.82","4,351.15","4,381.01","−0.52 (−0.01%)","0.00","0.00","4,478.37","4,443.26","4,482.30","4,621.15","4,432.74"
"Thu 26 Mar '26   14:00","4,452.90","4,479.36","4,366.87","4,381.53","−71.38 (−1.60%)","0.00","0.00","4,488.62","4,458.83","4,492.43","4,630.95","4,440.89"
"Thu 26 Mar '26   10:00","4,423.58","4,460.53","4,416.65","4,452.91","+29.34 (+0.66%)","0.00","0.00","4,499.89","4,478.15","4,503.52","4,641.13","4,460.37"
"Thu 26 Mar '26   06:00","4,439.19","4,463.93","4,412.79","4,423.57","−15.62 (−0.35%)","0.00","0.00","4,504.83","4,484.46","4,508.58","4,648.81","4,463.25"
"Thu 26 Mar '26   02:00","4,535.72","4,535.83","4,439.06","4,439.19","−96.50 (−2.13%)","0.00","1.00","4,513.39","4,499.68","4,517.08","4,658.00","4,488.30"
"Wed 25 Mar '26   22:00","4,510.78","4,544.44","4,489.03","4,535.69","+29.94 (+0.66%)","0.00","0.00","4,521.20","4,514.80","4,524.87","4,666.94","4,535.69"
"Wed 25 Mar '26   18:00","4,550.76","4,569.03","4,486.93","4,505.75","−45.04 (−0.99%)","0.00","0.00","4,519.67","4,509.58","4,523.79","4,672.29","4,552.50"
"Wed 25 Mar '26   14:00","4,544.98","4,579.28","4,525.14","4,550.79","+5.91 (+0.13%)","0.00","0.00","4,521.14","4,510.54","4,525.59","4,679.09","4,559.30"
"Wed 25 Mar '26   10:00","4,551.86","4,585.42","4,522.04","4,544.88","−6.99 (−0.15%)","0.00","0.00","4,518.02","4,500.48","4,523.08","4,684.33","4,562.01"
"Wed 25 Mar '26   06:00","4,555.77","4,567.79","4,527.74","4,551.87","−3.85 (−0.08%)","0.00","0.00","4,515.19","4,489.38","4,520.90","4,690.02","4,568.50"
"Wed 25 Mar '26   02:00","4,594.83","4,602.58","4,549.48","4,555.72","−39.10 (−0.85%)","0.00","0.00","4,511.33","4,473.75","4,517.80","4,695.66","4,577.25"
"Tue 24 Mar '26   22:00","4,474.41","4,601.05","4,456.07","4,594.82","+118.04 (+2.64%)","0.00","0.00","4,506.65","4,453.26","4,514.01","4,701.37","4,594.82"
"Tue 24 Mar '26   18:00","4,388.64","4,484.18","4,384.05","4,476.78","+88.13 (+2.01%)","1.00","0.00","4,497.37","4,417.87","4,505.92","4,705.72","4,387.17"
"Tue 24 Mar '26   14:00","4,381.43","4,433.51","4,372.43","4,388.65","+7.16 (+0.16%)","0.00","0.00","4,499.54","4,403.15","4,508.84","4,715.06","4,374.55"
"Tue 24 Mar '26   10:00","4,426.42","4,442.04","4,351.53","4,381.49","−44.91 (−1.01%)","0.00","0.00","4,511.21","4,406.77","4,520.86","4,728.39","4,370.42"
"Tue 24 Mar '26   06:00","4,347.25","4,432.69","4,342.95","4,426.40","+79.11 (+1.82%)","0.00","0.00","4,524.87","4,413.09","4,534.79","4,742.54","4,366.46"
"Tue 24 Mar '26   02:00","4,322.20","4,379.39","4,305.74","4,347.29","+25.12 (+0.58%)","0.00","0.00","4,535.24","4,409.76","4,545.63","4,755.45","4,335.10"
"Mon 23 Mar '26   22:00","4,413.92","4,448.37","4,307.97","4,322.17","−84.65 (−1.92%)","0.00","1.00","4,555.02","4,425.38","4,565.47","4,772.11","4,322.17"
"Mon 23 Mar '26   18:00","4,426.45","4,467.05","4,383.00","4,406.82","−19.52 (−0.44%)","0.00","0.00","4,579.53","4,451.19","4,589.80","4,790.47","4,373.09"
"Mon 23 Mar '26   14:00","4,454.20","4,512.90","4,351.35","4,426.34","−27.87 (−0.63%)","0.00","0.00","4,597.71","4,462.28","4,608.09","4,806.13","4,368.76"
"Mon 23 Mar '26   10:00","4,253.97","4,492.61","4,241.16","4,454.21","+200.63 (+4.72%)","1.00","0.00","4,615.75","4,471.26","4,626.27","4,821.63","4,352.45"
"Mon 23 Mar '26   06:00","4,310.31","4,310.35","4,098.87","4,253.58","−56.72 (−1.32%)","0.00","0.00","4,632.75","4,475.53","4,643.48","4,836.63","4,313.96"
"Mon 23 Mar '26   02:00","4,387.49","4,422.03","4,302.44","4,310.30","−77.13 (−1.76%)","0.00","0.00","4,672.67","4,531.01","4,682.47","4,860.43","4,349.62"
"Sun 22 Mar '26   22:00","4,473.06","4,536.30","4,319.96","4,387.43","−110.58 (−2.46%)","0.00","0.00","4,710.81","4,586.19","4,719.68","4,882.88","4,387.43"
"Fri 20 Mar '26   18:00","4,573.52","4,578.48","4,477.33","4,498.01","−75.51 (−1.65%)","0.00","0.00","4,744.85","4,635.88","4,752.91","4,903.11","4,615.87"
"Fri 20 Mar '26   14:00","4,616.47","4,622.53","4,540.73","4,573.52","−42.93 (−0.93%)","0.00","0.00","4,770.83","4,670.35","4,778.40","4,919.64","4,636.15"
"Fri 20 Mar '26   10:00","4,667.71","4,695.61","4,612.87","4,616.45","−51.26 (−1.10%)","0.00","0.00","4,791.60","4,694.56","4,798.89","4,933.77","4,659.13"
"Fri 20 Mar '26   06:00","4,688.40","4,734.77","4,659.89","4,667.71","−20.70 (−0.44%)","0.00","0.00","4,810.04","4,714.09","4,817.13","4,946.72","4,677.47"
"Fri 20 Mar '26   02:00","4,677.49","4,735.74","4,670.39","4,688.41","+11.06 (+0.24%)","0.00","0.00","4,825.02","4,725.68","4,832.07","4,958.11","4,682.86"
"Thu 19 Mar '26   22:00","4,656.57","4,699.49","4,634.23","4,677.35","+19.66 (+0.42%)","0.00","0.00","4,839.40","4,735.00","4,846.44","4,969.12","4,677.35"
"Thu 19 Mar '26   18:00","4,616.17","4,663.28","4,596.22","4,657.69","+41.52 (+0.90%)","0.00","0.00","4,856.46","4,749.41","4,863.35","4,981.02","4,695.85"
"Thu 19 Mar '26   14:00","4,621.00","4,649.13","4,566.27","4,616.17","−4.94 (−0.11%)","0.00","0.00","4,877.38","4,772.34","4,883.91","4,994.22","4,701.42"
"Thu 19 Mar '26   10:00","4,698.93","4,719.89","4,502.60","4,621.11","−77.84 (−1.66%)","0.00","0.00","4,904.88","4,811.38","4,910.69","5,009.65","4,730.16"
"Thu 19 Mar '26   06:00","4,827.57","4,842.29","4,686.85","4,698.95","−128.62 (−2.66%)","0.00","0.00","4,934.75","4,858.95","4,939.64","5,025.51","4,780.04"
"Thu 19 Mar '26   02:00","4,849.99","4,866.14","4,827.08","4,827.57","−22.41 (−0.46%)","0.00","0.00","4,959.57","4,898.95","4,963.71","5,038.84","4,839.44"
"Wed 18 Mar '26   22:00","4,828.71","4,867.23","4,804.41","4,849.98","+31.31 (+0.65%)","0.00","0.00","4,973.46","4,916.79","4,977.33","5,047.46","4,849.98"
"Wed 18 Mar '26   18:00","4,891.00","4,899.24","4,806.97","4,818.67","−72.26 (−1.48%)","0.00","0.00","4,986.46","4,933.50","4,990.06","5,055.52","4,916.08"
"Wed 18 Mar '26   14:00","4,878.29","4,899.02","4,856.73","4,890.93","+12.66 (+0.26%)","0.00","0.00","5,004.12","4,962.21","5,007.20","5,065.19","4,935.80"
"Wed 18 Mar '26   10:00","4,992.18","4,992.21","4,834.28","4,878.27","−113.91 (−2.28%)","0.00","0.00","5,016.04","4,980.02","5,018.83","5,072.30","4,951.87"
"Wed 18 Mar '26   06:00","4,997.68","5,016.34","4,977.42","4,992.18","−5.49 (−0.11%)","0.00","0.00","5,030.54","5,005.46","5,032.88","5,080.22","4,996.01"
"Wed 18 Mar '26   02:00","4,998.65","5,007.02","4,981.90","4,997.67","−0.99 (−0.02%)","0.00","0.00","5,034.58","5,008.78","5,036.95","5,083.82","4,998.09"
"Tue 17 Mar '26   22:00","5,005.84","5,015.85","4,991.38","4,998.66","−4.77 (−0.10%)","0.00","0.00","5,038.46","5,011.56","5,040.88","5,087.33","4,998.66"
"Tue 17 Mar '26   18:00","5,002.47","5,009.02","4,996.46","5,003.43","+0.97 (+0.02%)","0.00","0.00","5,042.65","5,014.79","5,045.10","5,090.95","5,013.52"
"Tue 17 Mar '26   14:00","5,016.65","5,020.56","4,973.61","5,002.46","−14.19 (−0.28%)","0.00","0.00","5,046.78","5,017.63","5,049.27","5,094.53","5,014.62"
"Tue 17 Mar '26   10:00","5,010.52","5,031.49","4,992.14","5,016.65","+6.05 (+0.12%)","0.00","0.00","5,051.45","5,021.42","5,053.95","5,098.28","5,018.77"
"Tue 17 Mar '26   06:00","5,020.84","5,029.65","5,005.16","5,010.60","−10.19 (−0.20%)","0.00","0.00","5,055.11","5,022.61","5,057.68","5,101.62","5,019.57"
"Tue 17 Mar '26   02:00","5,027.82","5,044.57","5,019.96","5,020.79","−7.04 (−0.14%)","0.00","0.00","5,059.79","5,025.62","5,062.39","5,105.33","5,024.17"
"Mon 16 Mar '26   22:00","5,006.92","5,027.92","4,994.87","5,027.83","+21.39 (+0.43%)","0.00","0.00","5,063.90","5,026.82","5,066.55","5,108.78","5,027.83"
"Mon 16 Mar '26   18:00","4,991.31","5,021.62","4,990.04","5,006.44","+15.16 (+0.30%)","0.00","0.00","5,067.70","5,026.57","5,070.42","5,112.09","5,006.07"
"Mon 16 Mar '26   14:00","5,029.83","5,037.96","4,974.11","4,991.28","−38.54 (−0.77%)","0.00","0.00","5,074.14","5,031.60","5,076.82","5,116.40","5,006.03"
"Mon 16 Mar '26   10:00","4,975.37","5,034.33","4,970.22","5,029.82","+54.44 (+1.09%)","0.00","0.00","5,082.87","5,041.68","5,085.37","5,121.50","5,010.30"
"Mon 16 Mar '26   06:00","5,017.38","5,035.99","4,972.69","4,975.38","−42.03 (−0.84%)","0.00","0.00","5,088.45","5,044.65","5,090.93","5,125.25","5,003.72"
"Mon 16 Mar '26   02:00","5,016.07","5,026.26","4,997.95","5,017.41","+1.33 (+0.03%)","0.00","0.00","5,100.35","5,061.96","5,102.48","5,131.36","5,016.66"
"Sun 15 Mar '26   22:00","4,998.82","5,030.86","4,967.67","5,016.08","−2.67 (−0.05%)","0.00","0.00","5,109.08","5,073.10","5,110.99","5,136.01","5,016.08"
"Fri 13 Mar '26   18:00","5,046.38","5,051.72","5,009.73","5,018.75","−27.63 (−0.55%)","0.00","0.00","5,118.87","5,087.36","5,120.48","5,140.91","5,078.77"
"Fri 13 Mar '26   14:00","5,101.75","5,107.97","5,019.09","5,046.38","−55.48 (−1.09%)","0.00","0.00","5,129.41","5,104.51","5,130.66","5,145.90","5,087.96"
"Fri 13 Mar '26   10:00","5,089.72","5,121.87","5,080.02","5,101.86","+12.15 (+0.24%)","0.00","0.00","5,138.15","5,119.04","5,139.08","5,149.96","5,103.74"
"Fri 13 Mar '26   06:00","5,103.09","5,107.78","5,061.61","5,089.71","−13.37 (−0.26%)","0.00","0.00","5,141.97","5,123.34","5,142.81","5,151.92","5,104.46"
"Fri 13 Mar '26   02:00","5,124.22","5,128.46","5,098.27","5,103.08","−21.16 (−0.41%)","0.00","0.00","5,147.47","5,131.75","5,148.12","5,154.46","5,113.59"
"Thu 12 Mar '26   22:00","5,080.78","5,124.27","5,073.03","5,124.24","+44.46 (+0.88%)","0.00","0.00","5,152.15","5,138.91","5,152.62","5,156.56","5,124.24"
"Thu 12 Mar '26   18:00","5,105.33","5,112.59","5,055.11","5,079.78","−25.53 (−0.50%)","0.00","0.00","5,155.09","5,142.58","5,155.46","5,157.88","5,139.70"
"Thu 12 Mar '26   14:00","5,151.40","5,163.65","5,102.61","5,105.31","−46.07 (−0.89%)","0.00","1.00","5,163.01","5,158.28","5,163.03","5,161.06","5,149.15"
"Thu 12 Mar '26   10:00","5,188.34","5,191.74","5,146.17","5,151.38","−36.97 (−0.71%)","0.00","0.00","5,169.09","5,171.53","5,168.80","5,163.34","5,164.98"
"Thu 12 Mar '26   06:00","5,154.54","5,190.43","5,147.31","5,188.35","+33.81 (+0.66%)","0.00","0.00","5,170.95","5,176.56","5,170.54","5,163.83","5,170.01"
"Thu 12 Mar '26   02:00","5,168.65","5,175.21","5,137.25","5,154.54","−14.11 (−0.27%)","0.00","0.00","5,169.12","5,173.62","5,168.76","5,162.83","5,161.95"
"Wed 11 Mar '26   22:00","5,179.09","5,183.51","5,125.52","5,168.65","−8.56 (−0.17%)","0.00","0.00","5,170.65","5,178.39","5,170.18","5,163.17","5,168.65"
"Wed 11 Mar '26   18:00","5,169.81","5,183.62","5,169.27","5,177.21","+7.29 (+0.14%)","0.00","0.00","5,170.86","5,180.82","5,170.33","5,162.94","5,185.51"
"Wed 11 Mar '26   14:00","5,176.92","5,196.29","5,154.87","5,169.92","−7.00 (−0.14%)","0.00","0.00","5,170.20","5,181.72","5,169.65","5,162.36","5,186.45"
"Wed 11 Mar '26   10:00","5,187.77","5,196.48","5,149.35","5,176.92","−10.85 (−0.21%)","0.00","0.00","5,170.22","5,184.67","5,169.62","5,162.05","5,192.19"
"Wed 11 Mar '26   06:00","5,199.74","5,210.83","5,175.54","5,187.77","−11.96 (−0.23%)","0.00","0.00","5,169.52","5,186.61","5,168.89","5,161.44","5,198.35"
"Wed 11 Mar '26   02:00","5,208.66","5,220.51","5,190.99","5,199.73","−8.92 (−0.17%)","0.00","0.00","5,167.60","5,186.32","5,167.00","5,160.37","5,204.18"
"Tue 10 Mar '26   22:00","5,190.88","5,223.15","5,183.35","5,208.65","+15.89 (+0.31%)","0.00","0.00","5,164.22","5,182.97","5,163.73","5,158.76","5,208.65"
"Tue 10 Mar '26   18:00","5,227.73","5,228.01","5,160.98","5,192.76","−34.93 (−0.67%)","0.00","0.00","5,159.54","5,176.55","5,159.24","5,156.73","5,196.52"
"Tue 10 Mar '26   14:00","5,205.61","5,238.56","5,185.43","5,227.69","+22.07 (+0.42%)","0.00","0.00","5,156.04","5,172.49","5,155.88","5,155.26","5,197.09"
"Tue 10 Mar '26   10:00","5,182.65","5,228.81","5,156.57","5,205.62","+22.97 (+0.44%)","0.00","0.00","5,148.50","5,158.69","5,148.70","5,152.30","5,188.46"
"Tue 10 Mar '26   06:00","5,177.95","5,195.21","5,158.62","5,182.65","+4.72 (+0.09%)","0.00","0.00","5,142.49","5,146.96","5,143.01","5,150.12","5,181.75"
"Tue 10 Mar '26   02:00","5,184.29","5,186.99","5,154.40","5,177.93","−6.35 (−0.12%)","0.00","0.00","5,138.26","5,138.04","5,139.05","5,148.80","5,181.31"
"Mon 09 Mar '26   22:00","5,140.09","5,186.16","5,117.80","5,184.28","+46.87 (+0.91%)","1.00","0.00","5,134.09","5,128.07","5,135.16","5,147.61","5,184.28"
"Mon 09 Mar '26   18:00","5,095.99","5,148.06","5,092.55","5,137.41","+41.42 (+0.81%)","0.00","0.00","5,128.80","5,114.02","5,130.25","5,146.11","5,099.24"
"Mon 09 Mar '26   14:00","5,074.15","5,116.07","5,060.78","5,095.99","+21.83 (+0.43%)","0.00","0.00","5,127.90","5,108.17","5,129.53","5,146.46","5,094.31"
"Mon 09 Mar '26   10:00","5,105.32","5,112.22","5,067.43","5,074.16","−31.17 (−0.61%)","0.00","0.00","5,131.25","5,111.21","5,132.88","5,148.52","5,093.85"
"Mon 09 Mar '26   06:00","5,124.32","5,133.99","5,087.28","5,105.33","−19.00 (−0.37%)","0.00","0.00","5,137.26","5,120.47","5,138.76","5,151.56","5,100.28"
"Mon 09 Mar '26   02:00","5,070.08","5,140.51","5,055.48","5,124.33","+54.27 (+1.07%)","0.00","0.00","5,140.62","5,124.26","5,142.10","5,153.45","5,097.64"
"Sun 08 Mar '26   22:00","5,180.33","5,198.39","5,015.00","5,070.06","−104.71 (−2.02%)","0.00","0.00","5,142.34","5,124.24","5,143.88","5,154.64","5,070.06"
"Fri 06 Mar '26   19:00","5,161.17","5,174.98","5,149.59","5,174.77","+13.60 (+0.26%)","0.00","0.00","5,149.95","5,137.79","5,151.26","5,158.09","5,133.43"
"Fri 06 Mar '26   15:00","5,130.29","5,171.68","5,126.05","5,161.17","+30.87 (+0.60%)","0.00","0.00","5,147.34","5,128.54","5,148.91","5,157.41","5,128.05"
"Fri 06 Mar '26   11:00","5,091.31","5,132.13","5,062.98","5,130.30","+39.06 (+0.77%)","0.00","0.00","5,145.88","5,120.39","5,147.68","5,157.25","5,116.99"
"Fri 06 Mar '26   07:00","5,115.81","5,123.15","5,075.77","5,091.24","−24.57 (−0.48%)","0.00","0.00","5,147.52","5,117.91","5,149.42","5,158.35","5,111.10"
"Fri 06 Mar '26   03:00","5,126.38","5,141.49","5,109.29","5,115.81","−10.56 (−0.21%)","0.00","0.00","5,153.44","5,124.58","5,155.23","5,161.09","5,121.47"
"Thu 05 Mar '26   23:00","5,084.22","5,143.89","5,066.64","5,126.37","+43.18 (+0.85%)","0.00","0.00","5,157.41","5,126.77","5,159.18","5,162.94","5,126.37"
"Thu 05 Mar '26   19:00","5,069.44","5,094.83","5,055.98","5,083.19","+13.75 (+0.27%)","0.00","0.00","5,160.67","5,126.87","5,162.46","5,164.43","5,125.97"
"Thu 05 Mar '26   15:00","5,102.20","5,119.95","5,051.11","5,069.44","−32.77 (−0.64%)","0.00","1.00","5,168.83","5,137.78","5,170.38","5,167.75","5,132.28"
"Thu 05 Mar '26   11:00","5,164.57","5,171.58","5,083.86","5,102.21","−62.36 (−1.21%)","0.00","0.00","5,179.29","5,154.87","5,180.48","5,171.76","5,154.81"
"Thu 05 Mar '26   07:00","5,167.74","5,180.60","5,137.63","5,164.57","−3.18 (−0.06%)","0.00","0.00","5,187.40","5,168.04","5,188.31","5,174.60","5,174.32"
"Thu 05 Mar '26   03:00","5,192.07","5,194.94","5,120.83","5,167.75","−24.33 (−0.47%)","0.00","0.00","5,189.81","5,168.90","5,190.68","5,175.01","5,179.58"
"Wed 04 Mar '26   23:00","5,146.21","5,192.49","5,144.91","5,192.08","+52.85 (+1.03%)","0.00","0.00","5,192.13","5,169.19","5,192.97","5,175.31","5,192.08"
"Wed 04 Mar '26   19:00","5,133.80","5,146.68","5,123.40","5,139.23","+5.44 (+0.11%)","0.00","0.00","5,192.13","5,163.47","5,193.06","5,174.62","5,154.26"
"Wed 04 Mar '26   15:00","5,146.75","5,167.07","5,109.09","5,133.79","−12.93 (−0.25%)","0.00","0.00","5,197.70","5,169.53","5,198.44","5,176.07","5,155.95"
"Wed 04 Mar '26   11:00","5,189.87","5,206.09","5,138.70","5,146.72","−43.15 (−0.83%)","0.00","0.00","5,204.43","5,178.46","5,204.91","5,177.79","5,162.46"
"Wed 04 Mar '26   07:00","5,160.55","5,202.56","5,147.73","5,189.87","+29.30 (+0.57%)","0.00","0.00","5,210.51","5,186.40","5,210.73","5,179.06","5,168.00"
"Wed 04 Mar '26   03:00","5,156.35","5,180.88","5,122.26","5,160.57","+4.22 (+0.08%)","0.00","0.00","5,212.68","5,185.53","5,212.82","5,178.62","5,158.45"
"Tue 03 Mar '26   23:00","5,104.19","5,190.73","5,084.74","5,156.35","+66.05 (+1.30%)","1.00","0.00","5,218.16","5,191.77","5,218.04","5,179.36","5,156.35"
"Tue 03 Mar '26   19:00","5,136.01","5,148.75","5,083.54","5,090.30","−45.74 (−0.89%)","0.00","0.00","5,224.67","5,200.63","5,224.21","5,180.29","5,185.85"
"Tue 03 Mar '26   15:00","5,038.88","5,138.21","4,996.13","5,136.04","+97.41 (+1.93%)","0.00","0.00","5,238.81","5,228.21","5,237.60","5,183.97","5,199.90"
"Tue 03 Mar '26   11:00","5,248.45","5,264.11","5,016.30","5,038.63","−209.83 (−4.00%)","0.00","0.00","5,249.63","5,251.25","5,247.76","5,185.92","5,220.67"
"Tue 03 Mar '26   07:00","5,310.70","5,335.98","5,226.49","5,248.46","−62.23 (−1.17%)","0.00","1.00","5,271.84","5,304.41","5,268.67","5,191.94","5,305.15"
"Tue 03 Mar '26   03:00","5,366.96","5,375.65","5,279.41","5,310.69","−56.27 (−1.05%)","0.00","0.00","5,274.30","5,318.40","5,270.69","5,189.63","5,339.35"
"Mon 02 Mar '26   23:00","5,324.72","5,379.89","5,324.35","5,366.96","+44.53 (+0.84%)","0.00","0.00","5,270.47","5,320.32","5,266.69","5,184.69","5,366.96"
"Mon 02 Mar '26   19:00","5,315.66","5,346.43","5,313.96","5,322.43","+6.77 (+0.13%)","0.00","0.00","5,260.32","5,308.66","5,256.66","5,177.25","5,347.24"
"Mon 02 Mar '26   15:00","5,333.29","5,348.94","5,260.67","5,315.66","−17.63 (−0.33%)","0.00","0.00","5,253.78","5,305.22","5,250.08","5,171.32","5,350.49"
"Mon 02 Mar '26   11:00","5,389.24","5,416.57","5,306.47","5,333.29","−55.82 (−1.04%)","0.00","0.00","5,247.27","5,302.61","5,243.53","5,165.43","5,361.46"
"Mon 02 Mar '26   07:00","5,387.61","5,419.28","5,379.17","5,389.11","+1.49 (+0.03%)","0.00","0.00","5,238.21","5,294.94","5,234.55","5,158.58","5,371.54"
"Mon 02 Mar '26   03:00","5,346.58","5,389.84","5,341.03","5,387.62","+41.05 (+0.77%)","0.00","0.00","5,222.33","5,271.40","5,219.09","5,149.17","5,363.79"
"Sun 01 Mar '26   23:00","5,302.18","5,393.42","5,302.18","5,346.57","+66.38 (+1.26%)","0.00","0.00","5,204.93","5,242.34","5,202.24","5,139.44","5,346.57"
"Fri 27 Feb '26   19:00","5,245.35","5,281.20","5,240.32","5,280.19","+34.83 (+0.66%)","0.00","0.00","5,190.02","5,216.29","5,187.81","5,130.98","5,216.68"
"Fri 27 Feb '26   15:00","5,223.86","5,257.81","5,214.95","5,245.36","+21.52 (+0.41%)","0.00","0.00","5,180.53","5,200.31","5,178.57","5,124.89","5,207.79"
"Fri 27 Feb '26   11:00","5,177.66","5,240.61","5,172.72","5,223.84","+46.17 (+0.89%)","0.00","0.00","5,173.70","5,189.05","5,171.89","5,119.98","5,194.62"
"Fri 27 Feb '26   07:00","5,185.70","5,189.71","5,168.81","5,177.67","−8.04 (−0.16%)","0.00","0.00","5,168.42","5,180.35","5,166.70","5,115.74","5,182.42"
"Fri 27 Feb '26   03:00","5,183.60","5,200.49","5,181.02","5,185.71","+2.10 (+0.04%)","0.00","0.00","5,167.45","5,181.02","5,165.60","5,113.21","5,184.61"
"Thu 26 Feb '26   23:00","5,184.54","5,199.71","5,166.97","5,183.61","−1.29 (−0.02%)","0.00","0.00","5,165.53","5,179.84","5,163.59","5,110.25","5,183.61"
"Thu 26 Feb '26   19:00","5,180.56","5,201.07","5,179.65","5,184.90","+4.45 (+0.09%)","0.00","0.00","5,163.62","5,178.90","5,161.59","5,107.26","5,179.32"
"Thu 26 Feb '26   15:00","5,164.82","5,192.86","5,130.43","5,180.45","+15.60 (+0.30%)","0.00","0.00","5,161.38","5,177.40","5,159.26","5,104.09","5,178.62"
"Thu 26 Feb '26   11:00","5,171.48","5,187.88","5,139.99","5,164.85","−6.63 (−0.13%)","0.00","0.00","5,159.38","5,176.64","5,157.14","5,100.97","5,177.99"
"Thu 26 Feb '26   07:00","5,193.34","5,194.82","5,165.95","5,171.48","−21.85 (−0.42%)","0.00","0.00","5,158.80","5,179.59","5,156.37","5,098.36","5,183.00"
"Thu 26 Feb '26   03:00","5,184.43","5,205.54","5,182.99","5,193.33","+8.92 (+0.17%)","0.00","0.00","5,157.47","5,181.62","5,154.85","5,095.38","5,188.40"
"Wed 25 Feb '26   23:00","5,161.48","5,198.47","5,155.61","5,184.41","+15.24 (+0.29%)","0.00","0.00","5,153.69","5,178.69","5,151.01","5,091.38","5,184.41"
"Wed 25 Feb '26   19:00","5,202.06","5,208.52","5,145.94","5,169.17","−32.89 (−0.63%)","0.00","0.00","5,150.46","5,177.26","5,147.67","5,087.58","5,186.48"
"Wed 25 Feb '26   15:00","5,191.34","5,217.64","5,172.57","5,202.06","+10.71 (+0.21%)","0.00","0.00","5,148.49","5,179.28","5,145.52","5,084.25","5,189.38"
"Wed 25 Feb '26   11:00","5,175.15","5,193.29","5,155.16","5,191.35","+16.19 (+0.31%)","0.00","0.00","5,142.85","5,173.59","5,139.86","5,079.44","5,185.73"
"Wed 25 Feb '26   07:00","5,194.75","5,197.23","5,170.33","5,175.16","−19.59 (−0.38%)","0.00","0.00","5,137.74","5,169.15","5,134.71","5,074.88","5,183.62"
"Wed 25 Feb '26   03:00","5,180.70","5,210.62","5,172.92","5,194.75","+14.04 (+0.27%)","0.00","0.00","5,133.81","5,167.65","5,130.67","5,070.78","5,187.37"
"Tue 24 Feb '26   23:00","5,143.78","5,193.91","5,121.44","5,180.71","+35.85 (+0.70%)","0.00","0.00","5,127.39","5,160.87","5,124.26","5,065.72","5,180.71"
"Tue 24 Feb '26   19:00","5,160.18","5,173.20","5,140.28","5,144.86","−15.31 (−0.30%)","0.00","0.00","5,121.78","5,155.91","5,118.61","5,061.03","5,161.90"
"Tue 24 Feb '26   15:00","5,128.58","5,170.11","5,118.12","5,160.17","+31.60 (+0.62%)","0.00","0.00","5,119.35","5,158.68","5,115.99","5,057.61","5,164.16"
"Tue 24 Feb '26   11:00","5,172.87","5,178.60","5,093.83","5,128.57","−44.30 (−0.86%)","0.00","0.00","5,115.05","5,158.31","5,111.57","5,053.42","5,165.35"
"Tue 24 Feb '26   07:00","5,173.59","5,183.95","5,163.37","5,172.87","−0.71 (−0.01%)","0.00","0.00","5,113.63","5,165.74","5,109.87","5,050.35","5,179.76"
"Tue 24 Feb '26   03:00","5,190.01","5,191.86","5,156.70","5,173.58","−16.44 (−0.32%)","0.00","0.00","5,107.39","5,163.96","5,103.57","5,045.35","5,182.79"
"Mon 23 Feb '26   23:00","5,230.43","5,249.75","5,145.44","5,190.02","−37.90 (−0.72%)","0.00","0.00","5,100.43","5,161.55","5,096.57","5,040.12","5,190.02"
"Mon 23 Feb '26   19:00","5,209.68","5,237.85","5,206.69","5,227.92","+18.23 (+0.35%)","0.00","0.00","5,090.99","5,154.43","5,087.23","5,034.00","5,185.78"
"Mon 23 Feb '26   15:00","5,192.48","5,219.07","5,175.86","5,209.69","+17.11 (+0.33%)","0.00","0.00","5,076.58","5,136.06","5,073.16","5,026.09","5,180.05"
"Mon 23 Feb '26   11:00","5,162.94","5,200.51","5,141.50","5,192.58","+29.64 (+0.57%)","0.00","0.00","5,062.57","5,117.66","5,059.50","5,018.59","5,170.00"
"Mon 23 Feb '26   07:00","5,145.81","5,163.50","5,122.38","5,162.94","+17.12 (+0.33%)","0.00","0.00","5,048.88","5,098.93","5,046.20","5,011.49","5,162.16"
"Mon 23 Feb '26   03:00","5,173.64","5,175.95","5,145.19","5,145.82","−27.83 (−0.54%)","0.00","0.00","5,036.88","5,082.92","5,034.52","5,005.31","5,161.79"
"Sun 22 Feb '26   23:00","5,109.76","5,176.62","5,099.27","5,173.65","+65.72 (+1.29%)","0.00","0.00","5,025.41","5,067.20","5,023.39","4,999.58","5,173.65"
"Fri 20 Feb '26   19:00","5,071.43","5,108.08","5,068.98","5,107.93","+36.45 (+0.72%)","0.00","0.00","5,009.81","5,040.58","5,008.37","4,992.47","5,050.41"
"Fri 20 Feb '26   15:00","5,054.58","5,076.34","4,989.98","5,071.48","+16.92 (+0.33%)","0.00","0.00","4,999.48","5,023.75","4,998.41","4,987.76","5,042.24"
"Fri 20 Feb '26   11:00","5,034.75","5,060.57","5,007.22","5,054.56","+19.80 (+0.39%)","0.00","0.00","4,991.90","5,011.81","4,991.10","4,984.34","5,029.37"
"Fri 20 Feb '26   07:00","5,020.73","5,042.63","5,005.09","5,034.76","+14.03 (+0.28%)","0.00","0.00","4,985.30","5,001.13","4,984.76","4,981.47","5,018.09"
"Fri 20 Feb '26   03:00","4,996.21","5,030.03","4,981.76","5,020.73","+24.52 (+0.49%)","0.00","0.00","4,980.10","4,992.72","4,979.76","4,979.30","5,007.76"
"Thu 19 Feb '26   23:00","4,999.35","5,014.81","4,985.49","4,996.21","−0.09 (−0.00%)","0.00","0.00","4,975.82","4,985.72","4,975.66","4,977.61","4,996.21"
"Thu 19 Feb '26   19:00","4,981.74","5,004.14","4,978.47","4,996.30","+14.53 (+0.29%)","0.00","0.00","4,973.67","4,983.10","4,973.60","4,976.85","4,992.71"
"Thu 19 Feb '26   15:00","5,005.72","5,022.28","4,975.29","4,981.77","−23.91 (−0.48%)","0.00","0.00","4,971.29","4,979.79","4,971.33","4,976.05","4,992.18"
"Thu 19 Feb '26   11:00","4,993.37","5,010.58","4,963.91","5,005.68","+12.30 (+0.25%)","0.00","0.00","4,970.19","4,979.30","4,970.29","4,975.82","4,996.27"
"Thu 19 Feb '26   07:00","5,018.38","5,021.95","4,981.64","4,993.38","−25.00 (−0.50%)","0.00","0.00","4,966.45","4,972.71","4,966.75","4,974.60","4,991.90"
"Thu 19 Feb '26   03:00","4,968.18","5,020.01","4,966.39","5,018.38","+50.16 (+1.01%)","1.00","0.00","4,963.62","4,967.54","4,964.09","4,973.84","4,991.01"
"Wed 18 Feb '26   23:00","4,975.51","4,988.79","4,960.69","4,968.22","−8.13 (−0.16%)","0.00","0.00","4,957.85","4,954.83","4,958.66","4,972.02","4,968.22"
"Wed 18 Feb '26   19:00","4,987.39","4,995.43","4,973.00","4,976.35","−11.20 (−0.22%)","0.00","0.00","4,956.76","4,951.48","4,957.70","4,972.17","4,955.33"
"Wed 18 Feb '26   15:00","4,991.73","5,010.95","4,980.68","4,987.55","−4.25 (−0.09%)","0.00","0.00","4,954.70","4,945.26","4,955.84","4,972.00","4,952.00"
"Wed 18 Feb '26   11:00","4,914.51","4,994.22","4,906.46","4,991.80","+77.27 (+1.57%)","0.00","0.00","4,951.24","4,934.69","4,952.67","4,971.37","4,939.19"
"Wed 18 Feb '26   07:00","4,930.89","4,942.31","4,909.49","4,914.53","−16.35 (−0.33%)","0.00","0.00","4,946.97","4,920.41","4,948.76","4,970.53","4,916.03"
"Wed 18 Feb '26   03:00","4,905.44","4,940.42","4,904.33","4,930.88","+25.44 (+0.52%)","0.00","0.00","4,950.39","4,921.88","4,952.18","4,972.82","4,916.77"
"Tue 17 Feb '26   23:00","4,879.28","4,907.41","4,854.29","4,905.44","+27.29 (+0.56%)","0.00","0.00","4,952.44","4,919.63","4,954.31","4,974.53","4,905.44"
"Tue 17 Feb '26   19:00","4,899.06","4,901.05","4,873.36","4,878.15","−20.90 (−0.43%)","0.00","0.00","4,957.39","4,923.18","4,959.20","4,977.35","4,903.82"
"Tue 17 Feb '26   15:00","4,862.95","4,910.57","4,849.22","4,899.05","+35.34 (+0.73%)","0.00","0.00","4,965.73","4,934.44","4,967.30","4,981.40","4,907.41"
"Tue 17 Feb '26   11:00","4,913.25","4,944.39","4,842.20","4,863.71","−49.53 (−1.01%)","0.00","0.00","4,972.75","4,943.28","4,974.13","4,984.76","4,910.54"
"Tue 17 Feb '26   07:00","4,910.45","4,939.44","4,904.04","4,913.24","+2.79 (+0.06%)","0.00","0.00","4,984.23","4,963.18","4,985.17","4,989.70","4,929.87"
"Tue 17 Feb '26   03:00","4,967.14","4,970.16","4,859.18","4,910.45","−56.69 (−1.14%)","0.00","0.00","4,991.70","4,975.66","4,992.36","4,992.82","4,938.23"
"Mon 16 Feb '26   23:00","4,997.21","5,000.87","4,922.97","4,967.14","−26.13 (−0.52%)","0.00","0.00","5,000.25","4,991.97","5,000.55","4,996.19","4,967.14"
"Mon 16 Feb '26   19:00","4,994.64","4,996.42","4,990.60","4,993.27","−1.37 (−0.03%)","0.00","0.00","5,003.74","4,998.17","5,003.89","4,997.37","4,995.68"
"Mon 16 Feb '26   15:00","4,988.39","4,997.74","4,969.11","4,994.64","+6.25 (+0.13%)","0.00","0.00","5,004.84","4,999.40","5,004.95","4,997.54","4,995.73"
"Mon 16 Feb '26   11:00","5,006.13","5,008.11","4,981.81","4,988.39","−17.75 (−0.35%)","0.00","0.00","5,005.92","5,000.59","5,005.98","4,997.66","4,995.98"
"Mon 16 Feb '26   07:00","4,994.93","5,017.30","4,989.08","5,006.14","+11.21 (+0.22%)","0.00","0.00","5,007.76","5,003.64","5,007.74","4,998.04","4,998.24"
"Mon 16 Feb '26   03:00","4,994.78","5,003.14","4,965.37","4,994.93","+0.15 (+0.00%)","0.00","0.00","5,007.93","5,003.01","5,007.90","4,997.71","4,994.85"
"Sun 15 Feb '26   23:00","5,037.74","5,052.77","4,992.37","4,994.78","−48.53 (−0.96%)","0.00","0.00","5,009.30","5,005.03","5,009.20","4,997.82","4,994.78"
"Fri 13 Feb '26   19:00","5,031.26","5,046.20","5,021.71","5,043.31","+12.07 (+0.24%)","0.00","0.00","5,010.83","5,007.59","5,010.64","4,997.94","4,996.08"
"Fri 13 Feb '26   15:00","4,996.84","5,035.49","4,974.16","5,031.24","+35.71 (+0.71%)","0.00","0.00","5,007.41","4,998.67","5,007.38","4,996.09","4,990.01"
"Fri 13 Feb '26   11:00","4,950.25","5,010.98","4,933.82","4,995.53","+45.31 (+0.92%)","0.00","0.00","5,004.90","4,990.52","5,004.99","4,994.66","4,977.01"
"Fri 13 Feb '26   07:00","4,967.22","4,989.64","4,947.27","4,950.22","−17.04 (−0.34%)","0.00","0.00","5,005.89","4,989.27","5,005.94","4,994.62","4,970.00"
"Fri 13 Feb '26   03:00","4,988.49","4,997.27","4,945.04","4,967.26","−21.20 (−0.42%)","0.00","0.00","5,011.75","4,999.03","5,011.51","4,996.43","4,978.83"
"Thu 12 Feb '26   23:00","4,926.52","4,991.42","4,888.04","4,988.46","+66.38 (+1.35%)","0.00","0.00","5,016.43","5,006.98","5,015.93","4,997.62","4,988.46"
"Thu 12 Feb '26   19:00","4,935.60","4,958.13","4,911.17","4,922.08","−13.64 (−0.28%)","0.00","0.00","5,019.37","5,011.61","5,018.68","4,998.00","5,007.71"
"Thu 12 Feb '26   15:00","5,044.52","5,074.86","4,878.62","4,935.72","−108.81 (−2.16%)","0.00","1.00","5,029.61","5,033.99","5,028.34","5,001.10","5,022.20"
"Thu 12 Feb '26   11:00","5,062.15","5,083.78","5,039.55","5,044.53","−17.62 (−0.35%)","0.00","0.00","5,039.50","5,058.56","5,037.60","5,003.76","5,058.12"
"Thu 12 Feb '26   07:00","5,059.78","5,080.84","5,051.92","5,062.15","+2.37 (+0.05%)","0.00","0.00","5,038.97","5,062.06","5,036.91","5,002.10","5,062.87"
"Thu 12 Feb '26   03:00","5,066.00","5,078.32","5,047.33","5,059.78","−6.21 (−0.12%)","0.00","0.00","5,036.53","5,062.04","5,034.39","4,999.65","5,063.17"
"Wed 11 Feb '26   23:00","5,086.58","5,099.97","5,045.24","5,065.99","−16.75 (−0.33%)","0.00","0.00","5,034.08","5,062.60","5,031.85","4,997.20","5,065.99"
"Wed 11 Feb '26   19:00","5,082.54","5,094.37","5,069.91","5,082.74","+0.18 (+0.00%)","0.00","0.00","5,030.72","5,061.76","5,028.43","4,994.39","5,072.27"
"Wed 11 Feb '26   15:00","5,059.30","5,098.94","5,039.21","5,082.56","+22.99 (+0.45%)","0.00","0.00","5,025.24","5,056.51","5,023.00","4,990.78","5,070.82"
"Wed 11 Feb '26   11:00","5,093.32","5,119.18","5,019.06","5,059.57","−33.79 (−0.66%)","0.00","0.00","5,019.21","5,050.00","5,017.05","4,987.04","5,066.69"
"Wed 11 Feb '26   07:00","5,064.15","5,101.26","5,045.90","5,093.36","+29.20 (+0.58%)","0.00","0.00","5,014.96","5,047.61","5,012.80","4,984.07","5,070.10"
"Wed 11 Feb '26   03:00","5,055.75","5,064.60","5,043.63","5,064.16","+8.46 (+0.17%)","0.00","0.00","5,006.71","5,036.17","5,004.74","4,979.61","5,059.72"
"Tue 10 Feb '26   23:00","5,025.64","5,057.84","5,025.07","5,055.70","+32.80 (+0.65%)","0.00","0.00","5,000.66","5,029.17","4,998.80","4,976.16","5,055.70"
"Tue 10 Feb '26   19:00","5,013.26","5,045.49","5,008.93","5,022.90","+9.62 (+0.19%)","0.00","0.00","4,994.87","5,022.54","4,993.11","4,972.92","5,030.79"
"Tue 10 Feb '26   15:00","5,039.60","5,048.05","4,999.21","5,013.28","−26.32 (−0.52%)","0.00","0.00","4,991.92","5,022.45","4,990.13","4,970.88","5,031.72"
"Tue 10 Feb '26   11:00","5,046.97","5,078.69","5,019.73","5,039.60","−7.37 (−0.15%)","0.00","0.00","4,989.67","5,024.74","4,987.81","4,969.15","5,037.23"
"Tue 10 Feb '26   07:00","5,024.68","5,063.33","5,018.74","5,046.97","+22.32 (+0.44%)","0.00","0.00","4,984.41","5,021.03","4,982.64","4,966.27","5,036.43"
"Tue 10 Feb '26   03:00","5,038.32","5,045.69","5,011.44","5,024.65","−13.68 (−0.27%)","0.00","0.00","4,977.83","5,014.54","4,976.20","4,962.98","5,032.10"
"Mon 09 Feb '26   23:00","5,058.90","5,075.49","4,987.87","5,038.33","−21.98 (−0.43%)","0.00","0.00","4,972.90","5,012.01","4,971.36","4,960.46","5,038.33"
"Mon 09 Feb '26   19:00","5,062.83","5,086.67","5,048.37","5,060.31","−2.53 (−0.05%)","0.00","0.00","4,966.01","5,005.43","4,964.66","4,957.28","5,030.47"
"Mon 09 Feb '26   15:00","5,037.83","5,080.60","5,023.63","5,062.84","+24.95 (+0.50%)","0.00","0.00","4,956.09","4,991.71","4,955.09","4,953.08","5,026.83"
"Mon 09 Feb '26   11:00","4,990.99","5,040.58","4,988.75","5,037.89","+46.90 (+0.94%)","0.00","0.00","4,944.85","4,973.93","4,944.32","4,948.60","5,017.06"
"Mon 09 Feb '26   07:00","5,031.38","5,040.94","4,982.40","4,990.99","−40.40 (−0.80%)","0.00","0.00","4,935.06","4,957.94","4,934.96","4,944.95","5,010.06"
"Mon 09 Feb '26   03:00","5,007.19","5,045.61","5,005.69","5,031.39","+24.18 (+0.48%)","0.00","0.00","4,929.17","4,949.68","4,929.36","4,943.07","5,018.57"
"Sun 08 Feb '26   23:00","4,983.79","5,046.98","4,965.12","5,007.21","+41.08 (+0.83%)","0.00","0.00","4,918.41","4,929.25","4,919.16","4,939.47","5,007.21"
"Fri 06 Feb '26   19:00","4,962.52","4,966.13","4,936.76","4,966.13","+3.62 (+0.07%)","0.00","0.00","4,909.06","4,909.76","4,910.35","4,936.70","4,895.42"
"Fri 06 Feb '26   15:00","4,948.19","4,971.49","4,921.74","4,962.51","+14.32 (+0.29%)","0.00","0.00","4,903.06","4,895.67","4,904.78","4,935.50","4,888.04"
"Fri 06 Feb '26   11:00","4,878.47","4,949.70","4,863.97","4,948.19","+69.71 (+1.43%)","1.00","0.00","4,896.80","4,878.96","4,899.00","4,934.40","4,868.80"
"Fri 06 Feb '26   07:00","4,846.44","4,882.32","4,829.75","4,878.48","+32.03 (+0.66%)","0.00","0.00","4,891.39","4,861.66","4,894.08","4,933.83","4,843.57"
"Fri 06 Feb '26   03:00","4,816.55","4,903.15","4,801.19","4,846.45","+29.85 (+0.62%)","0.00","0.00","4,892.75","4,857.45","4,895.64","4,936.09","4,830.14"
"Thu 05 Feb '26   23:00","4,792.93","4,846.50","4,655.18","4,816.60","+40.06 (+0.84%)","0.00","0.00","4,897.62","4,860.20","4,900.56","4,939.75","4,816.60"
"Thu 05 Feb '26   19:00","4,858.32","4,865.28","4,759.79","4,776.54","−81.75 (−1.68%)","0.00","0.00","4,906.15","4,871.10","4,908.96","4,944.78","4,852.90"
"Thu 05 Feb '26   15:00","4,846.22","4,906.92","4,800.51","4,858.29","+11.90 (+0.25%)","0.00","0.00","4,919.79","4,894.74","4,922.20","4,951.65","4,863.19"
"Thu 05 Feb '26   11:00","4,877.01","4,894.47","4,802.19","4,846.39","−30.63 (−0.63%)","0.00","0.00","4,926.27","4,903.85","4,928.59","4,955.46","4,864.53"
"Thu 05 Feb '26   07:00","4,920.52","4,943.52","4,847.71","4,877.02","−43.52 (−0.88%)","0.00","0.00","4,934.67","4,918.22","4,936.81","4,959.91","4,870.80"
"Thu 05 Feb '26   03:00","4,812.22","4,934.04","4,789.46","4,920.54","+108.40 (+2.25%)","0.00","0.00","4,940.74","4,928.52","4,942.79","4,963.29","4,867.93"
"Wed 04 Feb '26   23:00","4,965.62","5,023.82","4,805.39","4,812.14","−153.06 (−3.08%)","0.00","0.00","4,942.87","4,930.51","4,945.02","4,965.04","4,812.14"
"Wed 04 Feb '26   19:00","4,927.43","4,970.97","4,914.60","4,965.20","+37.79 (+0.77%)","0.00","0.00","4,956.63","4,960.11","4,958.30","4,971.28","5,004.28"
"Wed 04 Feb '26   15:00","4,986.59","5,007.82","4,853.13","4,927.41","−59.15 (−1.19%)","0.00","1.00","4,955.73","4,958.83","4,957.61","4,971.53","5,009.68"
"Wed 04 Feb '26   11:00","5,048.73","5,063.44","4,967.37","4,986.56","−62.17 (−1.23%)","0.00","0.00","4,958.71","4,966.69","4,960.63","4,973.33","5,036.67"
"Wed 04 Feb '26   07:00","5,076.57","5,091.90","5,041.75","5,048.73","−27.84 (−0.55%)","0.00","0.00","4,955.78","4,961.72","4,958.04","4,972.79","5,054.42"
"Wed 04 Feb '26   03:00","5,040.52","5,090.34","5,036.30","5,076.57","+36.05 (+0.72%)","0.00","0.00","4,945.99","4,939.97","4,948.97","4,969.69","5,056.89"
"Tue 03 Feb '26   23:00","4,946.42","5,065.45","4,910.77","5,040.52","+94.07 (+1.90%)","0.00","0.00","4,932.25","4,905.82","4,936.21","4,965.32","5,040.52"
"Tue 03 Feb '26   19:00","4,908.34","4,964.18","4,880.81","4,946.45","+38.06 (+0.78%)","0.00","0.00","4,920.85","4,872.15","4,925.78","4,962.26","4,885.60"
"Tue 03 Feb '26   15:00","4,917.09","4,993.87","4,885.40","4,908.39","−8.79 (−0.18%)","0.00","0.00","4,918.15","4,853.57","4,923.72","4,962.90","4,877.11"
"Tue 03 Feb '26   11:00","4,902.35","4,950.99","4,884.00","4,917.18","+14.82 (+0.30%)","0.00","0.00","4,919.18","4,839.87","4,925.25","4,965.13","4,868.16"
"Tue 03 Feb '26   07:00","4,881.39","4,949.26","4,872.19","4,902.36","+20.90 (+0.43%)","0.00","0.00","4,919.39","4,820.54","4,926.05","4,967.08","4,851.92"
"Tue 03 Feb '26   03:00","4,783.60","4,893.91","4,752.04","4,881.46","+97.77 (+2.04%)","0.00","0.00","4,921.19","4,800.09","4,928.42","4,969.72","4,830.67"
"Mon 02 Feb '26   23:00","4,671.65","4,856.33","4,665.95","4,783.69","+125.29 (+2.69%)","0.00","0.00","4,925.37","4,779.74","4,933.12","4,973.33","4,783.69"
"Mon 02 Feb '26   19:00","4,657.92","4,712.64","4,631.53","4,658.40","+0.49 (+0.01%)","0.00","0.00","4,940.28","4,778.76","4,948.06","4,981.07","4,658.21"
"Mon 02 Feb '26   15:00","4,719.30","4,745.46","4,596.85","4,657.91","−61.85 (−1.31%)","0.00","0.00","4,969.95","4,808.85","4,977.03","4,994.24","4,658.18"
"Mon 02 Feb '26   11:00","4,705.76","4,812.47","4,669.73","4,719.76","+14.05 (+0.30%)","0.00","0.00","5,002.80","4,846.58","5,008.94","5,007.96","4,658.25"
"Mon 02 Feb '26   07:00","4,505.35","4,733.82","4,485.85","4,705.71","+200.78 (+4.46%)","1.00","0.00","5,032.59","4,878.29","5,037.86","5,019.73","4,638.25"
"Mon 02 Feb '26   03:00","4,710.58","4,729.40","4,402.82","4,504.93","−206.04 (−4.37%)","0.00","0.00","5,067.00","4,921.43","5,071.07","5,032.54","4,605.65"
"Sun 01 Feb '26   23:00","4,809.66","4,884.48","4,591.69","4,710.97","−174.58 (−3.57%)","0.00","0.00","5,126.17","5,025.56","5,127.69","5,054.08","4,710.97"
"Fri 30 Jan '26   19:00","4,879.98","4,947.88","4,809.54","4,885.55","+5.67 (+0.12%)","0.00","0.00","5,169.87","5,104.20","5,169.36","5,068.08","5,051.11"
"Fri 30 Jan '26   15:00","5,033.06","5,074.20","4,691.32","4,879.88","−153.04 (−3.04%)","0.00","0.00","5,199.80","5,158.87","5,197.74","5,075.54","5,075.86"
"Fri 30 Jan '26   11:00","5,119.72","5,145.78","4,992.38","5,032.92","−86.80 (−1.70%)","0.00","0.00","5,233.48","5,228.61","5,229.53","5,083.52","5,132.64"
"Fri 30 Jan '26   07:00","5,156.04","5,186.53","4,942.84","5,119.72","−36.21 (−0.70%)","0.00","0.00","5,254.59","5,277.54","5,249.19","5,085.59","5,167.67"
"Fri 30 Jan '26   03:00","5,224.95","5,241.24","5,145.52","5,155.93","−68.96 (−1.32%)","0.00","0.00","5,268.78","5,316.99","5,262.14","5,084.19","5,192.76"
"Thu 29 Jan '26   23:00","5,382.82","5,450.95","5,112.27","5,224.89","−153.06 (−2.85%)","0.00","0.00","5,280.66","5,357.26","5,272.76","5,081.27","5,224.89"
"Thu 29 Jan '26   19:00","5,338.99","5,426.19","5,282.78","5,377.95","+38.96 (+0.73%)","0.00","0.00","5,286.53","5,390.35","5,277.54","5,075.40","5,462.79"
"Thu 29 Jan '26   15:00","5,496.78","5,496.78","5,102.59","5,338.99","−157.95 (−2.87%)","0.00","0.00","5,276.91","5,393.45","5,267.50","5,063.05","5,475.65"
"Thu 29 Jan '26   11:00","5,483.52","5,549.75","5,470.88","5,496.94","+13.42 (+0.24%)","0.00","0.00","5,270.38","5,407.06","5,260.35","5,051.79","5,520.15"
"Thu 29 Jan '26   07:00","5,561.73","5,575.06","5,474.40","5,483.52","−78.24 (−1.41%)","0.00","1.00","5,246.53","5,384.59","5,236.70","5,033.62","5,528.05"
"Thu 29 Jan '26   03:00","5,535.96","5,595.46","5,508.33","5,561.76","+25.90 (+0.47%)","0.00","0.00","5,221.58","5,359.86","5,212.01","5,015.26","5,547.59"
"Wed 28 Jan '26   23:00","5,415.78","5,598.60","5,415.78","5,535.86","+118.50 (+2.19%)","0.00","0.00","5,185.77","5,309.38","5,177.04","4,992.95","5,535.86"
"Wed 28 Jan '26   19:00","5,282.91","5,417.57","5,269.62","5,417.36","+134.39 (+2.54%)","0.00","0.00","5,148.92","5,252.76","5,141.16","4,970.79","5,291.59"
"Wed 28 Jan '26   15:00","5,286.24","5,326.00","5,235.84","5,282.97","−3.32 (−0.06%)","0.00","0.00","5,120.67","5,211.61","5,113.54","4,952.57","5,269.14"
"Wed 28 Jan '26   11:00","5,270.12","5,289.45","5,238.69","5,286.29","+16.17 (+0.31%)","0.00","0.00","5,103.58","5,193.77","5,096.59","4,939.08","5,264.48"
"Wed 28 Jan '26   07:00","5,269.95","5,311.55","5,262.96","5,270.12","+0.25 (+0.00%)","0.00","0.00","5,084.35","5,170.64","5,077.62","4,924.91","5,256.23"
"Wed 28 Jan '26   03:00","5,232.07","5,271.48","5,224.55","5,269.87","+37.90 (+0.72%)","0.00","0.00","5,064.79","5,145.78","5,058.37","4,910.82","5,249.89"
"Tue 27 Jan '26   23:00","5,179.66","5,234.62","5,157.41","5,231.97","+51.05 (+0.99%)","0.00","0.00","5,043.21","5,114.75","5,037.22","4,896.16","5,231.97"
"Tue 27 Jan '26   19:00","5,088.00","5,190.46","5,081.18","5,180.92","+92.91 (+1.83%)","0.00","0.00","5,023.34","5,085.45","5,017.75","4,882.46","5,091.46"
"Tue 27 Jan '26   15:00","5,054.19","5,103.19","5,047.74","5,088.01","+33.29 (+0.66%)","0.00","0.00","5,006.75","5,061.58","5,001.43","4,870.27","5,077.09"
"Tue 27 Jan '26   11:00","5,086.32","5,092.79","5,046.65","5,054.72","−31.57 (−0.62%)","0.00","0.00","4,998.20","5,054.97","4,992.77","4,861.39","5,073.44"
"Tue 27 Jan '26   07:00","5,085.93","5,100.84","5,073.37","5,086.29","+0.37 (+0.01%)","0.00","0.00","4,992.25","5,055.03","4,986.58","4,853.50","5,081.28"
"Tue 27 Jan '26   03:00","5,072.52","5,094.09","5,057.38","5,085.92","+13.39 (+0.26%)","1.00","0.00","4,982.35","5,047.22","4,976.61","4,843.99","5,078.90"
"Mon 26 Jan '26   23:00","5,012.91","5,079.82","5,012.81","5,072.53","+63.87 (+1.28%)","0.00","0.00","4,971.44","5,037.55","4,965.68","4,834.12","5,072.53"
"Mon 26 Jan '26   19:00","5,068.90","5,069.70","4,990.11","5,008.66","−60.24 (−1.19%)","0.00","1.00","4,960.80","5,028.80","4,954.99","4,824.39","5,070.37"
"Mon 26 Jan '26   15:00","5,096.30","5,105.12","5,058.09","5,068.90","−27.40 (−0.54%)","0.00","0.00","4,955.77","5,033.83","4,949.63","4,816.87","5,082.11"
"Mon 26 Jan '26   11:00","5,091.73","5,096.98","5,054.68","5,096.30","+4.58 (+0.09%)","0.00","0.00","4,943.86","5,025.07","4,937.70","4,806.58","5,086.62"
"Mon 26 Jan '26   07:00","5,077.64","5,098.44","5,074.01","5,091.72","+14.12 (+0.28%)","0.00","0.00","4,927.81","5,007.26","4,921.84","4,794.75","5,083.02"
"Mon 26 Jan '26   03:00","5,080.93","5,111.13","5,052.37","5,077.60","−3.31 (−0.07%)","0.00","0.00","4,910.56","4,986.14","4,904.85","4,782.63","5,079.35"
"Sun 25 Jan '26   23:00","5,002.59","5,093.19","5,002.52","5,080.91","+92.68 (+1.86%)","0.00","0.00","4,892.97","4,963.28","4,887.58","4,770.59","5,080.91"
"Fri 23 Jan '26   19:00","4,966.78","4,989.74","4,966.78","4,988.23","+21.59 (+0.43%)","0.00","0.00","4,873.19","4,933.87","4,868.24","4,757.93","4,955.13"
"Fri 23 Jan '26   15:00","4,943.21","4,988.25","4,938.37","4,966.64","+23.38 (+0.47%)","0.00","0.00","4,861.08","4,920.28","4,856.24","4,748.53","4,950.69"
"Fri 23 Jan '26   11:00","4,929.88","4,956.61","4,912.05","4,943.26","+13.37 (+0.27%)","0.00","0.00","4,849.97","4,908.69","4,845.20","4,739.63","4,944.65"
"Fri 23 Jan '26   07:00","4,953.73","4,959.60","4,899.82","4,929.89","−23.83 (−0.48%)","0.00","0.00","4,840.15","4,900.05","4,835.40","4,731.31","4,945.28"
"Fri 23 Jan '26   03:00","4,955.59","4,967.24","4,938.16","4,953.72","−1.87 (−0.04%)","0.00","0.00","4,830.71","4,892.59","4,825.95","4,723.21","4,954.80"
"Thu 22 Jan '26   23:00","4,941.04","4,967.33","4,930.87","4,955.59","+19.32 (+0.39%)","0.00","0.00","4,817.76","4,877.31","4,813.17","4,713.80","4,955.59"
"Thu 22 Jan '26   19:00","4,916.11","4,940.86","4,906.06","4,936.27","+20.15 (+0.41%)","0.00","0.00","4,803.25","4,857.74","4,798.93","4,703.93","4,855.71"
"Thu 22 Jan '26   15:00","4,835.18","4,919.52","4,827.07","4,916.12","+80.85 (+1.67%)","1.00","0.00","4,789.25","4,838.11","4,785.20","4,694.45","4,844.86"
"Thu 22 Jan '26   11:00","4,829.09","4,847.85","4,810.77","4,835.27","+6.27 (+0.13%)","0.00","0.00","4,775.89","4,818.61","4,772.10","4,685.40","4,819.86"
"Thu 22 Jan '26   07:00","4,826.62","4,838.82","4,814.11","4,829.00","+2.42 (+0.05%)","0.00","0.00","4,769.64","4,814.44","4,765.79","4,679.28","4,814.04"
"Thu 22 Jan '26   03:00","4,789.14","4,829.27","4,784.39","4,826.58","+37.41 (+0.78%)","0.00","0.00","4,763.39","4,810.80","4,759.47","4,673.17","4,807.61"
"Wed 21 Jan '26   23:00","4,831.62","4,834.06","4,772.51","4,789.17","−39.74 (−0.82%)","0.00","1.00","4,756.74","4,806.86","4,752.76","4,666.91","4,789.17"
"Wed 21 Jan '26   19:00","4,850.16","4,854.00","4,756.01","4,828.91","−21.28 (−0.44%)","0.00","0.00","4,753.33","4,811.28","4,749.11","4,661.92","4,846.55"
"Wed 21 Jan '26   15:00","4,852.03","4,868.82","4,802.46","4,850.19","−1.85 (−0.04%)","0.00","0.00","4,745.37","4,806.87","4,741.14","4,655.11","4,849.66"
"Wed 21 Jan '26   11:00","4,862.12","4,880.96","4,839.37","4,852.04","−10.05 (−0.21%)","0.00","0.00","4,734.34","4,796.05","4,730.23","4,647.14","4,849.45"
"Wed 21 Jan '26   07:00","4,847.57","4,877.19","4,832.61","4,862.09","+14.53 (+0.30%)","0.00","0.00","4,721.95","4,782.05","4,718.05","4,638.78","4,848.45"
"Wed 21 Jan '26   03:00","4,836.72","4,888.50","4,827.15","4,847.56","+10.84 (+0.22%)","0.00","0.00","4,707.19","4,762.04","4,703.64","4,629.66","4,842.34"
"Tue 20 Jan '26   23:00","4,763.58","4,844.19","4,757.90","4,836.72","+73.39 (+1.54%)","0.00","0.00","4,692.42","4,740.66","4,689.25","4,620.77","4,836.72"
"Tue 20 Jan '26   19:00","4,759.42","4,766.29","4,747.61","4,763.33","+3.91 (+0.08%)","0.00","0.00","4,677.23","4,716.64","4,674.51","4,611.96","4,730.86"
"Tue 20 Jan '26   15:00","4,741.22","4,766.22","4,722.50","4,759.42","+18.16 (+0.38%)","0.00","0.00","4,668.16","4,704.97","4,665.62","4,605.78","4,726.79"
"Tue 20 Jan '26   11:00","4,726.61","4,750.87","4,715.41","4,741.26","+14.65 (+0.31%)","0.00","0.00","4,658.56","4,691.35","4,656.24","4,599.51","4,715.75"
"Tue 20 Jan '26   07:00","4,712.52","4,737.44","4,711.46","4,726.61","+14.09 (+0.30%)","0.00","0.00","4,649.85","4,678.88","4,647.74","4,593.72","4,704.16"
"Tue 20 Jan '26   03:00","4,668.76","4,717.14","4,666.18","4,712.52","+43.78 (+0.94%)","0.00","0.00","4,641.77","4,666.94","4,639.86","4,588.30","4,692.78"
"Mon 19 Jan '26   23:00","4,673.33","4,677.17","4,659.55","4,668.74","−2.17 (−0.05%)","0.00","0.00","4,634.33","4,655.55","4,632.59","4,583.23","4,668.74"
"Mon 19 Jan '26   19:00","4,676.74","4,676.80","4,667.20","4,670.91","−5.83 (−0.12%)","0.00","0.00","4,630.70","4,652.25","4,628.97","4,579.74","4,668.80"
"Mon 19 Jan '26   15:00","4,666.62","4,680.32","4,664.30","4,676.74","+10.12 (+0.22%)","0.00","0.00","4,626.47","4,647.59","4,624.78","4,576.01","4,668.76"
"Mon 19 Jan '26   11:00","4,663.79","4,673.76","4,659.75","4,666.62","+2.83 (+0.06%)","0.00","0.00","4,621.18","4,640.30","4,619.58","4,571.90","4,667.24"
"Mon 19 Jan '26   07:00","4,678.03","4,678.63","4,661.33","4,663.79","−14.26 (−0.30%)","0.00","0.00","4,616.40","4,633.72","4,614.88","4,568.04","4,667.40"
"Mon 19 Jan '26   03:00","4,662.53","4,679.15","4,658.27","4,678.05","+15.50 (+0.33%)","0.00","0.00","4,611.41","4,626.20","4,609.99","4,564.13","4,668.70"
"Sun 18 Jan '26   23:00","4,628.21","4,690.77","4,620.21","4,662.55","+66.74 (+1.45%)","0.00","0.00","4,604.40","4,613.23","4,603.18","4,559.48","4,662.55"
"Fri 16 Jan '26   19:00","4,582.71","4,598.43","4,580.76","4,595.81","+13.14 (+0.29%)","0.00","0.00","4,598.27","4,600.91","4,597.25","4,555.27","4,595.62"
"Fri 16 Jan '26   15:00","4,607.85","4,620.38","4,536.72","4,582.67","−25.23 (−0.55%)","0.00","0.00","4,598.53","4,602.18","4,597.39","4,553.62","4,595.60"
"Fri 16 Jan '26   11:00","4,600.25","4,616.05","4,582.68","4,607.90","+7.67 (+0.17%)","0.00","0.00","4,600.20","4,607.06","4,598.86","4,552.43","4,600.54"
"Fri 16 Jan '26   07:00","4,598.27","4,612.13","4,596.90","4,600.23","+2.02 (+0.04%)","0.00","0.00","4,599.39","4,606.85","4,597.96","4,550.17","4,597.52"
"Fri 16 Jan '26   03:00","4,595.05","4,616.09","4,592.86","4,598.21","+3.17 (+0.07%)","0.00","0.00","4,599.30","4,608.50","4,597.73","4,548.13","4,596.53"
"Thu 15 Jan '26   23:00","4,616.91","4,620.89","4,591.43","4,595.04","−20.54 (−0.45%)","0.00","0.00","4,599.42","4,611.07","4,597.69","4,546.08","4,595.04"
"Thu 15 Jan '26   19:00","4,617.58","4,621.54","4,600.81","4,615.58","−2.00 (−0.04%)","0.00","0.00","4,599.88","4,615.08","4,597.95","4,544.08","4,612.45"
"Thu 15 Jan '26   15:00","4,611.11","4,624.98","4,601.36","4,617.58","+6.46 (+0.14%)","0.00","0.00","4,598.23","4,614.96","4,596.19","4,541.16","4,612.07"
"Thu 15 Jan '26   11:00","4,619.90","4,623.01","4,582.34","4,611.12","−8.75 (−0.19%)","0.00","0.00","4,596.19","4,614.30","4,594.05","4,538.05","4,610.51"
"Thu 15 Jan '26   07:00","4,610.26","4,620.34","4,597.88","4,619.87","+9.59 (+0.21%)","0.00","0.00","4,594.62","4,615.10","4,592.34","4,535.06","4,610.28"
"Thu 15 Jan '26   03:00","4,602.99","4,612.03","4,581.20","4,610.28","+7.29 (+0.16%)","0.00","0.00","4,591.96","4,613.90","4,589.59","4,531.60","4,606.61"
"Wed 14 Jan '26   23:00","4,630.76","4,632.62","4,583.76","4,602.99","−23.06 (−0.50%)","0.00","0.00","4,590.03","4,614.81","4,587.52","4,528.39","4,602.99"
"Wed 14 Jan '26   19:00","4,635.15","4,642.96","4,617.89","4,626.05","−9.06 (−0.20%)","0.00","0.00","4,588.67","4,617.77","4,585.97","4,525.34","4,628.56"
"Wed 14 Jan '26   15:00","4,617.52","4,637.26","4,599.37","4,635.11","+17.45 (+0.38%)","0.00","0.00","4,584.73","4,615.69","4,581.96","4,521.23","4,628.93"
"Wed 14 Jan '26   11:00","4,633.09","4,641.89","4,606.86","4,617.66","−15.43 (−0.33%)","0.00","0.00","4,579.43","4,610.84","4,576.65","4,516.59","4,626.75"
"Wed 14 Jan '26   07:00","4,637.27","4,639.62","4,621.99","4,633.09","−4.17 (−0.09%)","0.00","0.00","4,575.41","4,609.14","4,572.55","4,512.46","4,630.50"
"Wed 14 Jan '26   03:00","4,620.54","4,639.68","4,613.45","4,637.26","+16.72 (+0.36%)","0.00","0.00","4,569.34","4,603.15","4,566.49","4,507.54","4,629.35"
"Tue 13 Jan '26   23:00","4,587.41","4,623.71","4,587.26","4,620.54","+33.91 (+0.74%)","0.00","0.00","4,562.19","4,594.62","4,559.42","4,502.24","4,620.54"
"Tue 13 Jan '26   19:00","4,594.19","4,598.97","4,569.72","4,586.63","−7.55 (−0.16%)","0.00","0.00","4,556.04","4,588.14","4,553.31","4,497.41","4,597.15"
"Tue 13 Jan '26   15:00","4,629.90","4,630.32","4,581.25","4,594.18","−35.74 (−0.77%)","0.00","0.00","4,552.82","4,588.52","4,549.97","4,493.77","4,598.58"
"Tue 13 Jan '26   11:00","4,586.36","4,634.71","4,577.89","4,629.92","+43.55 (+0.95%)","0.00","0.00","4,548.47","4,587.10","4,545.55","4,489.67","4,600.15"
"Tue 13 Jan '26   07:00","4,581.76","4,597.09","4,577.55","4,586.37","+4.72 (+0.10%)","0.00","0.00","4,539.90","4,576.40","4,537.12","4,483.95","4,587.81"
"Tue 13 Jan '26   03:00","4,594.26","4,602.24","4,573.73","4,581.65","−12.64 (−0.28%)","0.00","0.00","4,535.00","4,573.90","4,532.19","4,479.77","4,588.36"
"Mon 12 Jan '26   23:00","4,600.47","4,608.30","4,575.71","4,594.29","−2.60 (−0.06%)","0.00","0.00","4,530.09","4,571.97","4,527.24","4,475.61","4,594.29"
"Mon 12 Jan '26   19:00","4,610.88","4,618.94","4,589.39","4,596.89","−14.00 (−0.30%)","0.00","0.00","4,523.34","4,566.39","4,520.54","4,470.77","4,593.48"
"Mon 12 Jan '26   15:00","4,602.16","4,630.24","4,600.44","4,610.89","+8.68 (+0.19%)","0.00","0.00","4,515.59","4,558.76","4,512.90","4,465.62","4,593.07"
"Mon 12 Jan '26   11:00","4,594.35","4,620.38","4,578.56","4,602.21","+7.88 (+0.17%)","0.00","0.00","4,505.56","4,545.73","4,503.11","4,459.69","4,588.16"
"Mon 12 Jan '26   07:00","4,578.58","4,599.39","4,574.83","4,594.33","+15.75 (+0.34%)","0.00","0.00","4,495.39","4,531.61","4,493.19","4,453.87","4,582.81"
"Mon 12 Jan '26   03:00","4,577.51","4,585.06","4,563.40","4,578.58","+1.03 (+0.02%)","0.00","0.00","4,484.97","4,515.93","4,483.08","4,448.14","4,578.00"
"Sun 11 Jan '26   23:00","4,518.84","4,601.25","4,512.95","4,577.55","+68.03 (+1.51%)","0.00","0.00","4,475.12","4,500.26","4,473.53","4,442.82","4,577.55"
"Fri 09 Jan '26   19:00","4,496.20","4,511.26","4,492.84","4,509.52","+13.30 (+0.30%)","0.00","0.00","4,464.34","4,480.94","4,463.13","4,437.32","4,486.50"
"Fri 09 Jan '26   15:00","4,494.59","4,517.21","4,482.13","4,496.22","+1.69 (+0.04%)","0.00","0.00","4,459.58","4,473.80","4,458.49","4,434.37","4,483.84"
"Fri 09 Jan '26   11:00","4,472.64","4,498.10","4,459.17","4,494.53","+21.90 (+0.49%)","0.00","0.00","4,455.73","4,468.19","4,454.72","4,431.84","4,479.34"
"Fri 09 Jan '26   07:00","4,474.19","4,477.66","4,464.11","4,472.63","−1.54 (−0.03%)","0.00","0.00","4,451.64","4,461.61","4,450.74","4,429.29","4,472.04"
"Fri 09 Jan '26   03:00","4,469.57","4,477.47","4,458.32","4,474.17","+4.58 (+0.10%)","0.00","0.00","4,449.43","4,458.85","4,448.55","4,427.52","4,471.80"
"Thu 08 Jan '26   23:00","4,481.13","4,484.10","4,452.95","4,469.59","−7.80 (−0.17%)","0.00","0.00","4,446.83","4,455.02","4,445.98","4,425.61","4,469.59"
"Thu 08 Jan '26   19:00","4,449.60","4,479.52","4,444.82","4,477.39","+27.75 (+0.62%)","0.00","0.00","4,444.43","4,451.38","4,443.62","4,423.82","4,442.42"
"Thu 08 Jan '26   15:00","4,432.97","4,465.47","4,427.94","4,449.64","+16.63 (+0.38%)","0.00","0.00","4,440.97","4,444.88","4,440.25","4,421.63","4,438.37"
"Thu 08 Jan '26   11:00","4,433.30","4,439.40","4,407.76","4,433.01","−0.30 (−0.01%)","0.00","0.00","4,440.05","4,443.68","4,439.31","4,420.49","4,435.05"
"Thu 08 Jan '26   07:00","4,433.30","4,439.71","4,419.99","4,433.31","+0.01 (+0.00%)","0.00","0.00","4,440.79","4,446.35","4,439.94","4,419.98","4,435.88"
"Thu 08 Jan '26   03:00","4,441.38","4,446.49","4,415.79","4,433.30","−8.09 (−0.18%)","0.00","0.00","4,441.58","4,449.61","4,440.60","4,419.43","4,437.00"
"Wed 07 Jan '26   23:00","4,458.91","4,466.45","4,433.51","4,441.39","−14.37 (−0.32%)","0.00","0.00","4,442.45","4,453.69","4,441.33","4,418.87","4,441.39"
"Wed 07 Jan '26   19:00","4,452.16","4,461.67","4,445.46","4,455.76","+3.60 (+0.08%)","0.00","0.00","4,442.56","4,456.77","4,441.33","4,417.95","4,455.21"
"Wed 07 Jan '26   15:00","4,445.67","4,468.37","4,423.53","4,452.16","+6.63 (+0.15%)","0.00","0.00","4,441.18","4,457.02","4,439.88","4,416.40","4,455.15"
"Wed 07 Jan '26   11:00","4,464.41","4,465.01","4,427.89","4,445.53","−18.93 (−0.42%)","0.00","0.00","4,440.02","4,458.23","4,438.65","4,414.94","4,456.07"
"Wed 07 Jan '26   07:00","4,444.22","4,474.83","4,441.77","4,464.46","+20.21 (+0.45%)","0.00","0.00","4,439.44","4,461.41","4,437.97","4,413.70","4,460.61"
"Wed 07 Jan '26   03:00","4,474.82","4,480.36","4,441.58","4,444.25","−30.57 (−0.68%)","0.00","0.00","4,436.81","4,460.65","4,435.32","4,411.62","4,459.06"
"Tue 06 Jan '26   23:00","4,494.56","4,500.52","4,459.69","4,474.82","−19.80 (−0.44%)","0.00","0.00","4,436.02","4,464.75","4,434.42","4,410.29","4,474.82"
"Tue 06 Jan '26   19:00","4,488.58","4,497.37","4,477.48","4,494.62","+6.04 (+0.13%)","0.00","0.00","4,431.94","4,462.23","4,430.38","4,407.66","4,474.06"
"Tue 06 Jan '26   15:00","4,487.34","4,494.18","4,463.13","4,488.58","+1.16 (+0.03%)","0.00","0.00","4,425.34","4,454.13","4,423.96","4,404.11","4,471.69"
"Tue 06 Jan '26   11:00","4,451.79","4,489.82","4,448.85","4,487.42","+35.64 (+0.80%)","0.00","0.00","4,418.68","4,445.52","4,417.50","4,400.66","4,466.16"
"Tue 06 Jan '26   07:00","4,465.89","4,475.83","4,442.63","4,451.78","−14.11 (−0.32%)","0.00","0.00","4,411.45","4,435.04","4,410.51","4,397.12","4,457.68"