Date,	open,	High	,Low	,Close	,Change	,Long signal	,Short signal	,ema20, ema9, ema21, ema50	,vwap
"Wed 05 Aug '26   18:00","4,250.29","4,267.73","4,249.33","4,260.34","+10.05 (+0.24%)","0.00","0.00","4,183.29","4,223.01","4,180.46","4,130.75","4,177.04"
"Wed 05 Aug '26   17:00","4,242.35","4,252.50","4,236.90","4,250.29","+7.95 (+0.19%)","0.00","0.00","4,175.18","4,213.67","4,172.47","4,125.46","4,173.58"
"Wed 05 Aug '26   16:00","4,232.81","4,247.42","4,224.79","4,242.34","+9.56 (+0.23%)","0.00","0.00","4,167.27","4,204.52","4,164.69","4,120.37","4,169.09"
"Wed 05 Aug '26   15:00","4,244.22","4,265.15","4,232.36","4,232.78","−11.43 (−0.27%)","0.00","0.00","4,159.37","4,195.06","4,156.92","4,115.39","4,164.04"
"Wed 05 Aug '26   14:00","4,206.09","4,247.60","4,203.76","4,244.21","+38.09 (+0.91%)","0.00","0.00","4,151.64","4,185.63","4,149.34","4,110.60","4,158.18"
"Wed 05 Aug '26   13:00","4,183.99","4,206.80","4,183.81","4,206.12","+22.12 (+0.53%)","0.00","0.00","4,141.89","4,170.99","4,139.85","4,105.14","4,149.28"
"Wed 05 Aug '26   12:00","4,188.94","4,213.48","4,183.26","4,184.00","−4.93 (−0.12%)","0.00","0.00","4,135.13","4,162.20","4,133.22","4,101.02","4,143.56"
"Wed 05 Aug '26   11:00","4,161.43","4,192.65","4,160.86","4,188.93","+27.49 (+0.66%)","0.00","0.00","4,129.99","4,156.75","4,128.14","4,097.63","4,139.61"
"Wed 05 Aug '26   10:00","4,158.05","4,161.51","4,150.21","4,161.44","+3.40 (+0.08%)","0.00","0.00","4,123.79","4,148.71","4,122.06","4,093.91","4,135.16"
"Wed 05 Aug '26   09:00","4,160.57","4,167.26","4,153.10","4,158.04","−2.53 (−0.06%)","0.00","0.00","4,119.82","4,145.53","4,118.13","4,091.15","4,133.39"
"Wed 05 Aug '26   08:00","4,170.89","4,172.69","4,159.04","4,160.57","−10.32 (−0.25%)","0.00","0.00","4,115.80","4,142.40","4,114.14","4,088.42","4,131.26"
"Wed 05 Aug '26   07:00","4,177.59","4,179.50","4,162.36","4,170.89","−6.69 (−0.16%)","0.00","0.00","4,111.09","4,137.86","4,109.49","4,085.48","4,128.15"
"Wed 05 Aug '26   06:00","4,161.50","4,178.45","4,160.26","4,177.58","+16.04 (+0.39%)","0.00","0.00","4,104.79","4,129.60","4,103.35","4,081.99","4,122.89"
"Wed 05 Aug '26   05:00","4,135.56","4,172.93","4,134.76","4,161.54","+25.97 (+0.63%)","0.00","0.00","4,097.13","4,117.60","4,095.93","4,078.09","4,114.31"
"Wed 05 Aug '26   04:00","4,128.37","4,141.44","4,128.33","4,135.57","+7.19 (+0.17%)","0.00","0.00","4,090.35","4,106.62","4,089.37","4,074.68","4,106.28"
"Wed 05 Aug '26   03:00","4,129.26","4,136.59","4,127.06","4,128.38","−0.88 (−0.02%)","0.00","0.00","4,085.59","4,099.38","4,084.75","4,072.20","4,102.39"
"Wed 05 Aug '26   02:00","4,101.47","4,135.35","4,095.55","4,129.26","+27.80 (+0.68%)","0.00","0.00","4,081.08","4,092.13","4,080.39","4,069.90","4,097.35"
"Wed 05 Aug '26   01:00","4,082.48","4,102.69","4,077.62","4,101.46","+18.99 (+0.47%)","0.00","0.00","4,076.01","4,082.85","4,075.50","4,067.48","4,085.76"
"Wed 05 Aug '26   00:00","4,072.51","4,083.51","4,070.45","4,082.47","+9.94 (+0.24%)","0.00","0.00","4,073.33","4,078.20","4,072.90","4,066.10","4,077.49"
"Tue 04 Aug '26   23:00","4,075.93","4,077.17","4,065.52","4,072.53","−3.26 (−0.08%)","0.00","0.00","4,072.37","4,077.13","4,071.95","4,065.43","4,073.96"
"Tue 04 Aug '26   22:00","4,077.99","4,085.86","4,075.78","4,075.79","−2.03 (−0.05%)","0.00","0.00","4,072.36","4,078.28","4,071.89","4,065.14","4,075.79"
"Tue 04 Aug '26   20:00","4,078.57","4,080.36","4,074.73","4,077.82","−0.76 (−0.02%)","0.00","0.00","4,071.99","4,078.90","4,071.50","4,064.70","4,069.82"
"Tue 04 Aug '26   19:00","4,079.89","4,084.79","4,076.41","4,078.58","−1.31 (−0.03%)","0.00","0.00","4,071.38","4,079.17","4,070.86","4,064.17","4,069.59"
"Tue 04 Aug '26   18:00","4,086.16","4,088.96","4,075.25","4,079.89","−6.27 (−0.15%)","0.00","0.00","4,070.62","4,079.31","4,070.09","4,063.58","4,069.17"
"Tue 04 Aug '26   17:00","4,093.41","4,106.39","4,086.16","4,086.16","−7.24 (−0.18%)","0.00","0.00","4,069.65","4,079.17","4,069.11","4,062.91","4,068.62"
"Tue 04 Aug '26   16:00","4,087.35","4,093.66","4,083.14","4,093.40","+6.05 (+0.15%)","0.00","0.00","4,067.91","4,077.42","4,067.41","4,061.96","4,067.55"
"Tue 04 Aug '26   15:00","4,083.59","4,088.85","4,074.85","4,087.35","+3.75 (+0.09%)","0.00","0.00","4,065.23","4,073.43","4,064.81","4,060.68","4,065.97"
"Tue 04 Aug '26   14:00","4,084.12","4,091.87","4,074.40","4,083.60","−0.60 (−0.01%)","0.00","0.00","4,062.90","4,069.95","4,062.56","4,059.59","4,064.30"
"Tue 04 Aug '26   13:00","4,070.96","4,093.84","4,061.38","4,084.20","+13.27 (+0.33%)","0.00","0.00","4,060.72","4,066.53","4,060.45","4,058.61","4,062.42"
"Tue 04 Aug '26   12:00","4,075.06","4,084.42","4,061.13","4,070.93","−4.13 (−0.10%)","0.00","0.00","4,058.25","4,062.12","4,058.08","4,057.57","4,059.96"
"Tue 04 Aug '26   11:00","4,053.88","4,084.26","4,052.40","4,075.06","+21.19 (+0.52%)","0.00","0.00","4,056.91","4,059.91","4,056.79","4,057.02","4,058.82"
"Tue 04 Aug '26   10:00","4,049.82","4,060.72","4,045.62","4,053.87","+4.04 (+0.10%)","0.00","0.00","4,055.00","4,056.13","4,054.96","4,056.29","4,057.07"
"Tue 04 Aug '26   09:00","4,055.08","4,055.41","4,046.27","4,049.83","−5.25 (−0.13%)","0.00","0.00","4,055.12","4,056.69","4,055.07","4,056.38","4,057.35"
"Tue 04 Aug '26   08:00","4,065.55","4,072.91","4,054.64","4,055.08","−10.47 (−0.26%)","0.00","0.00","4,055.68","4,058.41","4,055.60","4,056.65","4,058.04"
"Tue 04 Aug '26   07:00","4,063.44","4,066.76","4,060.89","4,065.55","+2.06 (+0.05%)","0.00","0.00","4,055.74","4,059.24","4,055.65","4,056.72","4,058.38"
"Tue 04 Aug '26   06:00","4,061.94","4,066.27","4,055.76","4,063.49","+1.56 (+0.04%)","0.00","0.00","4,054.71","4,057.66","4,054.66","4,056.36","4,057.56"
"Tue 04 Aug '26   05:00","4,063.85","4,067.81","4,057.35","4,061.93","−1.92 (−0.05%)","0.00","0.00","4,053.78","4,056.20","4,053.78","4,056.06","4,056.71"
"Tue 04 Aug '26   04:00","4,052.55","4,066.26","4,051.21","4,063.85","+11.30 (+0.28%)","1.00","0.00","4,052.92","4,054.77","4,052.96","4,055.83","4,055.93"
"Tue 04 Aug '26   03:00","4,058.90","4,061.75","4,052.19","4,052.55","−6.38 (−0.16%)","0.00","0.00","4,051.77","4,052.50","4,051.87","4,055.50","4,054.89"
"Tue 04 Aug '26   02:00","4,058.79","4,065.09","4,055.71","4,058.93","+0.14 (+0.00%)","0.00","0.00","4,051.69","4,052.49","4,051.80","4,055.62","4,055.34"
"Tue 04 Aug '26   01:00","4,049.06","4,061.90","4,042.62","4,058.79","+9.54 (+0.24%)","0.00","0.00","4,050.93","4,050.88","4,051.09","4,055.48","4,054.19"
"Tue 04 Aug '26   00:00","4,053.88","4,069.36","4,048.77","4,049.25","−4.64 (−0.11%)","0.00","0.00","4,050.10","4,048.90","4,050.32","4,055.35","4,051.34"
"Mon 03 Aug '26   23:00","4,052.89","4,055.08","4,050.23","4,053.89","+0.99 (+0.02%)","0.00","0.00","4,050.19","4,048.82","4,050.43","4,055.60","4,053.42"
"Mon 03 Aug '26   22:00","4,044.60","4,054.87","4,044.60","4,052.90","−2.15 (−0.05%)","0.00","0.00","4,049.80","4,047.55","4,050.08","4,055.67","4,052.90"
"Mon 03 Aug '26   20:00","4,052.07","4,058.23","4,050.28","4,055.05","+2.99 (+0.07%)","0.00","0.00","4,049.48","4,046.21","4,049.80","4,055.78","4,052.80"
"Mon 03 Aug '26   19:00","4,043.49","4,055.77","4,043.48","4,052.06","+8.58 (+0.21%)","0.00","0.00","4,048.89","4,044.00","4,049.28","4,055.81","4,052.75"
"Mon 03 Aug '26   18:00","4,030.55","4,045.06","4,029.73","4,043.48","+12.93 (+0.32%)","0.00","0.00","4,048.56","4,041.99","4,049.00","4,055.96","4,052.78"
"Mon 03 Aug '26   17:00","4,036.98","4,037.81","4,030.29","4,030.55","−6.41 (−0.16%)","0.00","0.00","4,049.09","4,041.61","4,049.55","4,056.47","4,053.18"
"Mon 03 Aug '26   16:00","4,036.13","4,039.30","4,034.69","4,036.96","+0.77 (+0.02%)","0.00","0.00","4,051.04","4,044.38","4,051.45","4,057.53","4,054.16"
"Mon 03 Aug '26   15:00","4,036.30","4,040.99","4,030.47","4,036.19","−0.11 (−0.00%)","0.00","0.00","4,052.53","4,046.23","4,052.90","4,058.37","4,055.01"
"Mon 03 Aug '26   14:00","4,032.13","4,039.30","4,026.71","4,036.30","+4.17 (+0.10%)","0.00","0.00","4,054.25","4,048.74","4,054.57","4,059.27","4,056.23"
"Mon 03 Aug '26   13:00","4,047.72","4,053.57","4,019.16","4,032.13","−15.58 (−0.38%)","0.00","1.00","4,056.14","4,051.85","4,056.40","4,060.21","4,057.86"
"Mon 03 Aug '26   12:00","4,062.56","4,064.59","4,042.28","4,047.71","−14.86 (−0.37%)","0.00","0.00","4,058.66","4,056.78","4,058.82","4,061.36","4,060.46"
"Mon 03 Aug '26   11:00","4,049.38","4,063.18","4,045.53","4,062.57","+13.18 (+0.33%)","0.00","0.00","4,059.82","4,059.05","4,059.94","4,061.92","4,061.45"
"Mon 03 Aug '26   10:00","4,055.31","4,057.16","4,046.21","4,049.39","−5.92 (−0.15%)","0.00","0.00","4,059.53","4,058.17","4,059.67","4,061.89","4,061.37"
"Mon 03 Aug '26   09:00","4,059.49","4,062.21","4,046.68","4,055.31","−4.19 (−0.10%)","0.00","0.00","4,060.59","4,060.37","4,060.70","4,062.40","4,062.22"
"Fri 24 Jul '26   11:00","4,060.14","4,063.47","4,051.49","4,057.82","−2.32 (−0.06%)","0.00","0.00","4,053.37","4,050.49","4,054.06","4,067.87","4,043.07"
"Fri 24 Jul '26   10:00","4,059.83","4,063.90","4,057.09","4,060.14","+0.30 (+0.01%)","0.00","0.00","4,052.90","4,048.66","4,053.68","4,068.28","4,042.11"
"Fri 24 Jul '26   09:00","4,057.58","4,060.79","4,051.77","4,059.84","+2.26 (+0.06%)","0.00","0.00","4,052.14","4,045.79","4,053.04","4,068.61","4,040.79"
"Fri 24 Jul '26   08:00","4,048.46","4,058.70","4,045.19","4,057.58","+9.14 (+0.23%)","1.00","0.00","4,051.33","4,042.28","4,052.36","4,068.97","4,039.27"
"Fri 24 Jul '26   07:00","4,035.74","4,053.74","4,035.10","4,048.44","+12.69 (+0.31%)","0.00","0.00","4,050.67","4,038.46","4,051.83","4,069.43","4,037.28"
"Fri 24 Jul '26   06:00","4,023.10","4,039.06","4,023.02","4,035.75","+12.64 (+0.31%)","0.00","0.00","4,050.90","4,035.96","4,052.17","4,070.29","4,035.84"
"Fri 24 Jul '26   05:00","4,027.07","4,032.23","4,022.03","4,023.11","−3.95 (−0.10%)","0.00","0.00","4,052.50","4,036.02","4,053.81","4,071.70","4,035.86"
"Fri 24 Jul '26   04:00","4,029.34","4,030.40","4,025.62","4,027.06","−2.28 (−0.06%)","0.00","0.00","4,055.59","4,039.24","4,056.88","4,073.68","4,037.96"
"Fri 24 Jul '26   03:00","4,024.60","4,033.73","4,023.24","4,029.34","+4.73 (+0.12%)","0.00","0.00","4,058.59","4,042.29","4,059.87","4,075.58","4,039.33"
"Fri 24 Jul '26   02:00","4,043.68","4,048.26","4,023.22","4,024.61","−19.07 (−0.47%)","0.00","0.00","4,061.67","4,045.53","4,062.92","4,077.47","4,041.51"
"Fri 24 Jul '26   01:00","4,049.86","4,050.39","4,040.03","4,043.68","−6.19 (−0.15%)","0.00","0.00","4,065.57","4,050.76","4,066.75","4,079.63","4,047.07"
"Fri 24 Jul '26   00:00","4,047.10","4,050.68","4,041.33","4,049.87","+2.75 (+0.07%)","0.00","0.00","4,067.88","4,052.52","4,069.06","4,081.10","4,049.05"
"Thu 23 Jul '26   23:00","4,049.63","4,050.60","4,046.74","4,047.12","−2.50 (−0.06%)","0.00","0.00","4,069.77","4,053.19","4,070.98","4,082.37","4,048.18"
"Thu 23 Jul '26   22:00","4,049.08","4,050.49","4,048.60","4,049.62","+0.52 (+0.01%)","0.00","0.00","4,072.16","4,054.71","4,073.36","4,083.81","4,049.62"
"Thu 23 Jul '26   20:00","4,049.82","4,051.27","4,047.47","4,049.10","−0.64 (−0.02%)","0.00","0.00","4,074.53","4,055.98","4,075.74","4,085.20","4,085.23"
"Thu 23 Jul '26   19:00","4,046.14","4,051.11","4,043.03","4,049.74","+3.62 (+0.09%)","0.00","0.00","4,077.21","4,057.70","4,078.40","4,086.68","4,085.96"
"Thu 23 Jul '26   18:00","4,041.81","4,048.41","4,040.83","4,046.12","+4.33 (+0.11%)","0.00","0.00","4,080.10","4,059.69","4,081.27","4,088.19","4,087.54"
"Thu 23 Jul '26   17:00","4,051.49","4,054.63","4,041.67","4,041.79","−9.69 (−0.24%)","0.00","0.00","4,083.68","4,063.08","4,084.78","4,089.90","4,089.64"
"Thu 23 Jul '26   16:00","4,048.73","4,051.81","4,045.92","4,051.48","+2.72 (+0.07%)","0.00","0.00","4,088.09","4,068.40","4,089.08","4,091.87","4,092.38"
"Thu 23 Jul '26   15:00","4,057.94","4,059.50","4,042.34","4,048.76","−9.21 (−0.23%)","0.00","0.00","4,091.94","4,072.63","4,092.84","4,093.51","4,094.76"
"Thu 23 Jul '26   14:00","4,043.39","4,061.77","4,040.18","4,057.97","+14.70 (+0.36%)","0.00","0.00","4,096.48","4,078.59","4,097.25","4,095.34","4,098.29"
"Thu 23 Jul '26   13:00","4,061.92","4,067.45","4,040.68","4,043.27","−18.59 (−0.46%)","0.00","0.00","4,100.54","4,083.75","4,101.17","4,096.87","4,101.90"
"Thu 23 Jul '26   12:00","4,085.68","4,085.95","4,061.08","4,061.86","−23.86 (−0.58%)","0.00","0.00","4,106.57","4,093.87","4,106.97","4,099.05","4,107.99"
"Thu 23 Jul '26   11:00","4,093.18","4,093.89","4,073.10","4,085.72","−7.48 (−0.18%)","0.00","0.00","4,111.27","4,101.87","4,111.48","4,100.57","4,112.17"
"Thu 23 Jul '26   10:00","4,089.92","4,095.33","4,086.14","4,093.20","+3.27 (+0.08%)","0.00","0.00","4,113.96","4,105.91","4,114.05","4,101.18","4,114.48"
"Thu 23 Jul '26   09:00","4,093.41","4,099.46","4,088.47","4,089.93","−3.54 (−0.09%)","0.00","0.00","4,116.15","4,109.09","4,116.14","4,101.50","4,116.12"
"Thu 23 Jul '26   08:00","4,095.42","4,097.76","4,087.06","4,093.47","−2.01 (−0.05%)","0.00","0.00","4,118.91","4,113.88","4,118.76","4,101.98","4,118.39"
"Thu 23 Jul '26   07:00","4,118.58","4,119.44","4,090.21","4,095.48","−23.10 (−0.56%)","0.00","0.00","4,121.58","4,118.98","4,121.29","4,102.32","4,120.94"
"Thu 23 Jul '26   06:00","4,124.08","4,128.24","4,116.97","4,118.58","−5.50 (−0.13%)","0.00","0.00","4,124.33","4,124.86","4,123.87","4,102.60","4,124.32"
"Thu 23 Jul '26   05:00","4,121.24","4,130.59","4,119.52","4,124.08","+2.82 (+0.07%)","0.00","0.00","4,124.94","4,126.43","4,124.39","4,101.95","4,125.12"
"Thu 23 Jul '26   04:00","4,124.67","4,130.34","4,120.09","4,121.26","−3.51 (−0.09%)","0.00","0.00","4,125.03","4,127.01","4,124.43","4,101.05","4,125.28"
"Thu 23 Jul '26   03:00","4,128.13","4,133.04","4,124.13","4,124.77","−3.33 (−0.08%)","0.00","0.00","4,125.42","4,128.45","4,124.74","4,100.22","4,125.81"
"Thu 23 Jul '26   02:00","4,117.93","4,128.77","4,112.11","4,128.10","+10.17 (+0.25%)","0.00","0.00","4,125.49","4,129.37","4,124.74","4,099.22","4,126.00"
"Thu 23 Jul '26   01:00","4,132.16","4,141.05","4,114.38","4,117.93","−14.25 (−0.34%)","0.00","0.00","4,125.22","4,129.69","4,124.40","4,098.04","4,125.40"
"Thu 23 Jul '26   00:00","4,133.44","4,134.75","4,125.16","4,132.18","−1.26 (−0.03%)","0.00","0.00","4,125.99","4,132.63","4,125.05","4,097.23","4,129.17"
"Wed 22 Jul '26   23:00","4,121.78","4,134.18","4,116.66","4,133.44","+11.65 (+0.28%)","0.00","0.00","4,125.33","4,132.75","4,124.34","4,095.80","4,127.49"
"Wed 22 Jul '26   22:00","4,122.40","4,135.35","4,101.08","4,121.79","−8.16 (−0.20%)","0.00","0.00","4,124.48","4,132.57","4,123.43","4,094.27","4,121.79"
"Wed 22 Jul '26   20:00","4,131.83","4,137.86","4,128.35","4,129.95","−1.89 (−0.05%)","0.00","0.00","4,124.76","4,135.27","4,123.59","4,093.14","4,127.34"
"Wed 22 Jul '26   19:00","4,136.09","4,137.21","4,129.00","4,131.84","−4.26 (−0.10%)","0.00","1.00","4,124.22","4,136.60","4,122.96","4,091.64","4,127.27"
"Wed 22 Jul '26   18:00","4,142.42","4,142.80","4,132.00","4,136.10","−6.34 (−0.15%)","0.00","0.00","4,123.42","4,137.79","4,122.07","4,090.00","4,127.06"
"Wed 22 Jul '26   17:00","4,146.86","4,147.92","4,138.41","4,142.44","−4.46 (−0.11%)","0.00","0.00","4,122.08","4,138.21","4,120.66","4,088.12","4,126.60"
"Wed 22 Jul '26   16:00","4,159.39","4,159.47","4,144.54","4,146.90","−12.54 (−0.30%)","0.00","0.00","4,119.94","4,137.15","4,118.49","4,085.90","4,125.76"
"Wed 22 Jul '26   15:00","4,148.55","4,166.08","4,148.55","4,159.44","+10.91 (+0.26%)","0.00","0.00","4,117.10","4,134.71","4,115.65","4,083.41","4,124.53"
"Wed 22 Jul '26   14:00","4,154.66","4,163.44","4,144.12","4,148.53","−6.09 (−0.15%)","0.00","0.00","4,112.64","4,128.53","4,111.27","4,080.31","4,122.01"
"Wed 22 Jul '26   13:00","4,112.88","4,155.96","4,112.80","4,154.62","+41.74 (+1.01%)","0.00","0.00","4,108.87","4,123.53","4,107.54","4,077.53","4,119.62"
"Wed 22 Jul '26   12:00","4,122.64","4,134.45","4,106.75","4,112.88","−9.75 (−0.24%)","0.00","0.00","4,104.05","4,115.76","4,102.83","4,074.38","4,116.32"
"Wed 22 Jul '26   11:00","4,117.60","4,123.06","4,112.60","4,122.63","+5.03 (+0.12%)","0.00","0.00","4,103.12","4,116.48","4,101.83","4,072.81","4,116.61"
"Wed 22 Jul '26   10:00","4,115.10","4,121.88","4,114.97","4,117.60","+2.50 (+0.06%)","0.00","0.00","4,101.07","4,114.94","4,099.75","4,070.77","4,116.17"
"Wed 22 Jul '26   09:00","4,118.37","4,122.39","4,113.34","4,115.10","−3.27 (−0.08%)","0.00","0.00","4,099.33","4,114.28","4,097.96","4,068.86","4,116.06"
"Wed 22 Jul '26   08:00","4,110.68","4,120.11","4,110.68","4,118.37","+7.69 (+0.19%)","0.00","0.00","4,097.66","4,114.07","4,096.25","4,066.98","4,116.14"
"Wed 22 Jul '26   07:00","4,116.51","4,123.03","4,109.31","4,110.68","−5.82 (−0.14%)","0.00","0.00","4,095.49","4,113.00","4,094.04","4,064.88","4,115.90"
"Wed 22 Jul '26   06:00","4,131.09","4,135.22","4,113.49","4,116.50","−14.58 (−0.35%)","0.00","0.00","4,093.89","4,113.58","4,092.37","4,063.01","4,116.55"
"Wed 22 Jul '26   05:00","4,127.02","4,134.05","4,123.15","4,131.08","+4.07 (+0.10%)","0.00","0.00","4,091.51","4,112.85","4,089.96","4,060.83","4,116.56"
"Wed 22 Jul '26   04:00","4,130.92","4,131.29","4,124.80","4,127.01","−3.91 (−0.09%)","0.00","0.00","4,087.34","4,108.29","4,085.85","4,057.96","4,114.26"
"Wed 22 Jul '26   03:00","4,130.55","4,141.71","4,129.33","4,130.92","+0.39 (+0.01%)","0.00","0.00","4,083.16","4,103.62","4,081.73","4,055.14","4,112.56"
"Wed 22 Jul '26   02:00","4,122.16","4,130.87","4,119.01","4,130.53","+8.37 (+0.20%)","0.00","0.00","4,078.14","4,096.79","4,076.81","4,052.05","4,108.76"
"Wed 22 Jul '26   01:00","4,097.52","4,123.59","4,096.73","4,122.16","+24.64 (+0.60%)","0.00","0.00","4,072.62","4,088.36","4,071.44","4,048.84","4,101.92"
"Wed 22 Jul '26   00:00","4,080.79","4,102.39","4,076.83","4,097.52","+16.82 (+0.41%)","0.00","0.00","4,067.41","4,079.90","4,066.37","4,045.85","4,089.52"
"Tue 21 Jul '26   23:00","4,080.51","4,083.12","4,079.33","4,080.70","+0.19 (+0.00%)","0.00","0.00","4,064.24","4,075.50","4,063.25","4,043.74","4,080.60"
"Tue 21 Jul '26   22:00","4,082.09","4,085.06","4,077.15","4,080.51","+2.68 (+0.07%)","0.00","0.00","4,062.50","4,074.20","4,061.51","4,042.23","4,080.51"
"Tue 21 Jul '26   20:00","4,084.59","4,086.27","4,076.68","4,077.83","−6.77 (−0.17%)","0.00","0.00","4,060.61","4,072.62","4,059.61","4,040.67","4,056.06"
"Tue 21 Jul '26   19:00","4,082.30","4,085.60","4,080.12","4,084.60","+2.29 (+0.06%)","0.00","0.00","4,058.80","4,071.32","4,057.79","4,039.15","4,055.67"
"Tue 21 Jul '26   18:00","4,068.74","4,087.04","4,067.75","4,082.31","+13.60 (+0.33%)","0.00","0.00","4,056.08","4,068.00","4,055.10","4,037.30","4,054.45"
"Tue 21 Jul '26   17:00","4,071.59","4,072.83","4,066.85","4,068.71","−2.89 (−0.07%)","0.00","0.00","4,053.32","4,064.42","4,052.38","4,035.46","4,053.21"
"Tue 21 Jul '26   16:00","4,074.24","4,079.20","4,069.92","4,071.60","−2.63 (−0.06%)","0.00","0.00","4,051.70","4,063.35","4,050.75","4,034.10","4,052.54"
"Tue 21 Jul '26   15:00","4,068.44","4,083.37","4,065.65","4,074.23","+5.79 (+0.14%)","0.00","0.00","4,049.60","4,061.29","4,048.67","4,032.57","4,051.56"
"Tue 21 Jul '26   14:00","4,053.15","4,073.80","4,051.86","4,068.44","+15.28 (+0.38%)","0.00","0.00","4,047.01","4,058.05","4,046.11","4,030.87","4,049.93"
"Tue 21 Jul '26   13:00","4,053.96","4,061.75","4,044.52","4,053.16","−0.79 (−0.02%)","0.00","0.00","4,044.76","4,055.46","4,043.88","4,029.34","4,048.27"
"Tue 21 Jul '26   12:00","4,056.05","4,065.76","4,051.12","4,053.95","−2.10 (−0.05%)","0.00","0.00","4,043.87","4,056.03","4,042.95","4,028.37","4,047.79"
"Tue 21 Jul '26   11:00","4,063.05","4,063.72","4,054.50","4,056.05","−6.98 (−0.17%)","0.00","0.00","4,042.81","4,056.55","4,041.85","4,027.32","4,047.27"
"Tue 21 Jul '26   10:00","4,066.06","4,070.20","4,061.03","4,063.03","−3.02 (−0.07%)","0.00","0.00","4,041.42","4,056.68","4,040.43","4,026.15","4,046.65"
"Tue 21 Jul '26   09:00","4,062.92","4,069.70","4,061.16","4,066.05","+3.18 (+0.08%)","0.00","0.00","4,039.14","4,055.09","4,038.17","4,024.65","4,045.30"
"Tue 21 Jul '26   08:00","4,071.33","4,072.59","4,059.22","4,062.87","−8.51 (−0.21%)","0.00","0.00","4,036.31","4,052.35","4,035.38","4,022.96","4,043.61"
"Tue 21 Jul '26   07:00","4,078.58","4,080.25","4,067.73","4,071.38","−7.03 (−0.17%)","0.00","0.00","4,033.51","4,049.72","4,032.63","4,021.33","4,041.77"
"Tue 21 Jul '26   06:00","4,061.48","4,084.19","4,061.48","4,078.41","+16.93 (+0.42%)","0.00","0.00","4,029.53","4,044.30","4,028.76","4,019.28","4,038.66"
"Tue 21 Jul '26   05:00","4,049.64","4,067.97","4,046.47","4,061.48","+11.84 (+0.29%)","0.00","0.00","4,024.38","4,035.78","4,023.79","4,016.87","4,032.74"
"Tue 21 Jul '26   04:00","4,047.01","4,051.75","4,043.76","4,049.64","+2.63 (+0.06%)","0.00","0.00","4,020.48","4,029.35","4,020.02","4,015.05","4,028.43"
"Tue 21 Jul '26   03:00","4,038.03","4,051.26","4,036.89","4,047.01","+8.98 (+0.22%)","0.00","0.00","4,017.41","4,024.28","4,017.06","4,013.64","4,025.96"
"Tue 21 Jul '26   02:00","4,023.22","4,044.97","4,022.06","4,038.03","+14.78 (+0.37%)","0.00","0.00","4,014.29","4,018.60","4,014.06","4,012.28","4,021.89"
"Tue 21 Jul '26   01:00","4,024.94","4,035.88","4,018.37","4,023.25","−1.68 (−0.04%)","0.00","0.00","4,011.79","4,013.74","4,011.67","4,011.22","4,017.29"
"Tue 21 Jul '26   00:00","4,009.96","4,027.18","4,003.88","4,024.93","+14.97 (+0.37%)","0.00","0.00","4,010.59","4,011.36","4,010.51","4,010.73","4,014.37"
"Mon 20 Jul '26   23:00","4,000.47","4,010.58","4,000.25","4,009.96","+9.48 (+0.24%)","0.00","0.00","4,009.08","4,007.97","4,009.07","4,010.15","4,005.46"
"Mon 20 Jul '26   22:00","4,009.83","4,010.85","3,999.81","4,000.48","−8.15 (−0.20%)","0.00","0.00","4,008.98","4,007.47","4,008.98","4,010.16","4,000.48"
"Mon 20 Jul '26   20:00","4,006.94","4,009.49","4,005.77","4,008.63","+1.69 (+0.04%)","0.00","0.00","4,009.88","4,009.21","4,009.83","4,010.56","4,011.01"
"Mon 20 Jul '26   19:00","4,007.34","4,017.92","4,004.33","4,006.94","−0.41 (−0.01%)","0.00","0.00","4,010.01","4,009.36","4,009.95","4,010.64","4,011.05"
"Mon 20 Jul '26   18:00","4,005.27","4,011.84","4,003.42","4,007.35","+2.08 (+0.05%)","0.00","0.00","4,010.33","4,009.96","4,010.25","4,010.79","4,011.25"
"Mon 20 Jul '26   17:00","4,009.83","4,013.00","4,003.81","4,005.27","−4.56 (−0.11%)","0.00","0.00","4,010.65","4,010.62","4,010.54","4,010.93","4,011.43"
"Mon 20 Jul '26   16:00","4,011.88","4,018.40","4,001.50","4,009.83","−2.04 (−0.05%)","0.00","0.00","4,011.21","4,011.95","4,011.07","4,011.16","4,011.73"
"Mon 20 Jul '26   15:00","4,006.30","4,019.57","4,004.50","4,011.87","+5.69 (+0.14%)","0.00","0.00","4,011.36","4,012.48","4,011.19","4,011.21","4,011.84"
"Mon 20 Jul '26   14:00","4,005.76","4,013.54","3,998.35","4,006.18","+0.37 (+0.01%)","0.00","0.00","4,011.31","4,012.64","4,011.12","4,011.19","4,011.84"
"Mon 20 Jul '26   13:00","4,008.20","4,017.45","4,005.78","4,005.81","−2.40 (−0.06%)","0.00","0.00","4,011.85","4,014.25","4,011.61","4,011.39","4,012.31"
"Mon 20 Jul '26   12:00","4,025.36","4,025.36","4,006.61","4,008.21","−17.15 (−0.43%)","0.00","0.00","4,012.48","4,016.36","4,012.20","4,011.62","4,012.87"
"Mon 20 Jul '26   11:00","4,024.21","4,040.77","4,019.86","4,025.36","+1.15 (+0.03%)","0.00","0.00","4,012.93","4,018.40","4,012.59","4,011.76","4,013.27"
"Mon 20 Jul '26   10:00","4,021.27","4,025.67","4,018.26","4,024.21","+2.96 (+0.07%)","0.00","0.00","4,011.62","4,016.66","4,011.32","4,011.20","4,012.23"
"Mon 20 Jul '26   09:00","4,019.02","4,023.35","4,014.95","4,021.25","+2.24 (+0.06%)","0.00","0.00","4,010.30","4,014.77","4,010.03","4,010.67","4,011.47"
"Mon 20 Jul '26   08:00","4,017.30","4,030.72","4,017.30","4,019.01","+1.73 (+0.04%)","0.00","0.00","4,009.14","4,013.15","4,008.91","4,010.24","4,010.72"
"Mon 20 Jul '26   07:00","4,003.93","4,021.85","4,002.20","4,017.28","+13.37 (+0.33%)","0.00","0.00","4,008.11","4,011.69","4,007.90","4,009.88","4,009.93"
"Mon 20 Jul '26   06:00","4,008.74","4,011.83","4,002.99","4,003.91","−4.85 (−0.12%)","0.00","0.00","4,007.14","4,010.29","4,006.96","4,009.58","4,009.10"
"Mon 20 Jul '26   05:00","4,018.92","4,021.17","4,005.47","4,008.76","−10.17 (−0.25%)","0.00","0.00","4,007.48","4,011.89","4,007.26","4,009.81","4,009.79"
"Mon 20 Jul '26   04:00","4,024.11","4,026.74","4,018.53","4,018.93","−5.18 (−0.13%)","0.00","0.00","4,007.34","4,012.67","4,007.11","4,009.85","4,009.93"
"Mon 20 Jul '26   03:00","4,021.89","4,027.96","4,018.61","4,024.11","+2.21 (+0.05%)","0.00","0.00","4,006.13","4,011.11","4,005.93","4,009.48","4,008.86"
"Mon 20 Jul '26   02:00","4,002.20","4,028.79","4,001.37","4,021.90","+19.67 (+0.49%)","0.00","0.00","4,004.23","4,007.86","4,004.11","4,008.89","4,005.94"
"Mon 20 Jul '26   01:00","4,008.57","4,020.76","3,995.73","4,002.23","−6.38 (−0.16%)","0.00","0.00","4,002.37","4,004.35","4,002.33","4,008.35","4,001.28"
"Mon 20 Jul '26   00:00","3,995.53","4,010.18","3,982.74","4,008.61","+13.15 (+0.33%)","0.00","0.00","4,002.39","4,004.87","4,002.34","4,008.60","4,000.81"
"Sun 19 Jul '26   23:00","3,994.84","3,996.17","3,989.48","3,995.46","+0.65 (+0.02%)","0.00","0.00","4,001.73","4,003.94","4,001.72","4,008.60","3,995.13"
"Sun 19 Jul '26   22:00","4,001.98","4,007.58","3,993.47","3,994.81","−23.53 (−0.59%)","0.00","0.00","4,002.39","4,006.06","4,002.34","4,009.14","3,994.81"
"Fri 17 Jul '26   20:00","4,015.48","4,018.46","4,008.66","4,018.34","+2.94 (+0.07%)","0.00","0.00","4,003.19","4,008.87","4,003.10","4,009.72","3,996.20"
"Fri 17 Jul '26   19:00","4,011.34","4,016.56","4,002.35","4,015.40","+4.08 (+0.10%)","0.00","0.00","4,001.60","4,006.51","4,001.57","4,009.37","3,995.71"
"Fri 17 Jul '26   18:00","4,010.09","4,016.17","4,006.61","4,011.32","+1.25 (+0.03%)","0.00","0.00","4,000.14","4,004.28","4,000.19","4,009.13","3,994.77"
"Fri 17 Jul '26   17:00","4,015.06","4,019.27","4,008.53","4,010.07","−4.98 (−0.12%)","0.00","0.00","3,998.97","4,002.52","3,999.08","4,009.04","3,993.93"
"Fri 17 Jul '26   16:00","4,019.31","4,023.76","4,011.07","4,015.05","−4.10 (−0.10%)","0.00","0.00","3,997.80","4,000.64","3,997.98","4,009.00","3,993.10"
"Fri 17 Jul '26   15:00","4,001.15","4,021.21","3,997.88","4,019.15","+17.90 (+0.45%)","0.00","0.00","3,995.98","3,997.03","3,996.27","4,008.75","3,991.72"
"Fri 17 Jul '26   14:00","3,997.26","4,004.47","3,990.24","4,001.25","+3.95 (+0.10%)","0.00","0.00","3,993.54","3,991.50","3,993.98","4,008.32","3,989.64"
"Fri 17 Jul '26   13:00","3,966.16","4,003.60","3,959.70","3,997.30","+31.15 (+0.79%)","1.00","0.00","3,992.73","3,989.07","3,993.25","4,008.61","3,988.61"
"Fri 17 Jul '26   12:00","3,994.11","3,995.59","3,964.15","3,966.15","−27.97 (−0.70%)","0.00","0.00","3,992.25","3,987.01","3,992.85","4,009.07","3,987.74"
"Fri 17 Jul '26   11:00","3,990.90","3,998.79","3,990.02","3,994.12","+3.22 (+0.08%)","0.00","0.00","3,995.00","3,992.22","3,995.52","4,010.83","3,989.47"
"Fri 17 Jul '26   10:00","3,998.07","3,999.10","3,990.59","3,990.90","−7.18 (−0.18%)","0.00","0.00","3,995.09","3,991.75","3,995.66","4,011.51","3,989.13"
"Fri 17 Jul '26   09:00","3,994.22","4,002.49","3,992.82","3,998.08","+3.81 (+0.10%)","0.00","0.00","3,995.53","3,991.96","3,996.14","4,012.35","3,989.00"
"Fri 17 Jul '26   08:00","3,992.76","3,999.89","3,987.92","3,994.27","+1.49 (+0.04%)","0.00","0.00","3,995.26","3,990.43","3,995.94","4,012.93","3,988.20"
"Fri 17 Jul '26   07:00","3,999.29","4,002.62","3,992.74","3,992.78","−6.60 (−0.17%)","0.00","0.00","3,995.37","3,989.47","3,996.11","4,013.69","3,987.53"
"Fri 17 Jul '26   06:00","3,985.11","4,007.19","3,985.11","3,999.38","+14.28 (+0.36%)","0.00","0.00","3,995.64","3,988.64","3,996.44","4,014.55","3,986.92"
"Fri 17 Jul '26   05:00","3,981.83","3,991.48","3,975.45","3,985.10","+3.27 (+0.08%)","0.00","0.00","3,995.25","3,985.95","3,996.15","4,015.17","3,985.01"
"Fri 17 Jul '26   04:00","3,991.44","3,991.72","3,980.25","3,981.83","−9.60 (−0.24%)","0.00","0.00","3,996.31","3,986.17","3,997.25","4,016.39","3,985.00"
"Fri 17 Jul '26   03:00","3,979.06","4,008.73","3,978.85","3,991.43","+12.22 (+0.31%)","0.00","0.00","3,997.84","3,987.25","3,998.79","4,017.80","3,985.47"
"Fri 17 Jul '26   02:00","3,983.22","3,987.35","3,970.80","3,979.21","−3.98 (−0.10%)","0.00","0.00","3,998.51","3,986.21","3,999.53","4,018.88","3,984.14"
"Fri 17 Jul '26   01:00","3,991.98","3,996.18","3,979.28","3,983.19","−8.79 (−0.22%)","0.00","0.00","4,000.54","3,987.95","4,001.56","4,020.50","3,985.65"
"Fri 17 Jul '26   00:00","3,986.08","3,992.03","3,980.68","3,991.98","+5.97 (+0.15%)","0.00","0.00","4,002.37","3,989.15","4,003.40","4,022.02","3,987.02"
"Thu 16 Jul '26   23:00","3,978.34","3,986.45","3,975.24","3,986.01","+7.68 (+0.19%)","0.00","0.00","4,003.46","3,988.44","4,004.54","4,023.25","3,982.60"
"Thu 16 Jul '26   22:00","3,976.07","3,980.42","3,973.26","3,978.33","+1.87 (+0.05%)","0.00","0.00","4,005.30","3,989.04","4,006.40","4,024.77","3,978.33"
"Thu 16 Jul '26   20:00","3,979.95","3,980.12","3,971.90","3,976.46","−3.50 (−0.09%)","0.00","0.00","4,008.14","3,991.72","4,009.20","4,026.66","4,015.20"
"Thu 16 Jul '26   19:00","3,980.39","3,986.12","3,969.29","3,979.96","−0.42 (−0.01%)","0.00","0.00","4,011.48","3,995.54","4,012.48","4,028.71","4,016.02"
"Thu 16 Jul '26   18:00","3,984.72","3,990.42","3,976.60","3,980.38","−4.23 (−0.11%)","0.00","0.00","4,014.79","3,999.43","4,015.73","4,030.70","4,017.91"
"Thu 16 Jul '26   17:00","3,992.05","3,992.99","3,980.08","3,984.61","−7.44 (−0.19%)","0.00","0.00","4,018.42","4,004.20","4,019.26","4,032.76","4,020.01"
"Thu 16 Jul '26   16:00","4,007.03","4,007.66","3,982.52","3,992.05","−14.99 (−0.37%)","0.00","0.00","4,021.97","4,009.09","4,022.73","4,034.72","4,022.18"
"Thu 16 Jul '26   15:00","3,997.90","4,016.92","3,989.39","4,007.04","+9.13 (+0.23%)","0.00","0.00","4,025.12","4,013.36","4,025.80","4,036.46","4,024.28"
"Thu 16 Jul '26   14:00","3,990.09","4,006.67","3,987.16","3,997.91","+7.70 (+0.19%)","0.00","0.00","4,027.03","4,014.93","4,027.67","4,037.67","4,025.62"
"Thu 16 Jul '26   13:00","3,992.42","4,008.44","3,973.74","3,990.21","−2.18 (−0.05%)","0.00","0.00","4,030.09","4,019.19","4,030.65","4,039.29","4,028.20"
"Thu 16 Jul '26   12:00","4,038.47","4,043.37","3,990.43","3,992.39","−46.07 (−1.14%)","0.00","0.00","4,034.29","4,026.43","4,034.69","4,041.29","4,032.26"
"Thu 16 Jul '26   11:00","4,029.60","4,042.43","4,021.26","4,038.46","+8.88 (+0.22%)","0.00","0.00","4,038.70","4,034.95","4,038.92","4,043.29","4,036.48"
"Thu 16 Jul '26   10:00","4,031.72","4,034.79","4,028.69","4,029.58","−2.21 (−0.05%)","0.00","0.00","4,038.73","4,034.07","4,038.97","4,043.48","4,036.31"
"Thu 16 Jul '26   09:00","4,035.35","4,037.72","4,030.52","4,031.79","−3.56 (−0.09%)","0.00","0.00","4,039.69","4,035.19","4,039.91","4,044.05","4,036.80"
"Thu 16 Jul '26   08:00","4,030.61","4,036.62","4,025.31","4,035.35","+4.61 (+0.11%)","0.00","0.00","4,040.52","4,036.04","4,040.72","4,044.55","4,037.21"
"Thu 16 Jul '26   07:00","4,030.56","4,031.90","4,023.07","4,030.74","+0.10 (+0.00%)","0.00","0.00","4,041.06","4,036.21","4,041.26","4,044.93","4,037.41"
"Thu 16 Jul '26   06:00","4,027.35","4,036.51","4,023.07","4,030.64","+3.26 (+0.08%)","0.00","0.00","4,042.15","4,037.58","4,042.31","4,045.51","4,038.21"
"Thu 16 Jul '26   05:00","4,033.25","4,034.01","4,025.31","4,027.38","−5.86 (−0.15%)","0.00","0.00","4,043.36","4,039.31","4,043.47","4,046.11","4,039.37"
"Thu 16 Jul '26   04:00","4,036.37","4,037.96","4,031.99","4,033.24","−3.08 (−0.08%)","0.00","0.00","4,045.05","4,042.30","4,045.08","4,046.88","4,041.36"
"Thu 16 Jul '26   03:00","4,031.47","4,036.93","4,027.82","4,036.32","+4.83 (+0.12%)","0.00","0.00","4,046.29","4,044.56","4,046.27","4,047.44","4,042.34"
"Thu 16 Jul '26   02:00","4,039.10","4,040.12","4,024.33","4,031.49","−7.60 (−0.19%)","0.00","1.00","4,047.34","4,046.62","4,047.26","4,047.89","4,043.57"
"Thu 16 Jul '26   01:00","4,044.64","4,050.57","4,033.94","4,039.09","−5.56 (−0.14%)","0.00","0.00","4,049.01","4,050.41","4,048.84","4,048.56","4,047.31"
"Thu 16 Jul '26   00:00","4,057.91","4,061.29","4,043.94","4,044.65","−13.22 (−0.33%)","0.00","0.00","4,050.05","4,053.24","4,049.81","4,048.94","4,052.11"
"Wed 15 Jul '26   23:00","4,059.63","4,062.10","4,055.70","4,057.87","−1.80 (−0.04%)","0.00","0.00","4,050.62","4,055.38","4,050.33","4,049.12","4,058.71"
"Wed 15 Jul '26   22:00","4,062.75","4,066.75","4,058.32","4,059.67","−0.34 (−0.01%)","0.00","0.00","4,049.85","4,054.76","4,049.58","4,048.76","4,059.67"
"Wed 15 Jul '26   20:00","4,056.92","4,063.12","4,055.21","4,060.01","+2.97 (+0.07%)","0.00","0.00","4,048.82","4,053.53","4,048.57","4,048.32","4,045.44"
"Wed 15 Jul '26   19:00","4,059.15","4,062.94","4,047.97","4,057.04","−2.10 (−0.05%)","0.00","0.00","4,047.64","4,051.92","4,047.42","4,047.84","4,045.14"
"Wed 15 Jul '26   18:00","4,062.30","4,081.21","4,058.07","4,059.14","−3.16 (−0.08%)","0.00","0.00","4,046.65","4,050.63","4,046.46","4,047.47","4,044.53"
"Wed 15 Jul '26   17:00","4,033.80","4,066.05","4,033.02","4,062.30","+28.50 (+0.71%)","1.00","0.00","4,045.34","4,048.51","4,045.19","4,046.99","4,043.68"
"Wed 15 Jul '26   16:00","4,046.98","4,047.88","4,026.96","4,033.80","−13.19 (−0.33%)","0.00","1.00","4,043.55","4,045.06","4,043.48","4,046.36","4,042.50"
"Wed 15 Jul '26   15:00","4,060.55","4,062.97","4,039.61","4,046.99","−13.46 (−0.33%)","0.00","0.00","4,044.58","4,047.88","4,044.45","4,046.88","4,043.16"
"Wed 15 Jul '26   14:00","4,061.64","4,065.97","4,053.31","4,060.45","−1.16 (−0.03%)","0.00","0.00","4,044.33","4,048.10","4,044.20","4,046.87","4,042.85"
"Wed 15 Jul '26   13:00","4,067.83","4,074.08","4,054.21","4,061.61","−6.21 (−0.15%)","0.00","0.00","4,042.63","4,045.01","4,042.57","4,046.32","4,041.22"
"Wed 15 Jul '26   12:00","4,038.39","4,071.52","4,035.96","4,067.82","+29.43 (+0.73%)","1.00","0.00","4,040.63","4,040.86","4,040.67","4,045.69","4,039.20"
"Wed 15 Jul '26   11:00","4,028.18","4,040.19","4,027.67","4,038.39","+10.19 (+0.25%)","0.00","0.00","4,037.77","4,034.12","4,037.95","4,044.79","4,036.41"
"Wed 15 Jul '26   10:00","4,030.30","4,036.04","4,026.62","4,028.20","−2.10 (−0.05%)","0.00","0.00","4,037.71","4,033.05","4,037.91","4,045.05","4,036.25"
"Wed 15 Jul '26   09:00","4,031.24","4,034.31","4,025.58","4,030.30","−0.95 (−0.02%)","0.00","0.00","4,038.71","4,034.26","4,038.88","4,045.74","4,036.91"
"Wed 15 Jul '26   08:00","4,024.49","4,033.24","4,017.43","4,031.25","+6.74 (+0.17%)","0.00","0.00","4,039.59","4,035.26","4,039.74","4,046.37","4,037.47"
"Wed 15 Jul '26   07:00","4,032.13","4,034.32","4,019.79","4,024.51","−7.64 (−0.19%)","0.00","0.00","4,040.47","4,036.26","4,040.59","4,046.99","4,038.13"
"Wed 15 Jul '26   06:00","4,034.78","4,035.60","4,021.33","4,032.15","−2.69 (−0.07%)","0.00","0.00","4,042.15","4,039.19","4,042.19","4,047.90","4,039.84"
"Wed 15 Jul '26   05:00","4,033.17","4,036.59","4,022.24","4,034.84","+1.68 (+0.04%)","0.00","0.00","4,043.20","4,040.95","4,043.20","4,048.55","4,041.00"
"Wed 15 Jul '26   04:00","4,031.27","4,035.17","4,028.26","4,033.16","+1.89 (+0.05%)","0.00","0.00","4,044.08","4,042.48","4,044.03","4,049.11","4,042.02"
"Wed 15 Jul '26   03:00","4,035.32","4,040.35","4,028.13","4,031.27","−4.06 (−0.10%)","0.00","0.00","4,045.23","4,044.81","4,045.12","4,049.76","4,043.08"
"Wed 15 Jul '26   02:00","4,037.37","4,042.26","4,029.24","4,035.33","−2.06 (−0.05%)","0.00","0.00","4,046.70","4,048.20","4,046.51","4,050.51","4,045.39"
"Wed 15 Jul '26   01:00","4,059.04","4,062.15","4,035.66","4,037.39","−21.65 (−0.53%)","0.00","0.00","4,047.90","4,051.42","4,047.63","4,051.13","4,048.42"
"Wed 15 Jul '26   00:00","4,053.08","4,060.64","4,051.11","4,059.04","+5.98 (+0.15%)","0.00","0.00","4,049.01","4,054.93","4,048.65","4,051.69","4,054.80"
"Tue 14 Jul '26   23:00","4,048.99","4,056.15","4,046.80","4,053.06","+4.06 (+0.10%)","0.00","0.00","4,047.95","4,053.90","4,047.61","4,051.39","4,051.21"
"Tue 14 Jul '26   22:00","4,053.49","4,053.60","4,048.60","4,049.00","−3.66 (−0.09%)","0.00","0.00","4,047.41","4,054.11","4,047.06","4,051.32","4,049.00"
"Tue 14 Jul '26   20:00","4,055.77","4,056.44","4,049.29","4,052.66","−3.12 (−0.08%)","0.00","0.00","4,047.25","4,055.38","4,046.87","4,051.42","4,037.46"
"Tue 14 Jul '26   19:00","4,054.19","4,057.28","4,047.64","4,055.78","+1.59 (+0.04%)","0.00","0.00","4,046.68","4,056.06","4,046.29","4,051.37","4,037.17"
"Tue 14 Jul '26   18:00","4,062.78","4,063.15","4,042.88","4,054.19","−8.63 (−0.21%)","0.00","1.00","4,045.72","4,056.13","4,045.34","4,051.19","4,036.33"
"Tue 14 Jul '26   17:00","4,061.59","4,065.12","4,054.47","4,062.82","+1.23 (+0.03%)","0.00","0.00","4,044.82","4,056.62","4,044.46","4,051.07","4,035.45"
"Tue 14 Jul '26   16:00","4,066.28","4,067.00","4,057.78","4,061.59","−4.69 (−0.12%)","0.00","0.00","4,042.93","4,055.07","4,042.62","4,050.59","4,034.02"
"Tue 14 Jul '26   15:00","4,085.20","4,100.48","4,064.69","4,066.28","−18.92 (−0.46%)","0.00","0.00","4,040.97","4,053.44","4,040.73","4,050.14","4,032.29"
"Tue 14 Jul '26   14:00","4,076.73","4,090.20","4,070.77","4,085.20","+8.52 (+0.21%)","0.00","0.00","4,038.30","4,050.23","4,038.17","4,049.48","4,029.44"
"Tue 14 Jul '26   13:00","4,076.45","4,088.67","4,070.94","4,076.68","+0.35 (+0.01%)","0.00","0.00","4,033.37","4,041.49","4,033.47","4,048.02","4,023.99"
"Tue 14 Jul '26   12:00","4,031.32","4,103.24","4,023.30","4,076.33","+45.00 (+1.12%)","0.00","0.00","4,028.81","4,032.69","4,029.15","4,046.85","4,021.09"
"Tue 14 Jul '26   11:00","4,021.74","4,031.90","4,015.55","4,031.33","+9.60 (+0.24%)","0.00","0.00","4,023.80","4,021.78","4,024.43","4,045.65","4,016.77"
"Tue 14 Jul '26   10:00","4,021.78","4,022.90","4,015.20","4,021.73","0.00 (0.00%)","0.00","0.00","4,023.01","4,019.39","4,023.74","4,046.23","4,015.63"
"Tue 14 Jul '26   09:00","4,015.96","4,024.44","4,013.83","4,021.73","+5.78 (+0.14%)","0.00","0.00","4,023.15","4,018.80","4,023.94","4,047.23","4,015.19"
"Tue 14 Jul '26   08:00","4,020.72","4,023.86","4,014.56","4,015.95","−4.77 (−0.12%)","0.00","0.00","4,023.29","4,018.07","4,024.16","4,048.27","4,014.62"
"Tue 14 Jul '26   07:00","4,023.97","4,029.85","4,020.19","4,020.72","−3.22 (−0.08%)","0.00","0.00","4,024.07","4,018.60","4,024.98","4,049.59","4,014.48"
"Tue 14 Jul '26   06:00","4,031.42","4,033.21","4,021.80","4,023.94","−7.47 (−0.19%)","0.00","0.00","4,024.42","4,018.07","4,025.41","4,050.77","4,013.74"
"Tue 14 Jul '26   05:00","4,020.29","4,034.11","4,019.74","4,031.41","+11.11 (+0.28%)","1.00","0.00","4,024.47","4,016.60","4,025.55","4,051.87","4,012.44"
"Tue 14 Jul '26   04:00","4,016.93","4,023.44","4,013.54","4,020.30","+3.37 (+0.08%)","0.00","0.00","4,023.74","4,012.90","4,024.97","4,052.70","4,009.83"
"Tue 14 Jul '26   03:00","4,012.31","4,019.07","4,011.16","4,016.93","+4.62 (+0.12%)","0.00","0.00","4,024.10","4,011.05","4,025.43","4,054.02","4,008.47"
"Tue 14 Jul '26   02:00","4,010.63","4,019.09","4,006.03","4,012.31","+1.76 (+0.04%)","0.00","0.00","4,024.86","4,009.58","4,026.28","4,055.54","4,006.89"
"Tue 14 Jul '26   01:00","4,004.25","4,012.16","3,992.30","4,010.55","+6.31 (+0.16%)","0.00","0.00","4,026.18","4,008.90","4,027.68","4,057.30","4,005.36"
"Tue 14 Jul '26   00:00","4,001.17","4,007.27","3,983.57","4,004.24","+3.11 (+0.08%)","0.00","0.00","4,027.82","4,008.49","4,029.39","4,059.21","4,002.73"
"Mon 13 Jul '26   23:00","4,000.96","4,003.13","3,992.75","4,001.13","+0.19 (+0.00%)","0.00","0.00","4,030.31","4,009.55","4,031.91","4,061.45","4,001.05"
"Mon 13 Jul '26   22:00","4,001.61","4,006.64","4,000.93","4,000.94","−1.07 (−0.03%)","0.00","0.00","4,033.38","4,011.66","4,034.99","4,063.92","4,000.94"
"Mon 13 Jul '26   20:00","4,002.03","4,006.19","3,996.97","4,002.01","−0.07 (−0.00%)","0.00","0.00","4,036.79","4,014.34","4,038.39","4,066.49","4,044.56"
"Mon 13 Jul '26   19:00","4,001.51","4,004.55","3,993.55","4,002.08","+0.59 (+0.01%)","0.00","0.00","4,040.45","4,017.42","4,042.03","4,069.12","4,045.57"
"Mon 13 Jul '26   18:00","3,993.29","4,005.13","3,986.78","4,001.49","+8.25 (+0.21%)","0.00","0.00","4,044.49","4,021.25","4,046.03","4,071.85","4,047.71"
"Mon 13 Jul '26   17:00","3,993.26","4,001.90","3,992.10","3,993.24","−0.02 (−0.00%)","0.00","0.00","4,049.02","4,026.19","4,050.48","4,074.73","4,050.20"
"Mon 13 Jul '26   16:00","4,016.05","4,017.93","3,986.61","3,993.26","−22.72 (−0.57%)","0.00","0.00","4,054.89","4,034.43","4,056.20","4,078.05","4,053.49"
"Mon 13 Jul '26   15:00","4,015.30","4,020.24","4,010.34","4,015.98","+0.63 (+0.02%)","0.00","0.00","4,061.38","4,044.73","4,062.50","4,081.51","4,057.59"
"Mon 13 Jul '26   14:00","4,043.27","4,046.94","4,000.48","4,015.35","−27.89 (−0.69%)","0.00","0.00","4,066.16","4,051.91","4,067.15","4,084.19","4,060.47"
"Mon 13 Jul '26   13:00","4,067.42","4,067.64","4,042.03","4,043.24","−24.14 (−0.59%)","0.00","0.00","4,071.50","4,061.05","4,072.33","4,087.00","4,064.59"
"Mon 13 Jul '26   12:00","4,056.46","4,067.51","4,053.58","4,067.38","+10.92 (+0.27%)","0.00","0.00","4,074.48","4,065.51","4,075.24","4,088.78","4,066.49"
"Mon 13 Jul '26   11:00","4,060.61","4,068.47","4,055.02","4,056.46","−4.15 (−0.10%)","0.00","0.00","4,075.23","4,065.04","4,076.02","4,089.66","4,066.42"
"Mon 13 Jul '26   10:00","4,068.33","4,070.60","4,046.76","4,060.61","−7.72 (−0.19%)","0.00","0.00","4,077.20","4,067.19","4,077.98","4,091.01","4,067.16"
"Mon 13 Jul '26   09:00","4,074.62","4,076.73","4,068.23","4,068.33","−6.29 (−0.15%)","0.00","0.00","4,078.95","4,068.83","4,079.72","4,092.25","4,067.62"
"Mon 13 Jul '26   08:00","4,064.83","4,080.70","4,063.19","4,074.62","+9.90 (+0.24%)","0.00","0.00","4,080.07","4,068.96","4,080.86","4,093.23","4,067.57"
"Mon 13 Jul '26   07:00","4,055.53","4,065.15","4,048.97","4,064.72","+9.18 (+0.23%)","0.00","0.00","4,080.64","4,067.54","4,081.48","4,093.99","4,066.87"
"Mon 13 Jul '26   06:00","4,053.68","4,063.60","4,043.87","4,055.54","+1.76 (+0.04%)","0.00","0.00","4,082.31","4,068.24","4,083.16","4,095.18","4,067.08"
"Mon 13 Jul '26   05:00","4,058.90","4,073.14","4,052.28","4,053.78","−5.14 (−0.13%)","0.00","0.00","4,085.13","4,071.42","4,085.92","4,096.80","4,068.62"
"Mon 13 Jul '26   04:00","4,060.49","4,060.54","4,050.36","4,058.92","−1.58 (−0.04%)","0.00","0.00","4,088.43","4,075.83","4,089.13","4,098.56","4,070.92"
"Mon 13 Jul '26   03:00","4,068.69","4,069.43","4,053.09","4,060.50","−8.17 (−0.20%)","0.00","0.00","4,091.54","4,080.06","4,092.15","4,100.18","4,072.41"
"Mon 13 Jul '26   02:00","4,072.29","4,077.53","4,064.82","4,068.67","−3.55 (−0.09%)","0.00","0.00","4,094.81","4,084.95","4,095.32","4,101.80","4,074.50"
"Mon 13 Jul '26   01:00","4,074.07","4,089.78","4,065.52","4,072.22","−1.84 (−0.05%)","0.00","0.00","4,097.56","4,089.02","4,097.98","4,103.15","4,076.07"
"Mon 13 Jul '26   00:00","4,084.55","4,091.16","4,061.18","4,074.06","−10.38 (−0.25%)","0.00","0.00","4,100.23","4,093.21","4,100.56","4,104.41","4,077.86"
"Sun 12 Jul '26   23:00","4,076.71","4,084.82","4,068.61","4,084.44","+7.73 (+0.19%)","0.00","0.00","4,102.98","4,098.00","4,103.21","4,105.65","4,080.46"
"Sun 12 Jul '26   22:00","4,099.15","4,103.46","4,070.34","4,076.71","−43.16 (−1.05%)","0.00","1.00","4,104.93","4,101.39","4,105.09","4,106.51","4,076.71"
"Fri 10 Jul '26   20:00","4,108.48","4,120.93","4,108.34","4,119.87","+11.35 (+0.28%)","1.00","0.00","4,107.90","4,107.56","4,107.92","4,107.73","4,109.29"
"Fri 10 Jul '26   19:00","4,101.23","4,109.06","4,097.85","4,108.52","+7.29 (+0.18%)","0.00","0.00","4,106.64","4,104.49","4,106.73","4,107.24","4,109.09"
"Fri 10 Jul '26   18:00","4,100.74","4,105.23","4,098.13","4,101.23","+0.48 (+0.01%)","0.00","0.00","4,106.44","4,103.48","4,106.55","4,107.18","4,109.11"
"Fri 10 Jul '26   17:00","4,104.47","4,106.88","4,100.49","4,100.75","−3.76 (−0.09%)","0.00","0.00","4,106.99","4,104.04","4,107.08","4,107.43","4,109.45"
"Fri 10 Jul '26   16:00","4,113.16","4,115.46","4,104.43","4,104.51","−8.56 (−0.21%)","0.00","0.00","4,107.65","4,104.87","4,107.72","4,107.70","4,109.91"
"Fri 10 Jul '26   15:00","4,092.80","4,113.51","4,091.36","4,113.07","+20.28 (+0.50%)","0.00","0.00","4,107.98","4,104.95","4,108.04","4,107.83","4,110.25"
"Fri 10 Jul '26   14:00","4,099.99","4,108.93","4,073.62","4,092.79","−7.20 (−0.18%)","0.00","0.00","4,107.45","4,102.93","4,107.53","4,107.61","4,110.01"
"Fri 10 Jul '26   13:00","4,100.75","4,106.70","4,085.72","4,099.99","−0.76 (−0.02%)","0.00","0.00","4,108.99","4,105.46","4,109.01","4,108.22","4,111.86"
"Fri 10 Jul '26   12:00","4,102.35","4,117.27","4,097.58","4,100.75","−1.60 (−0.04%)","0.00","0.00","4,109.94","4,106.83","4,109.91","4,108.56","4,113.11"
"Fri 10 Jul '26   11:00","4,104.62","4,108.16","4,096.12","4,102.35","−2.31 (−0.06%)","0.00","0.00","4,110.90","4,108.35","4,110.82","4,108.87","4,114.27"
"Fri 10 Jul '26   10:00","4,104.42","4,112.72","4,104.22","4,104.66","+0.25 (+0.01%)","0.00","0.00","4,111.80","4,109.84","4,111.67","4,109.14","4,115.13"
"Fri 10 Jul '26   09:00","4,097.92","4,105.50","4,094.44","4,104.41","+6.48 (+0.16%)","0.00","0.00","4,112.55","4,111.14","4,112.37","4,109.32","4,115.84"
"Fri 10 Jul '26   08:00","4,108.96","4,109.54","4,094.87","4,097.93","−11.03 (−0.27%)","0.00","1.00","4,113.41","4,112.82","4,113.17","4,109.52","4,116.76"
"Fri 10 Jul '26   07:00","4,111.66","4,115.39","4,104.38","4,108.96","−2.83 (−0.07%)","0.00","0.00","4,115.04","4,116.55","4,114.69","4,110.00","4,118.76"
"Fri 10 Jul '26   06:00","4,116.83","4,120.15","4,111.16","4,111.79","−5.05 (−0.12%)","0.00","0.00","4,115.68","4,118.44","4,115.27","4,110.04","4,119.79"
"Fri 10 Jul '26   05:00","4,115.19","4,117.20","4,108.28","4,116.84","+1.66 (+0.04%)","0.00","0.00","4,116.09","4,120.10","4,115.61","4,109.97","4,120.99"
"Fri 10 Jul '26   04:00","4,120.28","4,121.11","4,112.14","4,115.18","−5.10 (−0.12%)","0.00","0.00","4,116.01","4,120.92","4,115.49","4,109.69","4,121.66"
"Fri 10 Jul '26   03:00","4,127.78","4,134.83","4,119.43","4,120.28","−7.52 (−0.18%)","0.00","0.00","4,116.10","4,122.36","4,115.52","4,109.46","4,122.54"
"Fri 10 Jul '26   02:00","4,116.89","4,129.11","4,116.17","4,127.80","+10.91 (+0.27%)","0.00","0.00","4,115.66","4,122.88","4,115.05","4,109.02","4,123.00"
"Fri 10 Jul '26   01:00","4,126.42","4,131.07","4,108.76","4,116.89","−9.52 (−0.23%)","0.00","0.00","4,114.38","4,121.64","4,113.77","4,108.26","4,121.48"
"Fri 10 Jul '26   00:00","4,123.42","4,128.30","4,114.48","4,126.41","+2.99 (+0.07%)","0.00","0.00","4,114.12","4,122.83","4,113.46","4,107.90","4,124.52"
"Thu 09 Jul '26   23:00","4,121.75","4,125.15","4,121.08","4,123.42","+1.68 (+0.04%)","0.00","0.00","4,112.82","4,121.94","4,112.16","4,107.15","4,122.55"
"Thu 09 Jul '26   22:00","4,125.54","4,127.53","4,121.57","4,121.74","−2.14 (−0.05%)","0.00","0.00","4,111.71","4,121.57","4,111.04","4,106.48","4,121.74"
"Thu 09 Jul '26   20:00","4,122.47","4,125.59","4,120.60","4,123.88","+1.41 (+0.03%)","0.00","0.00","4,110.65","4,121.53","4,109.97","4,105.86","4,102.48"
"Thu 09 Jul '26   19:00","4,124.56","4,127.00","4,118.99","4,122.47","−2.10 (−0.05%)","0.00","0.00","4,109.26","4,120.94","4,108.58","4,105.13","4,102.13"
"Thu 09 Jul '26   18:00","4,136.21","4,136.35","4,121.54","4,124.57","−11.63 (−0.28%)","0.00","0.00","4,107.87","4,120.55","4,107.19","4,104.42","4,101.24"
"Thu 09 Jul '26   17:00","4,128.11","4,137.99","4,125.09","4,136.20","+8.08 (+0.20%)","0.00","0.00","4,106.11","4,119.55","4,105.45","4,103.60","4,100.23"
"Thu 09 Jul '26   16:00","4,126.84","4,137.95","4,125.72","4,128.12","+1.23 (+0.03%)","0.00","0.00","4,102.94","4,115.39","4,102.38","4,102.26","4,098.33"
"Thu 09 Jul '26   15:00","4,127.80","4,132.79","4,124.87","4,126.89","−0.91 (−0.02%)","0.00","0.00","4,100.29","4,112.20","4,099.80","4,101.21","4,096.64"
"Thu 09 Jul '26   14:00","4,121.97","4,136.18","4,114.29","4,127.80","+5.82 (+0.14%)","0.00","0.00","4,097.49","4,108.53","4,097.09","4,100.16","4,094.53"
"Thu 09 Jul '26   13:00","4,107.69","4,129.57","4,106.79","4,121.98","+14.27 (+0.35%)","0.00","0.00","4,094.30","4,103.71","4,094.02","4,099.03","4,091.58"
"Thu 09 Jul '26   12:00","4,108.71","4,122.64","4,105.16","4,107.71","−0.99 (−0.02%)","0.00","0.00","4,091.39","4,099.15","4,091.23","4,098.10","4,088.63"
"Thu 09 Jul '26   11:00","4,099.09","4,110.61","4,097.91","4,108.70","+9.62 (+0.23%)","0.00","0.00","4,089.67","4,097.01","4,089.58","4,097.70","4,087.01"
"Thu 09 Jul '26   10:00","4,106.37","4,110.08","4,093.79","4,099.08","−7.28 (−0.18%)","0.00","0.00","4,087.67","4,094.08","4,087.66","4,097.26","4,085.37"
"Thu 09 Jul '26   09:00","4,108.30","4,112.33","4,103.24","4,106.36","−1.95 (−0.05%)","0.00","0.00","4,086.47","4,092.83","4,086.52","4,097.18","4,084.38"
"Thu 09 Jul '26   08:00","4,107.94","4,117.77","4,105.32","4,108.31","+0.37 (+0.01%)","0.00","0.00","4,084.38","4,089.45","4,084.54","4,096.81","4,082.56"
"Thu 09 Jul '26   07:00","4,107.97","4,111.22","4,101.57","4,107.94","−0.08 (−0.00%)","0.00","0.00","4,081.86","4,084.74","4,082.16","4,096.34","4,080.02"
"Thu 09 Jul '26   06:00","4,082.04","4,108.11","4,081.49","4,108.02","+25.97 (+0.64%)","0.00","0.00","4,079.11","4,078.94","4,079.59","4,095.86","4,076.93"
"Thu 09 Jul '26   05:00","4,064.34","4,084.26","4,063.77","4,082.05","+17.71 (+0.44%)","0.00","0.00","4,076.07","4,071.67","4,076.74","4,095.37","4,071.92"
"Thu 09 Jul '26   04:00","4,064.16","4,064.58","4,056.52","4,064.34","+0.16 (+0.00%)","0.00","0.00","4,075.44","4,069.07","4,076.21","4,095.91","4,070.19"
"Thu 09 Jul '26   03:00","4,065.08","4,067.65","4,054.29","4,064.18","−0.91 (−0.02%)","0.00","0.00","4,076.61","4,070.25","4,077.40","4,097.20","4,070.94"
"Thu 09 Jul '26   02:00","4,072.86","4,082.66","4,064.46","4,065.09","−7.78 (−0.19%)","0.00","0.00","4,077.91","4,071.77","4,078.72","4,098.55","4,072.37"
"Thu 09 Jul '26   01:00","4,073.93","4,078.83","4,062.46","4,072.87","−1.13 (−0.03%)","0.00","0.00","4,079.26","4,073.44","4,080.08","4,099.91","4,074.44"
"Thu 09 Jul '26   00:00","4,076.24","4,089.78","4,070.38","4,074.00","−2.25 (−0.06%)","0.00","0.00","4,079.94","4,073.58","4,080.80","4,101.02","4,075.28"
"Wed 08 Jul '26   23:00","4,076.57","4,077.82","4,072.01","4,076.25","−0.32 (−0.01%)","0.00","0.00","4,080.56","4,073.48","4,081.48","4,102.12","4,076.41"
"Wed 08 Jul '26   22:00","4,078.61","4,079.96","4,072.48","4,076.57","−0.90 (−0.02%)","0.00","0.00","4,081.02","4,072.79","4,082.01","4,103.17","4,076.57"
"Wed 08 Jul '26   20:00","4,080.07","4,083.55","4,071.52","4,077.47","−2.58 (−0.06%)","0.00","0.00","4,081.48","4,071.84","4,082.55","4,104.26","4,081.88"
"Wed 08 Jul '26   19:00","4,084.40","4,091.23","4,078.38","4,080.05","−4.33 (−0.11%)","0.00","0.00","4,081.91","4,070.43","4,083.06","4,105.35","4,081.99"
"Wed 08 Jul '26   18:00","4,065.67","4,091.57","4,063.69","4,084.38","+18.72 (+0.46%)","0.00","0.00","4,082.10","4,068.03","4,083.36","4,106.39","4,082.08"
"Wed 08 Jul '26   17:00","4,063.78","4,076.42","4,059.69","4,065.66","+1.95 (+0.05%)","1.00","0.00","4,081.86","4,063.94","4,083.26","4,107.28","4,081.96"
"Wed 08 Jul '26   16:00","4,034.28","4,064.49","4,033.25","4,063.71","+29.43 (+0.73%)","0.00","0.00","4,083.57","4,063.52","4,085.02","4,108.98","4,082.84"
"Wed 08 Jul '26   15:00","4,040.93","4,043.81","4,021.79","4,034.28","−6.65 (−0.16%)","0.00","0.00","4,085.66","4,063.47","4,087.15","4,110.83","4,084.05"
"Wed 08 Jul '26   14:00","4,070.78","4,071.49","4,033.93","4,040.93","−29.95 (−0.74%)","0.00","0.00","4,091.06","4,070.76","4,092.44","4,113.96","4,087.76"
"Wed 08 Jul '26   13:00","4,072.38","4,082.98","4,065.42","4,070.88","−1.38 (−0.03%)","0.00","0.00","4,096.34","4,078.22","4,097.59","4,116.94","4,091.79"
"Wed 08 Jul '26   12:00","4,062.24","4,086.45","4,058.77","4,072.26","+10.00 (+0.25%)","0.00","0.00","4,099.02","4,080.06","4,100.26","4,118.82","4,093.71"
"Wed 08 Jul '26   11:00","4,053.05","4,072.56","4,041.56","4,062.26","+9.20 (+0.23%)","0.00","0.00","4,101.84","4,082.01","4,103.06","4,120.72","4,095.53"
"Wed 08 Jul '26   10:00","4,043.39","4,058.38","4,040.67","4,053.06","+9.67 (+0.24%)","0.00","0.00","4,106.01","4,086.94","4,107.14","4,123.10","4,098.28"
"Wed 08 Jul '26   09:00","4,056.76","4,061.06","4,041.55","4,043.39","−13.35 (−0.33%)","0.00","0.00","4,111.58","4,095.41","4,112.54","4,125.96","4,102.23"
"Wed 08 Jul '26   08:00","4,121.30","4,121.34","4,052.27","4,056.74","−64.51 (−1.57%)","0.00","0.00","4,118.76","4,108.42","4,119.46","4,129.33","4,108.98"
"Wed 08 Jul '26   07:00","4,123.59","4,127.27","4,114.83","4,121.25","−2.39 (−0.06%)","0.00","0.00","4,125.28","4,121.34","4,125.73","4,132.30","4,116.43"
"Wed 08 Jul '26   06:00","4,127.85","4,133.67","4,122.18","4,123.64","−4.23 (−0.10%)","0.00","0.00","4,125.71","4,121.36","4,126.18","4,132.75","4,115.90"
"Wed 08 Jul '26   05:00","4,125.19","4,134.01","4,121.27","4,127.87","+2.72 (+0.07%)","0.00","0.00","4,125.93","4,120.79","4,126.43","4,133.12","4,114.86"
"Wed 08 Jul '26   04:00","4,123.48","4,128.87","4,120.65","4,125.15","+1.67 (+0.04%)","0.00","0.00","4,125.72","4,119.02","4,126.29","4,133.33","4,112.76"
"Wed 08 Jul '26   03:00","4,114.66","4,131.19","4,114.60","4,123.48","+8.84 (+0.21%)","0.00","0.00","4,125.78","4,117.49","4,126.41","4,133.67","4,110.98"
"Wed 08 Jul '26   02:00","4,111.32","4,124.93","4,106.04","4,114.64","+3.39 (+0.08%)","0.00","0.00","4,126.03","4,115.99","4,126.70","4,134.08","4,108.50"
"Wed 08 Jul '26   01:00","4,111.53","4,117.91","4,096.47","4,111.25","−0.28 (−0.01%)","0.00","0.00","4,127.22","4,116.32","4,127.90","4,134.88","4,106.85"
"Wed 08 Jul '26   00:00","4,098.55","4,126.78","4,096.99","4,111.53","+12.96 (+0.32%)","0.00","0.00","4,128.91","4,117.59","4,129.57","4,135.84","4,104.62"
"Tue 07 Jul '26   23:00","4,098.39","4,107.92","4,095.89","4,098.57","+0.17 (+0.00%)","0.00","0.00","4,130.73","4,119.11","4,131.37","4,136.83","4,098.50"
"Tue 07 Jul '26   22:00","4,097.75","4,106.42","4,094.07","4,098.40","−8.27 (−0.20%)","0.00","0.00","4,134.12","4,124.24","4,134.65","4,138.39","4,098.40"
"Tue 07 Jul '26   20:00","4,114.24","4,115.90","4,103.51","4,106.67","−7.58 (−0.18%)","0.00","0.00","4,137.88","4,130.70","4,138.28","4,140.03","4,139.29"
"Tue 07 Jul '26   19:00","4,127.01","4,127.72","4,092.30","4,114.25","−12.75 (−0.31%)","0.00","0.00","4,141.17","4,136.71","4,141.44","4,141.39","4,140.10"
"Tue 07 Jul '26   18:00","4,144.53","4,145.23","4,125.19","4,127.00","−17.52 (−0.42%)","0.00","0.00","4,144.00","4,142.33","4,144.16","4,142.49","4,141.78"
"Tue 07 Jul '26   17:00","4,145.07","4,148.22","4,140.65","4,144.52","−0.61 (−0.01%)","0.00","0.00","4,145.79","4,146.16","4,145.87","4,143.13","4,142.60"
"Tue 07 Jul '26   16:00","4,139.06","4,147.26","4,137.08","4,145.13","+6.07 (+0.15%)","0.00","0.00","4,145.92","4,146.57","4,146.01","4,143.07","4,142.50"
"Tue 07 Jul '26   15:00","4,154.29","4,155.62","4,135.90","4,139.06","−15.24 (−0.37%)","0.00","1.00","4,146.01","4,146.93","4,146.10","4,142.99","4,142.34"
"Tue 07 Jul '26   14:00","4,158.53","4,163.57","4,143.68","4,154.30","−4.25 (−0.10%)","0.00","0.00","4,146.74","4,148.89","4,146.80","4,143.15","4,142.59"
"Tue 07 Jul '26   13:00","4,172.34","4,180.46","4,156.06","4,158.55","−13.77 (−0.33%)","0.00","0.00","4,145.94","4,147.54","4,146.05","4,142.69","4,141.43"
"Tue 07 Jul '26   12:00","4,156.95","4,175.05","4,154.70","4,172.32","+15.50 (+0.37%)","0.00","0.00","4,144.61","4,144.79","4,144.80","4,142.04","4,139.65"
"Tue 07 Jul '26   11:00","4,135.73","4,158.22","4,131.89","4,156.82","+21.10 (+0.51%)","1.00","0.00","4,141.70","4,137.91","4,142.05","4,140.81","4,136.62"
"Tue 07 Jul '26   10:00","4,131.24","4,138.90","4,131.17","4,135.72","+4.50 (+0.11%)","0.00","0.00","4,140.10","4,133.18","4,140.57","4,140.15","4,135.00"
"Tue 07 Jul '26   09:00","4,126.05","4,133.79","4,119.87","4,131.22","+5.18 (+0.13%)","0.00","0.00","4,140.57","4,132.55","4,141.06","4,140.34","4,134.95"
"Tue 07 Jul '26   08:00","4,124.82","4,139.27","4,121.90","4,126.04","+1.25 (+0.03%)","0.00","0.00","4,141.55","4,132.88","4,142.04","4,140.71","4,135.27"
"Tue 07 Jul '26   07:00","4,130.51","4,133.60","4,124.43","4,124.79","−5.65 (−0.14%)","0.00","0.00","4,143.18","4,134.59","4,143.64","4,141.31","4,136.25"
"Tue 07 Jul '26   06:00","4,124.02","4,132.93","4,121.58","4,130.44","+6.43 (+0.16%)","0.00","0.00","4,145.12","4,137.04","4,145.53","4,141.98","4,137.48"
"Tue 07 Jul '26   05:00","4,126.72","4,131.39","4,116.69","4,124.01","−2.71 (−0.07%)","0.00","0.00","4,146.66","4,138.69","4,147.03","4,142.45","4,138.51"
"Tue 07 Jul '26   04:00","4,131.16","4,141.33","4,125.97","4,126.72","−4.43 (−0.11%)","0.00","0.00","4,149.05","4,142.36","4,149.34","4,143.20","4,141.15"
"Tue 07 Jul '26   03:00","4,136.63","4,140.10","4,124.45","4,131.15","−5.57 (−0.13%)","0.00","0.00","4,151.40","4,146.27","4,151.60","4,143.88","4,143.27"
"Tue 07 Jul '26   02:00","4,141.89","4,145.29","4,131.39","4,136.72","−5.17 (−0.12%)","0.00","0.00","4,153.53","4,150.05","4,153.64","4,144.40","4,145.90"
"Tue 07 Jul '26   01:00","4,146.05","4,148.05","4,125.83","4,141.89","−4.17 (−0.10%)","0.00","0.00","4,155.30","4,153.38","4,155.33","4,144.71","4,148.61"
"Tue 07 Jul '26   00:00","4,157.41","4,162.78","4,145.32","4,146.06","−11.37 (−0.27%)","0.00","0.00","4,156.71","4,156.25","4,156.68","4,144.83","4,152.89"
"Mon 06 Jul '26   23:00","4,164.28","4,165.67","4,156.99","4,157.43","−6.82 (−0.16%)","0.00","0.00","4,157.83","4,158.80","4,157.74","4,144.78","4,160.57"
"Mon 06 Jul '26   22:00","4,166.36","4,168.51","4,163.71","4,164.25","+0.01 (+0.00%)","0.00","0.00","4,157.87","4,159.14","4,157.77","4,144.26","4,164.25"
"Mon 06 Jul '26   20:00","4,163.80","4,164.82","4,160.79","4,164.24","+0.45 (+0.01%)","0.00","0.00","4,157.20","4,157.86","4,157.12","4,143.44","4,159.93"
"Mon 06 Jul '26   19:00","4,163.95","4,165.45","4,158.92","4,163.79","−0.15 (−0.00%)","0.00","0.00","4,156.46","4,156.27","4,156.41","4,142.59","4,159.87"
"Mon 06 Jul '26   18:00","4,161.26","4,167.53","4,155.44","4,163.94","+2.63 (+0.06%)","0.00","0.00","4,155.69","4,154.39","4,155.68","4,141.73","4,159.70"
"Mon 06 Jul '26   17:00","4,155.03","4,161.62","4,150.34","4,161.31","+6.27 (+0.15%)","0.00","0.00","4,154.82","4,152.00","4,154.85","4,140.82","4,159.52"
"Mon 06 Jul '26   16:00","4,148.36","4,156.27","4,140.28","4,155.04","+6.67 (+0.16%)","0.00","0.00","4,154.14","4,149.67","4,154.20","4,139.99","4,159.42"
"Mon 06 Jul '26   15:00","4,138.18","4,151.99","4,137.58","4,148.37","+10.21 (+0.25%)","0.00","0.00","4,154.04","4,148.33","4,154.12","4,139.37","4,159.65"
"Mon 06 Jul '26   14:00","4,140.86","4,147.20","4,128.52","4,138.16","−2.66 (−0.06%)","0.00","0.00","4,154.64","4,148.32","4,154.69","4,139.00","4,160.38"
"Mon 06 Jul '26   13:00","4,139.66","4,150.49","4,137.06","4,140.82","+1.17 (+0.03%)","0.00","0.00","4,156.38","4,150.86","4,156.35","4,139.04","4,162.26"
"Mon 06 Jul '26   12:00","4,155.27","4,158.51","4,131.53","4,139.65","−15.62 (−0.38%)","0.00","0.00","4,158.01","4,153.37","4,157.90","4,138.97","4,164.24"
"Mon 06 Jul '26   11:00","4,154.91","4,159.57","4,151.54","4,155.27","+0.37 (+0.01%)","0.00","0.00","4,159.95","4,156.80","4,159.72","4,138.94","4,166.09"
"Mon 06 Jul '26   10:00","4,143.30","4,155.81","4,142.11","4,154.90","+11.62 (+0.28%)","0.00","0.00","4,160.44","4,157.18","4,160.17","4,138.27","4,166.68"
"Mon 06 Jul '26   09:00","4,150.52","4,151.29","4,136.63","4,143.28","−7.23 (−0.17%)","0.00","0.00","4,161.02","4,157.75","4,160.70","4,137.59","4,167.34"
"Mon 06 Jul '26   08:00","4,164.51","4,166.06","4,147.17","4,150.51","−14.00 (−0.34%)","0.00","0.00","4,162.89","4,161.36","4,162.44","4,137.36","4,169.11"
"Mon 06 Jul '26   07:00","4,150.36","4,166.30","4,147.26","4,164.51","+14.15 (+0.34%)","0.00","0.00","4,164.19","4,164.08","4,163.63","4,136.82","4,170.64"
"Mon 06 Jul '26   06:00","4,147.97","4,159.57","4,145.82","4,150.36","+2.37 (+0.06%)","0.00","0.00","4,164.16","4,163.97","4,163.54","4,135.69","4,171.24"
"Mon 06 Jul '26   05:00","4,159.77","4,161.00","4,144.86","4,147.99","−11.73 (−0.28%)","0.00","1.00","4,165.61","4,167.37","4,164.86","4,135.09","4,173.81"
"Mon 06 Jul '26   04:00","4,165.25","4,166.62","4,157.48","4,159.72","−5.53 (−0.13%)","0.00","0.00","4,167.46","4,172.22","4,166.55","4,134.57","4,177.46"
"Mon 06 Jul '26   03:00","4,174.18","4,176.40","4,161.08","4,165.25","−8.92 (−0.21%)","0.00","0.00","4,168.28","4,175.34","4,167.23","4,133.54","4,179.43"
"Mon 06 Jul '26   02:00","4,186.07","4,187.85","4,168.61","4,174.17","−11.88 (−0.28%)","0.00","0.00","4,168.60","4,177.86","4,167.43","4,132.25","4,181.93"
"Mon 06 Jul '26   01:00","4,179.51","4,202.88","4,172.61","4,186.05","+6.33 (+0.15%)","0.00","0.00","4,168.01","4,178.78","4,166.76","4,130.54","4,184.14"
"Mon 06 Jul '26   00:00","4,183.16","4,189.01","4,170.45","4,179.72","−3.47 (−0.08%)","0.00","0.00","4,166.11","4,176.97","4,164.83","4,128.27","4,183.23"
"Sun 05 Jul '26   23:00","4,188.29","4,201.80","4,177.58","4,183.19","−5.11 (−0.12%)","0.00","0.00","4,164.68","4,176.28","4,163.34","4,126.17","4,185.79"
"Sun 05 Jul '26   22:00","4,177.76","4,191.53","4,173.41","4,188.30","+13.35 (+0.32%)","0.00","0.00","4,162.73","4,174.55","4,161.35","4,123.84","4,188.30"
"Fri 03 Jul '26   16:00","4,164.85","4,176.45","4,162.88","4,174.95","+10.08 (+0.24%)","0.00","0.00","4,160.04","4,171.12","4,158.66","4,121.21","4,169.60"
"Fri 03 Jul '26   15:00","4,169.86","4,174.42","4,164.51","4,164.87","−4.99 (−0.12%)","0.00","0.00","4,158.47","4,170.16","4,157.03","4,119.02","4,169.40"
"Fri 03 Jul '26   14:00","4,164.74","4,171.15","4,155.44","4,169.86","+5.12 (+0.12%)","0.00","0.00","4,157.80","4,171.48","4,156.25","4,117.15","4,169.62"
"Fri 03 Jul '26   13:00","4,176.90","4,179.33","4,163.61","4,164.74","−12.13 (−0.29%)","0.00","0.00","4,156.53","4,171.89","4,154.88","4,115.00","4,169.61"
"Fri 03 Jul '26   12:00","4,181.00","4,183.22","4,172.21","4,176.87","−4.13 (−0.10%)","0.00","0.00","4,155.67","4,173.67","4,153.90","4,112.97","4,170.00"
"Fri 03 Jul '26   11:00","4,177.16","4,186.34","4,175.61","4,181.00","+3.82 (+0.09%)","0.00","0.00","4,153.43","4,172.87","4,151.60","4,110.36","4,169.57"
"Fri 03 Jul '26   10:00","4,172.00","4,181.18","4,170.72","4,177.18","+5.17 (+0.12%)","0.00","0.00","4,150.53","4,170.84","4,148.66","4,107.47","4,168.90"
"Fri 03 Jul '26   09:00","4,181.03","4,181.80","4,168.46","4,172.01","−9.03 (−0.22%)","0.00","0.00","4,147.73","4,169.26","4,145.81","4,104.63","4,168.43"
"Fri 03 Jul '26   08:00","4,177.54","4,186.56","4,176.97","4,181.04","+3.55 (+0.08%)","0.00","0.00","4,145.17","4,168.57","4,143.19","4,101.88","4,168.16"
"Fri 03 Jul '26   07:00","4,173.10","4,181.70","4,169.26","4,177.49","+4.37 (+0.10%)","0.00","0.00","4,141.39","4,165.45","4,139.40","4,098.65","4,167.00"
"Fri 03 Jul '26   06:00","4,171.24","4,174.47","4,160.50","4,173.12","+1.89 (+0.05%)","0.00","0.00","4,137.59","4,162.44","4,135.60","4,095.43","4,165.88"
"Fri 03 Jul '26   05:00","4,178.88","4,181.91","4,169.30","4,171.23","−7.64 (−0.18%)","0.00","0.00","4,133.86","4,159.77","4,131.84","4,092.26","4,164.84"
"Fri 03 Jul '26   04:00","4,176.06","4,182.87","4,173.30","4,178.87","+2.80 (+0.07%)","0.00","0.00","4,129.92","4,156.90","4,127.90","4,089.04","4,163.96"
"Fri 03 Jul '26   03:00","4,183.56","4,184.62","4,175.29","4,176.07","−7.49 (−0.18%)","0.00","0.00","4,124.77","4,151.41","4,122.81","4,085.37","4,162.35"
"Fri 03 Jul '26   02:00","4,182.31","4,186.92","4,176.53","4,183.56","+1.25 (+0.03%)","0.00","0.00","4,119.37","4,145.25","4,117.48","4,081.67","4,160.06"
"Fri 03 Jul '26   01:00","4,147.20","4,195.45","4,146.70","4,182.31","+35.12 (+0.85%)","0.00","0.00","4,112.61","4,135.67","4,110.87","4,077.51","4,153.75"
"Fri 03 Jul '26   00:00","4,126.17","4,151.07","4,122.99","4,147.19","+20.89 (+0.51%)","0.00","0.00","4,105.28","4,124.01","4,103.73","4,073.23","4,136.84"
"Thu 02 Jul '26   23:00","4,124.67","4,132.44","4,121.21","4,126.30","+1.63 (+0.04%)","0.00","0.00","4,100.86","4,118.22","4,099.38","4,070.21","4,125.72"
"Thu 02 Jul '26   22:00","4,127.87","4,128.05","4,122.60","4,124.67","+0.70 (+0.02%)","0.00","0.00","4,098.19","4,116.20","4,096.69","4,067.92","4,124.67"
"Thu 02 Jul '26   20:00","4,121.32","4,125.08","4,116.42","4,123.97","+2.61 (+0.06%)","0.00","0.00","4,095.40","4,114.08","4,093.89","4,065.61","4,089.48"
"Thu 02 Jul '26   19:00","4,122.64","4,124.41","4,108.24","4,121.36","−1.26 (−0.03%)","0.00","0.00","4,092.39","4,111.60","4,090.89","4,063.22","4,088.80"
"Thu 02 Jul '26   18:00","4,106.82","4,127.05","4,105.99","4,122.62","+15.80 (+0.38%)","0.00","0.00","4,089.34","4,109.17","4,087.84","4,060.85","4,087.22"
"Thu 02 Jul '26   17:00","4,118.12","4,119.84","4,105.80","4,106.82","−11.33 (−0.28%)","0.00","0.00","4,085.84","4,105.80","4,084.36","4,058.33","4,085.43"
"Thu 02 Jul '26   16:00","4,128.49","4,130.25","4,100.40","4,118.15","−10.34 (−0.25%)","0.00","0.00","4,083.63","4,105.55","4,082.11","4,056.35","4,084.16"
"Thu 02 Jul '26   15:00","4,128.61","4,131.37","4,114.73","4,128.49","−0.11 (−0.00%)","0.00","0.00","4,079.99","4,102.40","4,078.51","4,053.83","4,081.88"
"Thu 02 Jul '26   14:00","4,136.85","4,138.28","4,114.16","4,128.60","−8.24 (−0.20%)","0.00","0.00","4,074.89","4,095.87","4,073.51","4,050.78","4,078.26"
"Thu 02 Jul '26   13:00","4,117.59","4,144.05","4,109.48","4,136.84","+19.26 (+0.47%)","0.00","0.00","4,069.24","4,087.69","4,068.00","4,047.60","4,073.49"
"Thu 02 Jul '26   12:00","4,065.28","4,140.54","4,061.35","4,117.58","+52.29 (+1.29%)","0.00","0.00","4,062.12","4,075.41","4,061.12","4,043.96","4,066.76"
"Thu 02 Jul '26   11:00","4,066.42","4,072.32","4,057.49","4,065.29","−1.09 (−0.03%)","0.00","0.00","4,056.28","4,064.86","4,055.48","4,040.96","4,061.52"
"Thu 02 Jul '26   10:00","4,065.33","4,068.71","4,061.60","4,066.38","+1.07 (+0.03%)","0.00","0.00","4,055.33","4,064.76","4,054.49","4,039.96","4,061.23"
"Thu 02 Jul '26   09:00","4,076.14","4,077.01","4,064.02","4,065.31","−10.85 (−0.27%)","0.00","0.00","4,054.17","4,064.35","4,053.31","4,038.89","4,060.86"
"Thu 02 Jul '26   08:00","4,064.43","4,079.99","4,061.35","4,076.16","+11.53 (+0.28%)","0.00","0.00","4,053.00","4,064.11","4,052.11","4,037.81","4,060.47"
"Thu 02 Jul '26   07:00","4,073.30","4,075.57","4,060.88","4,064.63","−8.64 (−0.21%)","0.00","0.00","4,050.56","4,061.10","4,049.70","4,036.24","4,058.74"
"Thu 02 Jul '26   06:00","4,066.11","4,079.81","4,066.10","4,073.27","+7.16 (+0.18%)","0.00","0.00","4,049.08","4,060.21","4,048.21","4,035.08","4,058.01"
"Thu 02 Jul '26   05:00","4,060.80","4,067.74","4,053.26","4,066.11","+5.30 (+0.13%)","0.00","0.00","4,046.53","4,056.95","4,045.70","4,033.52","4,055.68"
"Thu 02 Jul '26   04:00","4,070.01","4,072.98","4,060.72","4,060.81","−9.20 (−0.23%)","0.00","0.00","4,044.47","4,054.66","4,043.66","4,032.19","4,053.96"
"Thu 02 Jul '26   03:00","4,057.15","4,074.17","4,055.52","4,070.01","+12.84 (+0.32%)","1.00","0.00","4,042.75","4,053.12","4,041.94","4,031.03","4,053.02"
"Thu 02 Jul '26   02:00","4,050.27","4,061.04","4,041.34","4,057.17","+6.90 (+0.17%)","0.00","0.00","4,039.88","4,048.90","4,039.14","4,029.43","4,049.51"
"Thu 02 Jul '26   01:00","4,051.90","4,068.55","4,045.35","4,050.27","−1.56 (−0.04%)","0.00","0.00","4,038.06","4,046.84","4,037.33","4,028.30","4,047.18"
"Thu 02 Jul '26   00:00","4,035.10","4,052.67","4,030.78","4,051.83","+16.74 (+0.41%)","0.00","0.00","4,036.78","4,045.98","4,036.04","4,027.41","4,045.44"
"Wed 01 Jul '26   23:00","4,045.13","4,045.13","4,033.44","4,035.09","−10.02 (−0.25%)","0.00","0.00","4,035.20","4,044.51","4,034.46","4,026.41","4,039.94"
"Wed 01 Jul '26   22:00","4,034.10","4,045.21","4,033.16","4,045.11","+13.68 (+0.34%)","0.00","0.00","4,035.21","4,046.87","4,034.40","4,026.06","4,045.11"
"Wed 01 Jul '26   20:00","4,038.72","4,039.62","4,028.61","4,031.43","−7.44 (−0.18%)","0.00","0.00","4,034.16","4,047.31","4,033.33","4,025.28","4,022.25"
"Wed 01 Jul '26   19:00","4,062.21","4,068.36","4,034.57","4,038.87","−23.33 (−0.57%)","0.00","1.00","4,034.45","4,051.28","4,033.52","4,025.03","4,021.99"
"Wed 01 Jul '26   18:00","4,068.24","4,070.78","4,057.98","4,062.20","−6.04 (−0.15%)","0.00","0.00","4,033.99","4,054.38","4,032.98","4,024.46","4,021.21"
"Wed 01 Jul '26   17:00","4,071.27","4,073.66","4,067.38","4,068.24","−3.04 (−0.07%)","0.00","0.00","4,031.02","4,052.43","4,030.06","4,022.92","4,019.37"
"Wed 01 Jul '26   16:00","4,081.17","4,088.47","4,070.54","4,071.28","−9.90 (−0.24%)","0.00","0.00","4,027.10","4,048.48","4,026.24","4,021.07","4,016.91"
"Wed 01 Jul '26   15:00","4,093.42","4,094.60","4,076.85","4,081.18","−12.30 (−0.30%)","0.00","0.00","4,022.45","4,042.78","4,021.74","4,019.02","4,013.67"
"Wed 01 Jul '26   14:00","4,089.70","4,115.64","4,082.96","4,093.48","+3.62 (+0.09%)","0.00","0.00","4,016.27","4,033.18","4,015.79","4,016.48","4,008.63"
"Wed 01 Jul '26   13:00","4,022.78","4,108.01","4,012.92","4,089.86","+67.08 (+1.67%)","0.00","0.00","4,008.14","4,018.10","4,008.03","4,013.34","4,000.38"
"Wed 01 Jul '26   12:00","4,030.45","4,034.01","4,019.71","4,022.78","−7.68 (−0.19%)","0.00","0.00","3,999.54","4,000.16","3,999.84","4,010.22","3,990.38"
"Wed 01 Jul '26   11:00","3,998.43","4,035.54","3,998.04","4,030.46","+32.02 (+0.80%)","1.00","0.00","3,997.09","3,994.51","3,997.55","4,009.71","3,987.46"
"Wed 01 Jul '26   10:00","3,984.48","3,998.77","3,981.37","3,998.44","+13.94 (+0.35%)","0.00","0.00","3,993.58","3,985.52","3,994.26","4,008.86","3,983.62"
"Wed 01 Jul '26   09:00","3,974.53","3,986.08","3,972.90","3,984.50","+9.97 (+0.25%)","0.00","0.00","3,993.06","3,982.29","3,993.84","4,009.28","3,982.60"
"Wed 01 Jul '26   08:00","3,975.96","3,984.50","3,969.46","3,974.53","−1.57 (−0.04%)","0.00","0.00","3,993.97","3,981.74","3,994.77","4,010.30","3,982.45"
"Wed 01 Jul '26   07:00","3,971.89","3,978.41","3,960.18","3,976.10","+4.21 (+0.11%)","0.00","0.00","3,996.01","3,983.54","3,996.80","4,011.76","3,983.21"
"Wed 01 Jul '26   06:00","3,974.06","3,977.51","3,963.21","3,971.89","−2.16 (−0.05%)","0.00","0.00","3,998.11","3,985.40","3,998.87","4,013.21","3,984.06"
"Wed 01 Jul '26   05:00","3,976.70","3,978.93","3,969.94","3,974.05","−2.64 (−0.07%)","0.00","0.00","4,000.87","3,988.77","4,001.57","4,014.90","3,985.80"
"Wed 01 Jul '26   04:00","3,980.55","3,982.81","3,972.50","3,976.69","−3.82 (−0.10%)","0.00","0.00","4,003.69","3,992.45","4,004.32","4,016.56","3,987.65"
"Wed 01 Jul '26   03:00","3,979.15","3,986.98","3,976.74","3,980.51","+1.32 (+0.03%)","0.00","0.00","4,006.53","3,996.39","4,007.08","4,018.19","3,989.11"
"Wed 01 Jul '26   02:00","3,977.82","3,986.12","3,970.23","3,979.19","+1.37 (+0.03%)","0.00","0.00","4,009.27","4,000.36","4,009.74","4,019.73","3,990.66"
"Wed 01 Jul '26   01:00","3,996.82","3,999.77","3,974.00","3,977.82","−18.99 (−0.48%)","0.00","0.00","4,012.44","4,005.66","4,012.79","4,021.38","3,994.14"
"Wed 01 Jul '26   00:00","4,005.77","4,009.84","3,993.26","3,996.81","−8.99 (−0.22%)","0.00","1.00","4,016.08","4,012.62","4,016.29","4,023.16","4,003.72"
"Tue 30 Jun '26   23:00","4,013.21","4,018.39","4,005.46","4,005.80","−7.40 (−0.18%)","0.00","0.00","4,018.11","4,016.57","4,018.24","4,024.24","4,009.24"
"Tue 30 Jun '26   22:00","4,011.66","4,018.10","4,010.51","4,013.20","+6.05 (+0.15%)","0.00","0.00","4,019.40","4,019.26","4,019.48","4,024.99","4,013.20"
"Tue 30 Jun '26   20:00","4,015.97","4,021.13","4,006.42","4,007.15","−8.90 (−0.22%)","0.00","0.00","4,020.06","4,020.78","4,020.11","4,025.47","4,010.09"
"Tue 30 Jun '26   19:00","4,028.58","4,029.49","4,014.85","4,016.05","−12.53 (−0.31%)","0.00","0.00","4,021.42","4,024.19","4,021.41","4,026.22","4,010.15"
"Tue 30 Jun '26   18:00","4,030.80","4,033.85","4,028.32","4,028.58","−2.21 (−0.05%)","0.00","0.00","4,021.98","4,026.22","4,021.94","4,026.64","4,009.91"
"Tue 30 Jun '26   17:00","4,026.13","4,032.20","4,020.80","4,030.79","+4.66 (+0.12%)","0.00","0.00","4,021.29","4,025.63","4,021.28","4,026.56","4,009.29"
"Tue 30 Jun '26   16:00","4,029.40","4,033.91","4,025.97","4,026.13","−3.27 (−0.08%)","0.00","0.00","4,020.29","4,024.34","4,020.33","4,026.38","4,008.32"
"Tue 30 Jun '26   15:00","4,037.45","4,039.42","4,022.22","4,029.40","−8.03 (−0.20%)","0.00","0.00","4,019.67","4,023.89","4,019.75","4,026.39","4,007.44"
"Tue 30 Jun '26   14:00","4,029.77","4,063.40","4,025.40","4,037.43","+7.74 (+0.19%)","0.00","0.00","4,018.65","4,022.51","4,018.78","4,026.27","4,005.90"
"Tue 30 Jun '26   13:00","4,009.92","4,033.39","4,009.47","4,029.69","+19.77 (+0.49%)","0.00","0.00","4,016.67","4,018.78","4,016.91","4,025.82","4,003.08"
"Tue 30 Jun '26   12:00","4,033.94","4,034.43","4,008.72","4,009.92","−24.03 (−0.60%)","0.00","0.00","4,015.30","4,016.06","4,015.64","4,025.66","4,000.67"
"Tue 30 Jun '26   11:00","4,029.89","4,037.35","4,025.47","4,033.95","+4.07 (+0.10%)","0.00","0.00","4,015.87","4,017.59","4,016.21","4,026.30","3,999.97"
"Tue 30 Jun '26   10:00","4,023.93","4,031.35","4,021.54","4,029.88","+5.95 (+0.15%)","0.00","0.00","4,013.96","4,013.50","4,014.43","4,025.99","3,997.71"
"Tue 30 Jun '26   09:00","4,015.55","4,023.94","4,012.47","4,023.93","+8.34 (+0.21%)","0.00","0.00","4,012.29","4,009.41","4,012.89","4,025.83","3,995.74"
"Tue 30 Jun '26   08:00","4,032.25","4,037.64","4,013.74","4,015.59","−16.68 (−0.41%)","0.00","0.00","4,011.06","4,005.78","4,011.79","4,025.91","3,993.70"
"Tue 30 Jun '26   07:00","4,029.76","4,034.78","4,023.85","4,032.27","+2.61 (+0.06%)","0.00","0.00","4,010.58","4,003.33","4,011.41","4,026.33","3,991.59"
"Tue 30 Jun '26   06:00","3,977.99","4,034.03","3,977.99","4,029.66","+51.65 (+1.30%)","1.00","0.00","4,008.30","3,996.09","4,009.32","4,026.08","3,987.62"
"Tue 30 Jun '26   05:00","3,985.55","3,990.85","3,975.21","3,978.01","−7.54 (−0.19%)","0.00","0.00","4,006.05","3,987.70","4,007.29","4,025.94","3,980.75"
"Tue 30 Jun '26   04:00","3,969.87","3,998.05","3,968.25","3,985.55","+15.67 (+0.39%)","0.00","0.00","4,009.01","3,990.12","4,010.21","4,027.89","3,981.17"
"Tue 30 Jun '26   03:00","3,962.91","3,971.12","3,960.21","3,969.88","+6.96 (+0.18%)","0.00","0.00","4,011.47","3,991.26","4,012.68","4,029.62","3,980.51"
"Tue 30 Jun '26   02:00","3,969.38","3,973.26","3,952.47","3,962.92","−6.47 (−0.16%)","0.00","0.00","4,015.85","3,996.61","4,016.96","4,032.06","3,982.72"
"Tue 30 Jun '26   01:00","3,987.16","3,987.26","3,942.79","3,969.39","−17.75 (−0.45%)","0.00","0.00","4,021.42","4,005.03","4,022.36","4,034.88","3,989.01"
"Tue 30 Jun '26   00:00","4,014.92","4,015.15","3,980.12","3,987.14","−27.80 (−0.69%)","0.00","0.00","4,026.90","4,013.94","4,027.66","4,037.56","4,000.94"
"Mon 29 Jun '26   23:00","4,014.20","4,022.41","4,013.48","4,014.94","+0.74 (+0.02%)","0.00","0.00","4,031.09","4,020.65","4,031.71","4,039.62","4,014.58"
"Mon 29 Jun '26   22:00","4,018.18","4,022.10","4,009.71","4,014.20","−2.13 (−0.05%)","0.00","0.00","4,032.79","4,022.07","4,033.39","4,040.62","4,014.20"
"Mon 29 Jun '26   20:00","4,015.93","4,018.02","4,012.79","4,016.33","+0.42 (+0.01%)","0.00","0.00","4,034.74","4,024.04","4,035.31","4,041.70","4,045.13"
"Mon 29 Jun '26   19:00","4,013.43","4,019.59","4,005.36","4,015.91","+2.50 (+0.06%)","0.00","0.00","4,036.68","4,025.97","4,037.21","4,042.74","4,045.54"
"Mon 29 Jun '26   18:00","4,021.02","4,025.29","4,012.05","4,013.41","−7.61 (−0.19%)","0.00","0.00","4,038.87","4,028.48","4,039.34","4,043.83","4,046.71"
"Mon 29 Jun '26   17:00","4,023.92","4,032.12","4,019.38","4,021.02","−2.90 (−0.07%)","0.00","0.00","4,041.55","4,032.25","4,041.93","4,045.07","4,047.87"
"Mon 29 Jun '26   16:00","4,027.00","4,028.72","4,018.81","4,023.92","−3.08 (−0.08%)","0.00","0.00","4,043.71","4,035.06","4,044.02","4,046.05","4,049.06"
"Mon 29 Jun '26   15:00","4,025.69","4,030.40","4,016.76","4,027.00","+1.36 (+0.03%)","0.00","0.00","4,045.79","4,037.84","4,046.03","4,046.96","4,050.22"
"Mon 29 Jun '26   14:00","4,032.31","4,035.50","4,000.78","4,025.64","−6.66 (−0.17%)","0.00","0.00","4,047.77","4,040.56","4,047.93","4,047.77","4,051.79"
"Mon 29 Jun '26   13:00","4,043.63","4,051.76","4,028.34","4,032.30","−11.34 (−0.28%)","0.00","0.00","4,050.10","4,044.28","4,050.16","4,048.68","4,054.12"
"Mon 29 Jun '26   12:00","4,039.28","4,052.44","4,037.66","4,043.64","+4.36 (+0.11%)","0.00","0.00","4,051.97","4,047.28","4,051.95","4,049.34","4,055.97"
"Mon 29 Jun '26   11:00","4,036.84","4,042.34","4,027.48","4,039.28","+2.44 (+0.06%)","0.00","0.00","4,052.85","4,048.19","4,052.78","4,049.58","4,056.82"
"Mon 29 Jun '26   10:00","4,031.62","4,039.80","4,027.54","4,036.84","+5.22 (+0.13%)","0.00","0.00","4,054.28","4,050.42","4,054.13","4,050.00","4,057.95"
"Mon 29 Jun '26   09:00","4,047.09","4,055.32","4,024.77","4,031.62","−15.45 (−0.38%)","0.00","0.00","4,056.11","4,053.81","4,055.86","4,050.53","4,059.36"
"Mon 29 Jun '26   08:00","4,061.62","4,066.67","4,043.73","4,047.07","−14.54 (−0.36%)","0.00","1.00","4,058.69","4,059.36","4,058.28","4,051.31","4,061.69"
"Mon 29 Jun '26   07:00","4,062.41","4,068.56","4,056.14","4,061.61","−0.81 (−0.02%)","0.00","0.00","4,059.91","4,062.43","4,059.40","4,051.48","4,062.94"
"Mon 29 Jun '26   06:00","4,054.48","4,064.97","4,053.61","4,062.42","+7.94 (+0.20%)","0.00","0.00","4,059.74","4,062.64","4,059.18","4,051.07","4,063.06"
"Mon 29 Jun '26   05:00","4,052.30","4,057.45","4,039.41","4,054.48","+2.15 (+0.05%)","0.00","0.00","4,059.45","4,062.69","4,058.86","4,050.60","4,063.14"
"Mon 29 Jun '26   04:00","4,069.00","4,069.05","4,049.68","4,052.33","−16.67 (−0.41%)","0.00","0.00","4,059.98","4,064.75","4,059.30","4,050.44","4,064.47"
"Mon 29 Jun '26   03:00","4,066.43","4,075.79","4,065.04","4,069.00","+2.59 (+0.06%)","0.00","0.00","4,060.78","4,067.85","4,060.00","4,050.37","4,065.93"
"Mon 29 Jun '26   02:00","4,061.40","4,071.79","4,058.45","4,066.41","+5.01 (+0.12%)","0.00","0.00","4,059.92","4,067.57","4,059.10","4,049.61","4,065.39"
"Mon 29 Jun '26   01:00","4,069.60","4,074.58","4,053.83","4,061.40","−8.20 (−0.20%)","0.00","0.00","4,059.23","4,067.86","4,058.36","4,048.92","4,065.10"
"Mon 29 Jun '26   00:00","4,062.84","4,074.23","4,048.33","4,069.60","+6.77 (+0.17%)","0.00","0.00","4,059.00","4,069.47","4,058.06","4,048.41","4,066.78"
"Sun 28 Jun '26   23:00","4,066.53","4,070.58","4,051.97","4,062.83","−3.69 (−0.09%)","0.00","0.00","4,057.89","4,069.44","4,056.91","4,047.55","4,064.66"
"Sun 28 Jun '26   22:00","4,084.61","4,086.38","4,053.38","4,066.52","−21.50 (−0.53%)","0.00","0.00","4,057.37","4,071.09","4,056.31","4,046.92","4,066.52"
"Fri 26 Jun '26   20:00","4,071.73","4,088.31","4,064.69","4,088.02","+16.32 (+0.40%)","0.00","0.00","4,056.41","4,072.23","4,055.29","4,046.12","4,044.81"
"Fri 26 Jun '26   19:00","4,067.38","4,074.68","4,064.59","4,071.70","+4.33 (+0.11%)","0.00","0.00","4,053.08","4,068.28","4,052.02","4,044.41","4,043.55"
"Fri 26 Jun '26   18:00","4,074.75","4,078.84","4,067.18","4,067.37","−7.37 (−0.18%)","0.00","0.00","4,051.12","4,067.43","4,050.05","4,043.30","4,042.37"
"Fri 26 Jun '26   17:00","4,085.10","4,088.14","4,073.71","4,074.74","−10.36 (−0.25%)","0.00","0.00","4,049.41","4,067.44","4,048.32","4,042.32","4,041.39"
"Fri 26 Jun '26   16:00","4,090.58","4,093.51","4,082.28","4,085.10","−5.49 (−0.13%)","0.00","0.00","4,046.74","4,065.62","4,045.68","4,040.99","4,039.81"
"Fri 26 Jun '26   15:00","4,080.57","4,096.03","4,075.83","4,090.59","+10.00 (+0.25%)","0.00","0.00","4,042.70","4,060.75","4,041.74","4,039.19","4,037.38"
"Fri 26 Jun '26   14:00","4,073.61","4,093.11","4,067.84","4,080.59","+6.98 (+0.17%)","0.00","0.00","4,037.66","4,053.29","4,036.85","4,037.10","4,033.66"
"Fri 26 Jun '26   13:00","4,059.12","4,078.05","4,043.34","4,073.61","+14.59 (+0.36%)","0.00","0.00","4,033.14","4,046.47","4,032.48","4,035.32","4,029.64"
"Fri 26 Jun '26   12:00","4,045.96","4,061.58","4,035.89","4,059.02","+13.07 (+0.32%)","0.00","0.00","4,028.88","4,039.68","4,028.36","4,033.76","4,025.44"
"Fri 26 Jun '26   11:00","4,054.75","4,055.44","4,042.76","4,045.95","−8.80 (−0.22%)","0.00","0.00","4,025.71","4,034.84","4,025.30","4,032.73","4,022.99"
"Fri 26 Jun '26   10:00","4,047.20","4,054.87","4,042.37","4,054.75","+7.54 (+0.19%)","0.00","0.00","4,023.58","4,032.07","4,023.23","4,032.19","4,021.46"
"Fri 26 Jun '26   09:00","4,030.99","4,054.14","4,029.63","4,047.21","+16.22 (+0.40%)","0.00","0.00","4,020.30","4,026.40","4,020.08","4,031.27","4,019.14"
"Fri 26 Jun '26   08:00","4,030.65","4,037.80","4,025.84","4,030.99","+0.32 (+0.01%)","0.00","0.00","4,017.47","4,021.19","4,017.37","4,030.61","4,016.74"
"Fri 26 Jun '26   07:00","4,032.13","4,039.77","4,026.79","4,030.67","−1.50 (−0.04%)","0.00","0.00","4,016.04","4,018.74","4,016.01","4,030.60","4,015.48"
"Fri 26 Jun '26   06:00","4,008.11","4,033.19","4,006.84","4,032.17","+24.13 (+0.60%)","1.00","0.00","4,014.50","4,015.76","4,014.54","4,030.60","4,014.04"
"Fri 26 Jun '26   05:00","4,011.60","4,021.60","4,005.73","4,008.04","−3.38 (−0.08%)","0.00","0.00","4,012.64","4,011.66","4,012.78","4,030.53","4,011.44"
"Fri 26 Jun '26   04:00","4,004.30","4,015.39","3,998.79","4,011.42","+7.11 (+0.18%)","0.00","0.00","4,013.13","4,012.57","4,013.25","4,031.45","4,011.94"
"Fri 26 Jun '26   03:00","3,990.75","4,006.58","3,986.68","4,004.31","+13.57 (+0.34%)","0.00","0.00","4,013.31","4,012.85","4,013.44","4,032.27","4,012.02"
"Fri 26 Jun '26   02:00","4,021.03","4,023.31","3,983.11","3,990.74","−30.29 (−0.75%)","0.00","1.00","4,014.26","4,014.99","4,014.35","4,033.41","4,013.67"
"Fri 26 Jun '26   01:00","4,020.37","4,029.68","4,014.35","4,021.03","+0.69 (+0.02%)","0.00","0.00","4,016.73","4,021.05","4,016.71","4,035.15","4,020.52"
"Fri 26 Jun '26   00:00","4,014.50","4,024.52","4,011.48","4,020.34","+5.78 (+0.14%)","0.00","0.00","4,016.28","4,021.06","4,016.28","4,035.73","4,020.27"
"Thu 25 Jun '26   23:00","4,026.39","4,030.46","4,012.62","4,014.56","−11.83 (−0.29%)","0.00","0.00","4,015.85","4,021.24","4,015.87","4,036.35","4,020.22"
"Thu 25 Jun '26   22:00","4,030.89","4,036.63","4,019.87","4,026.39","−0.31 (−0.01%)","0.00","0.00","4,015.99","4,022.91","4,016.00","4,037.24","4,026.39"
"Thu 25 Jun '26   20:00","4,026.77","4,034.98","4,024.44","4,026.70","−0.11 (−0.00%)","0.00","0.00","4,014.89","4,022.03","4,014.96","4,037.69","4,003.42"
"Thu 25 Jun '26   19:00","4,034.78","4,043.81","4,021.95","4,026.81","−7.95 (−0.20%)","0.00","0.00","4,013.65","4,020.87","4,013.79","4,038.14","4,002.92"
"Thu 25 Jun '26   18:00","4,034.76","4,044.24","4,026.02","4,034.76","+0.04 (+0.00%)","0.00","0.00","4,012.27","4,019.38","4,012.49","4,038.60","4,001.82"
"Thu 25 Jun '26   17:00","4,028.74","4,036.74","4,026.89","4,034.72","+5.98 (+0.15%)","0.00","0.00","4,009.90","4,015.54","4,010.26","4,038.75","4,000.13"
"Thu 25 Jun '26   16:00","4,041.30","4,044.07","4,023.92","4,028.74","−12.40 (−0.31%)","0.00","0.00","4,007.28","4,010.74","4,007.81","4,038.92","3,998.29"
"Thu 25 Jun '26   15:00","4,011.98","4,042.67","4,005.04","4,041.14","+29.17 (+0.73%)","0.00","0.00","4,005.03","4,006.24","4,005.72","4,039.33","3,996.38"
"Thu 25 Jun '26   14:00","4,002.27","4,028.41","3,999.24","4,011.97","+9.68 (+0.24%)","0.00","0.00","4,001.22","3,997.52","4,002.18","4,039.26","3,992.86"
"Thu 25 Jun '26   13:00","4,012.57","4,034.07","4,001.09","4,002.29","−10.14 (−0.25%)","0.00","0.00","4,000.09","3,993.91","4,001.20","4,040.38","3,991.13"
"Thu 25 Jun '26   12:00","3,980.09","4,019.19","3,978.97","4,012.43","+32.36 (+0.81%)","0.00","0.00","3,999.86","3,991.81","4,001.09","4,041.93","3,990.04"
"Thu 25 Jun '26   11:00","3,984.38","3,987.84","3,973.71","3,980.07","−4.31 (−0.11%)","0.00","0.00","3,998.54","3,986.66","3,999.96","4,043.13","3,988.10"
"Thu 25 Jun '26   10:00","3,988.26","3,989.45","3,981.33","3,984.38","−3.89 (−0.10%)","0.00","0.00","4,000.48","3,988.30","4,001.95","4,045.71","3,988.63"
"Thu 25 Jun '26   09:00","3,989.22","3,997.68","3,986.16","3,988.27","−0.95 (−0.02%)","0.00","0.00","4,002.18","3,989.29","4,003.70","4,048.21","3,988.88"
"Thu 25 Jun '26   08:00","3,987.89","4,002.08","3,984.33","3,989.22","+1.29 (+0.03%)","0.00","0.00","4,003.64","3,989.54","4,005.25","4,050.66","3,988.92"
"Thu 25 Jun '26   07:00","3,977.50","3,989.82","3,971.49","3,987.93","+10.49 (+0.26%)","0.00","0.00","4,005.16","3,989.62","4,006.85","4,053.17","3,988.89"
"Thu 25 Jun '26   06:00","3,986.47","3,989.20","3,974.13","3,977.44","−9.03 (−0.23%)","0.00","0.00","4,006.97","3,990.04","4,008.74","4,055.83","3,988.99"
"Thu 25 Jun '26   05:00","3,996.08","4,000.04","3,980.47","3,986.47","−9.62 (−0.24%)","0.00","0.00","4,010.08","3,993.19","4,011.87","4,059.03","3,990.51"
"Thu 25 Jun '26   04:00","3,995.60","3,997.64","3,983.67","3,996.09","+0.49 (+0.01%)","0.00","0.00","4,012.57","3,994.87","4,014.41","4,061.99","3,991.11"
"Thu 25 Jun '26   03:00","3,983.01","4,001.17","3,966.32","3,995.60","+12.43 (+0.31%)","0.00","0.00","4,014.30","3,994.57","4,016.25","4,064.68","3,990.42"
"Thu 25 Jun '26   02:00","3,976.81","3,991.22","3,963.65","3,983.17","+6.36 (+0.16%)","0.00","0.00","4,016.27","3,994.31","4,018.31","4,067.50","3,989.31"
"Thu 25 Jun '26   01:00","3,991.47","4,005.92","3,972.56","3,976.81","−14.66 (−0.37%)","0.00","0.00","4,019.76","3,997.10","4,021.82","4,070.94","3,991.23"
"Thu 25 Jun '26   00:00","4,012.42","4,016.45","3,978.62","3,991.47","−20.94 (−0.52%)","0.00","0.00","4,024.28","4,002.17","4,026.33","4,074.78","3,999.08"
"Wed 24 Jun '26   23:00","3,996.38","4,018.68","3,990.93","4,012.41","+16.03 (+0.40%)","1.00","0.00","4,027.73","4,004.85","4,029.81","4,078.18","4,005.38"
"Wed 24 Jun '26   22:00","4,003.65","4,008.77","3,992.94","3,996.38","−4.67 (−0.12%)","0.00","0.00","4,029.34","4,002.95","4,031.55","4,080.87","3,996.38"
"Wed 24 Jun '26   20:00","3,988.14","4,002.80","3,984.76","4,001.05","+13.01 (+0.33%)","0.00","0.00","4,032.81","4,004.60","4,035.07","4,084.32","4,041.76"
"Wed 24 Jun '26   19:00","3,981.41","3,990.83","3,973.59","3,988.04","+6.63 (+0.17%)","0.00","0.00","4,036.16","4,005.49","4,038.47","4,087.71","4,043.10"
"Wed 24 Jun '26   18:00","3,972.79","3,994.27","3,959.26","3,981.41","+8.62 (+0.22%)","0.00","0.00","4,041.22","4,009.85","4,043.51","4,091.78","4,045.84"
"Wed 24 Jun '26   17:00","4,006.69","4,011.27","3,972.74","3,972.79","−33.90 (−0.85%)","0.00","1.00","4,047.52","4,016.96","4,049.72","4,096.29","4,049.57"
"Wed 24 Jun '26   16:00","4,002.60","4,022.24","3,995.61","4,006.69","+4.20 (+0.10%)","0.00","0.00","4,055.38","4,028.00","4,057.42","4,101.33","4,054.32"
"Wed 24 Jun '26   15:00","4,008.03","4,016.80","3,997.34","4,002.49","−5.55 (−0.14%)","0.00","0.00","4,060.51","4,033.32","4,062.49","4,105.19","4,057.22"
"Wed 24 Jun '26   14:00","4,038.37","4,041.09","4,003.00","4,008.04","−30.33 (−0.75%)","0.00","0.00","4,066.61","4,041.03","4,068.49","4,109.38","4,061.10"
"Wed 24 Jun '26   13:00","3,987.89","4,042.11","3,964.60","4,038.37","+50.55 (+1.27%)","1.00","0.00","4,072.78","4,049.28","4,074.54","4,113.52","4,065.54"
"Wed 24 Jun '26   12:00","4,046.76","4,048.77","3,987.68","3,987.82","−58.91 (−1.46%)","0.00","0.00","4,076.40","4,052.01","4,078.15","4,116.59","4,068.19"
"Wed 24 Jun '26   11:00","4,055.65","4,058.56","4,037.58","4,046.73","−8.92 (−0.22%)","0.00","0.00","4,085.73","4,068.05","4,087.18","4,121.84","4,075.37"
"Wed 24 Jun '26   10:00","4,064.65","4,066.92","4,054.75","4,055.65","−8.98 (−0.22%)","0.00","0.00","4,089.83","4,073.38","4,091.23","4,124.91","4,077.82"
"Wed 24 Jun '26   09:00","4,076.33","4,079.17","4,064.26","4,064.63","−11.71 (−0.29%)","0.00","0.00","4,093.43","4,077.82","4,094.79","4,127.74","4,079.49"
"Wed 24 Jun '26   08:00","4,074.89","4,087.61","4,073.19","4,076.34","+1.45 (+0.04%)","0.00","0.00","4,096.46","4,081.12","4,097.80","4,130.31","4,080.64"
"Wed 24 Jun '26   07:00","4,087.14","4,090.84","4,073.78","4,074.89","−12.24 (−0.30%)","0.00","0.00","4,098.58","4,082.31","4,099.95","4,132.51","4,081.03"
"Wed 24 Jun '26   06:00","4,075.92","4,097.60","4,075.92","4,087.13","+11.21 (+0.28%)","0.00","0.00","4,101.07","4,084.16","4,102.46","4,134.87","4,081.63"
"Wed 24 Jun '26   05:00","4,064.52","4,086.21","4,060.82","4,075.92","+11.40 (+0.28%)","0.00","0.00","4,102.54","4,083.42","4,103.99","4,136.81","4,080.90"
"Wed 24 Jun '26   04:00","4,062.80","4,067.24","4,055.10","4,064.52","+1.71 (+0.04%)","0.00","0.00","4,105.34","4,085.30","4,106.80","4,139.30","4,081.60"
"Wed 24 Jun '26   03:00","4,061.20","4,070.68","4,050.46","4,062.81","+1.61 (+0.04%)","0.00","0.00","4,109.64","4,090.49","4,111.02","4,142.35","4,084.04"
"Wed 24 Jun '26   02:00","4,089.03","4,095.98","4,052.20","4,061.20","−27.89 (−0.68%)","0.00","0.00","4,114.57","4,097.41","4,115.85","4,145.60","4,088.56"
"Wed 24 Jun '26   01:00","4,097.35","4,102.30","4,068.55","4,089.09","−8.21 (−0.20%)","0.00","0.00","4,120.19","4,106.47","4,121.31","4,149.04","4,096.24"
"Wed 24 Jun '26   00:00","4,099.25","4,112.08","4,093.81","4,097.30","−1.94 (−0.05%)","0.00","0.00","4,123.46","4,110.81","4,124.53","4,151.49","4,099.75"
"Tue 23 Jun '26   23:00","4,104.41","4,104.44","4,080.93","4,099.24","−5.16 (−0.13%)","0.00","1.00","4,126.21","4,114.19","4,127.26","4,153.70","4,101.58"
"Tue 23 Jun '26   22:00","4,112.41","4,114.98","4,097.14","4,104.40","−5.28 (−0.13%)","0.00","0.00","4,129.05","4,117.93","4,130.06","4,155.93","4,104.40"
"Tue 23 Jun '26   20:00","4,112.09","4,112.93","4,107.51","4,109.68","−2.09 (−0.05%)","0.00","0.00","4,131.65","4,121.31","4,132.62","4,158.03","4,131.04"
"Tue 23 Jun '26   19:00","4,117.80","4,126.10","4,111.68","4,111.77","−6.05 (−0.15%)","0.00","0.00","4,133.96","4,124.22","4,134.92","4,160.00","4,131.48"
"Tue 23 Jun '26   18:00","4,128.04","4,131.10","4,112.91","4,117.82","−10.23 (−0.25%)","0.00","0.00","4,136.29","4,127.33","4,137.23","4,161.97","4,132.49"
"Tue 23 Jun '26   17:00","4,134.23","4,139.82","4,127.83","4,128.05","−6.31 (−0.15%)","0.00","0.00","4,138.24","4,129.70","4,139.17","4,163.77","4,133.14"
"Tue 23 Jun '26   16:00","4,138.68","4,143.88","4,131.62","4,134.36","−4.33 (−0.10%)","0.00","0.00","4,139.31","4,130.12","4,140.28","4,165.23","4,133.39"
"Tue 23 Jun '26   15:00","4,130.18","4,141.65","4,123.54","4,138.69","+8.49 (+0.21%)","1.00","0.00","4,139.83","4,129.06","4,140.88","4,166.49","4,133.34"
"Tue 23 Jun '26   14:00","4,135.30","4,145.12","4,122.94","4,130.20","−5.27 (−0.13%)","0.00","0.00","4,139.95","4,126.65","4,141.10","4,167.63","4,132.96"
"Tue 23 Jun '26   13:00","4,113.29","4,140.43","4,105.42","4,135.47","+22.17 (+0.54%)","0.00","0.00","4,140.98","4,125.76","4,142.18","4,169.15","4,133.20"
"Tue 23 Jun '26   12:00","4,123.32","4,127.38","4,111.79","4,113.30","−10.04 (−0.24%)","0.00","0.00","4,141.56","4,123.33","4,142.86","4,170.53","4,132.99"
"Tue 23 Jun '26   11:00","4,119.78","4,132.02","4,117.49","4,123.34","+3.54 (+0.09%)","0.00","0.00","4,144.53","4,125.84","4,145.81","4,172.86","4,134.56"
"Tue 23 Jun '26   10:00","4,122.32","4,133.35","4,119.69","4,119.80","−2.52 (−0.06%)","0.00","0.00","4,146.76","4,126.46","4,148.06","4,174.88","4,135.49"
"Tue 23 Jun '26   09:00","4,105.31","4,122.32","4,104.04","4,122.32","+17.00 (+0.41%)","0.00","0.00","4,149.60","4,128.13","4,150.89","4,177.13","4,136.78"
"Tue 23 Jun '26   08:00","4,098.82","4,111.01","4,090.90","4,105.32","+6.49 (+0.16%)","0.00","0.00","4,152.47","4,129.58","4,153.74","4,179.37","4,138.04"
"Tue 23 Jun '26   07:00","4,114.34","4,124.83","4,096.72","4,098.83","−15.55 (−0.38%)","0.00","0.00","4,157.44","4,135.64","4,158.58","4,182.39","4,141.91"
"Tue 23 Jun '26   06:00","4,121.24","4,126.96","4,110.40","4,114.38","−6.89 (−0.17%)","0.00","0.00","4,163.61","4,144.85","4,164.56","4,185.80","4,147.70"
"Tue 23 Jun '26   05:00","4,118.18","4,137.51","4,115.47","4,121.27","+3.09 (+0.08%)","0.00","0.00","4,168.79","4,152.47","4,169.58","4,188.72","4,153.22"
"Tue 23 Jun '26   04:00","4,144.10","4,146.98","4,114.90","4,118.18","−25.92 (−0.63%)","0.00","0.00","4,173.79","4,160.26","4,174.41","4,191.47","4,159.16"
"Tue 23 Jun '26   03:00","4,146.99","4,149.71","4,130.91","4,144.10","−2.88 (−0.07%)","0.00","0.00","4,179.64","4,170.79","4,180.03","4,194.46","4,165.48"
"Tue 23 Jun '26   02:00","4,161.33","4,163.52","4,146.66","4,146.98","−14.38 (−0.35%)","0.00","0.00","4,183.39","4,177.46","4,183.62","4,196.52","4,170.79"
"Tue 23 Jun '26   01:00","4,193.35","4,198.39","4,150.18","4,161.36","−31.98 (−0.76%)","0.00","1.00","4,187.22","4,185.08","4,187.29","4,198.54","4,179.09"
"Tue 23 Jun '26   00:00","4,187.51","4,194.66","4,178.39","4,193.34","+5.67 (+0.14%)","0.00","0.00","4,189.94","4,191.01","4,189.88","4,200.06","4,191.26"
"Mon 22 Jun '26   23:00","4,189.97","4,195.39","4,186.86","4,187.67","−2.30 (−0.05%)","0.00","0.00","4,189.58","4,190.42","4,189.54","4,200.33","4,188.74"
"Mon 22 Jun '26   22:00","4,193.96","4,194.57","4,188.47","4,189.97","−2.38 (−0.06%)","0.00","0.00","4,189.78","4,191.11","4,189.72","4,200.85","4,189.97"
"Mon 22 Jun '26   20:00","4,190.74","4,193.78","4,188.70","4,192.35","+1.59 (+0.04%)","0.00","0.00","4,189.76","4,191.40","4,189.70","4,201.29","4,189.76"
"Mon 22 Jun '26   19:00","4,191.30","4,193.41","4,184.22","4,190.76","−0.52 (−0.01%)","0.00","0.00","4,189.49","4,191.16","4,189.43","4,201.66","4,189.71"
"Mon 22 Jun '26   18:00","4,183.15","4,192.87","4,182.55","4,191.28","+8.18 (+0.20%)","0.00","0.00","4,189.36","4,191.26","4,189.30","4,202.10","4,189.67"
"Mon 22 Jun '26   17:00","4,189.93","4,191.63","4,177.16","4,183.10","−6.80 (−0.16%)","0.00","0.00","4,189.15","4,191.25","4,189.10","4,202.54","4,189.59"
"Mon 22 Jun '26   16:00","4,182.90","4,192.62","4,174.46","4,189.90","+6.97 (+0.17%)","0.00","0.00","4,189.79","4,193.29","4,189.70","4,203.34","4,189.92"
"Mon 22 Jun '26   15:00","4,198.34","4,201.32","4,169.84","4,182.93","−15.40 (−0.37%)","0.00","0.00","4,189.78","4,194.14","4,189.68","4,203.89","4,189.92"
"Mon 22 Jun '26   14:00","4,199.90","4,210.79","4,186.60","4,198.33","−1.51 (−0.04%)","0.00","0.00","4,190.50","4,196.94","4,190.36","4,204.74","4,190.46"
"Mon 22 Jun '26   13:00","4,193.39","4,205.74","4,183.01","4,199.84","+6.47 (+0.15%)","0.00","0.00","4,189.68","4,196.59","4,189.56","4,205.00","4,189.74"
"Mon 22 Jun '26   12:00","4,207.45","4,211.80","4,192.26","4,193.37","−14.08 (−0.33%)","0.00","0.00","4,188.61","4,195.78","4,188.53","4,205.22","4,188.78"
"Mon 22 Jun '26   11:00","4,204.73","4,215.18","4,201.46","4,207.45","+2.78 (+0.07%)","0.00","0.00","4,188.11","4,196.38","4,188.05","4,205.70","4,188.45"
"Mon 22 Jun '26   10:00","4,208.25","4,214.20","4,203.69","4,204.67","−3.58 (−0.09%)","0.00","0.00","4,186.07","4,193.61","4,186.11","4,205.63","4,187.11"
"Mon 22 Jun '26   09:00","4,197.46","4,210.05","4,196.05","4,208.25","+10.81 (+0.26%)","0.00","0.00","4,184.11","4,190.85","4,184.25","4,205.67","4,185.98"
"Mon 22 Jun '26   08:00","4,190.41","4,197.76","4,188.72","4,197.44","+6.97 (+0.17%)","0.00","0.00","4,181.57","4,186.50","4,181.85","4,205.56","4,184.22"
"Mon 22 Jun '26   07:00","4,197.87","4,201.89","4,188.86","4,190.47","−7.20 (−0.17%)","0.00","0.00","4,179.90","4,183.77","4,180.29","4,205.89","4,183.04"
"Mon 22 Jun '26   06:00","4,193.80","4,207.35","4,191.26","4,197.67","+3.87 (+0.09%)","0.00","0.00","4,178.79","4,182.09","4,179.27","4,206.52","4,182.31"
"Mon 22 Jun '26   05:00","4,181.82","4,198.60","4,179.42","4,193.80","+11.97 (+0.29%)","0.00","0.00","4,176.80","4,178.19","4,177.43","4,206.88","4,180.33"
"Mon 22 Jun '26   04:00","4,171.57","4,182.21","4,170.70","4,181.83","+10.21 (+0.24%)","0.00","0.00","4,175.01","4,174.29","4,175.80","4,207.42","4,178.44"
"Mon 22 Jun '26   03:00","4,188.54","4,190.00","4,170.73","4,171.62","−16.94 (−0.40%)","0.00","0.00","4,174.29","4,172.41","4,175.19","4,208.46","4,178.05"
"Mon 22 Jun '26   02:00","4,190.96","4,200.30","4,183.62","4,188.56","−2.40 (−0.06%)","0.00","0.00","4,174.57","4,172.61","4,175.55","4,209.96","4,179.11"
"Mon 22 Jun '26   01:00","4,200.88","4,221.03","4,189.70","4,190.96","−9.90 (−0.24%)","0.00","0.00","4,173.10","4,168.62","4,174.25","4,210.84","4,176.68"
"Mon 22 Jun '26   00:00","4,140.37","4,201.03","4,140.12","4,200.86","+60.51 (+1.46%)","0.00","0.00","4,171.22","4,163.03","4,172.58","4,211.65","4,169.94"
"Sun 21 Jun '26   23:00","4,156.40","4,164.72","4,136.58","4,140.35","−16.05 (−0.39%)","0.00","0.00","4,168.10","4,153.58","4,169.75","4,212.09","4,147.55"
"Sun 21 Jun '26   22:00","4,142.08","4,159.77","4,139.42","4,156.40","+0.82 (+0.02%)","0.00","0.00","4,171.02","4,156.88","4,172.69","4,215.02","4,156.40"
"Fri 19 Jun '26   16:00","4,151.09","4,157.87","4,144.35","4,155.58","+4.50 (+0.11%)","0.00","0.00","4,172.56","4,157.00","4,174.32","4,217.41","4,160.71"
"Fri 19 Jun '26   15:00","4,149.28","4,154.03","4,147.69","4,151.08","+1.80 (+0.04%)","0.00","0.00","4,174.35","4,157.36","4,176.19","4,219.93","4,160.90"
"Fri 19 Jun '26   14:00","4,151.48","4,154.59","4,142.68","4,149.28","−2.16 (−0.05%)","0.00","0.00","4,176.80","4,158.93","4,178.70","4,222.75","4,161.38"
"Fri 19 Jun '26   13:00","4,179.09","4,182.96","4,150.69","4,151.44","−27.66 (−0.66%)","0.00","0.00","4,179.70","4,161.34","4,181.65","4,225.74","4,162.22"
"Fri 19 Jun '26   12:00","4,152.61","4,180.02","4,147.42","4,179.10","+26.50 (+0.64%)","0.00","0.00","4,182.67","4,163.82","4,184.67","4,228.78","4,163.13"
"Fri 19 Jun '26   11:00","4,149.79","4,154.99","4,141.94","4,152.60","+2.81 (+0.07%)","0.00","0.00","4,183.05","4,160.00","4,185.22","4,230.80","4,161.83"
"Fri 19 Jun '26   10:00","4,162.94","4,163.09","4,148.14","4,149.79","−13.12 (−0.32%)","0.00","0.00","4,186.25","4,161.85","4,188.49","4,234.00","4,162.54"
"Fri 19 Jun '26   09:00","4,169.14","4,170.95","4,161.01","4,162.91","−6.22 (−0.15%)","0.00","0.00","4,190.09","4,164.86","4,192.35","4,237.43","4,163.62"
"Fri 19 Jun '26   08:00","4,158.07","4,178.54","4,155.36","4,169.13","+11.08 (+0.27%)","1.00","0.00","4,192.95","4,165.35","4,195.30","4,240.48","4,163.68"
"Fri 19 Jun '26   07:00","4,147.68","4,163.19","4,147.61","4,158.05","+10.37 (+0.25%)","0.00","0.00","4,195.46","4,164.40","4,197.92","4,243.39","4,163.08"
"Fri 19 Jun '26   06:00","4,139.75","4,150.55","4,132.88","4,147.68","+8.02 (+0.19%)","0.00","0.00","4,199.40","4,165.99","4,201.90","4,246.87","4,163.70"
"Fri 19 Jun '26   05:00","4,125.80","4,141.62","4,121.83","4,139.66","+13.84 (+0.34%)","0.00","0.00","4,204.85","4,170.57","4,207.33","4,250.92","4,166.17"
"Fri 19 Jun '26   04:00","4,153.34","4,155.18","4,125.15","4,125.82","−27.68 (−0.67%)","0.00","0.00","4,211.71","4,178.29","4,214.09","4,255.46","4,171.01"
"Fri 19 Jun '26   03:00","4,176.36","4,177.30","4,146.30","4,153.50","−22.86 (−0.55%)","0.00","0.00","4,220.75","4,191.41","4,222.92","4,260.75","4,181.12"
"Fri 19 Jun '26   02:00","4,184.94","4,186.20","4,171.95","4,176.36","−8.59 (−0.21%)","0.00","0.00","4,227.83","4,200.89","4,229.86","4,265.13","4,188.05"
"Fri 19 Jun '26   01:00","4,190.44","4,194.61","4,184.09","4,184.95","−5.46 (−0.13%)","0.00","0.00","4,233.24","4,207.02","4,235.21","4,268.75","4,191.18"
"Fri 19 Jun '26   00:00","4,188.44","4,198.12","4,184.45","4,190.41","+1.98 (+0.05%)","0.00","0.00","4,238.33","4,212.54","4,240.24","4,272.17","4,193.52"
"Thu 18 Jun '26   23:00","4,207.45","4,208.36","4,186.90","4,188.43","−19.02 (−0.45%)","0.00","0.00","4,243.37","4,218.07","4,245.22","4,275.51","4,195.97"
"Thu 18 Jun '26   22:00","4,211.28","4,213.31","4,202.74","4,207.45","−0.71 (−0.02%)","0.00","0.00","4,249.15","4,225.48","4,250.90","4,279.06","4,207.45"
"Thu 18 Jun '26   20:00","4,217.02","4,219.61","4,207.88","4,208.16","−8.80 (−0.21%)","0.00","0.00","4,253.54","4,229.99","4,255.24","4,281.99","4,264.97"
"Thu 18 Jun '26   19:00","4,218.53","4,219.04","4,201.60","4,216.96","−1.50 (−0.04%)","0.00","0.00","4,258.32","4,235.45","4,259.95","4,285.00","4,266.27"
"Thu 18 Jun '26   18:00","4,230.36","4,233.21","4,218.29","4,218.46","−11.90 (−0.28%)","0.00","0.00","4,262.68","4,240.07","4,264.25","4,287.78","4,268.82"
"Thu 18 Jun '26   17:00","4,219.48","4,233.11","4,218.60","4,230.36","+10.88 (+0.26%)","0.00","0.00","4,267.33","4,245.47","4,268.83","4,290.61","4,271.26"
"Thu 18 Jun '26   16:00","4,226.72","4,233.31","4,214.06","4,219.48","−7.20 (−0.17%)","0.00","0.00","4,271.22","4,249.25","4,272.68","4,293.07","4,273.54"
"Thu 18 Jun '26   15:00","4,252.38","4,254.75","4,223.17","4,226.68","−25.71 (−0.60%)","0.00","0.00","4,276.67","4,256.69","4,278.00","4,296.07","4,277.15"
"Thu 18 Jun '26   14:00","4,256.69","4,257.84","4,237.15","4,252.39","−4.29 (−0.10%)","0.00","0.00","4,281.93","4,264.19","4,283.13","4,298.90","4,281.11"
"Thu 18 Jun '26   13:00","4,246.68","4,276.74","4,245.08","4,256.68","+10.00 (+0.24%)","0.00","0.00","4,285.04","4,267.14","4,286.20","4,300.80","4,283.68"
"Thu 18 Jun '26   12:00","4,242.05","4,269.21","4,240.50","4,246.68","+4.64 (+0.11%)","0.00","0.00","4,288.02","4,269.75","4,289.16","4,302.60","4,286.13"
"Thu 18 Jun '26   11:00","4,255.71","4,255.81","4,240.01","4,242.04","−13.52 (−0.32%)","0.00","0.00","4,292.38","4,275.52","4,293.40","4,304.88","4,289.70"
"Thu 18 Jun '26   10:00","4,268.43","4,272.80","4,254.92","4,255.56","−12.92 (−0.30%)","0.00","0.00","4,297.67","4,283.89","4,298.54","4,307.45","4,294.04"
"Thu 18 Jun '26   09:00","4,266.79","4,273.33","4,259.66","4,268.48","+1.75 (+0.04%)","0.00","0.00","4,302.11","4,290.97","4,302.84","4,309.57","4,297.22"
"Thu 18 Jun '26   08:00","4,288.68","4,292.86","4,265.62","4,266.73","−21.94 (−0.51%)","0.00","1.00","4,305.65","4,296.60","4,306.27","4,311.24","4,299.97"
"Thu 18 Jun '26   07:00","4,306.57","4,309.48","4,287.49","4,288.67","−17.91 (−0.42%)","0.00","0.00","4,309.74","4,304.06","4,310.23","4,313.06","4,303.53"
"Thu 18 Jun '26   06:00","4,308.12","4,309.88","4,296.29","4,306.58","−1.54 (−0.04%)","0.00","0.00","4,311.96","4,307.91","4,312.38","4,314.06","4,305.27"
"Thu 18 Jun '26   05:00","4,315.83","4,324.71","4,301.29","4,308.12","−7.74 (−0.18%)","0.00","0.00","4,312.53","4,308.24","4,312.96","4,314.36","4,305.07"
"Thu 18 Jun '26   04:00","4,319.75","4,324.03","4,309.83","4,315.86","−3.88 (−0.09%)","0.00","0.00","4,312.99","4,308.27","4,313.45","4,314.62","4,304.60"
"Thu 18 Jun '26   03:00","4,310.96","4,322.65","4,309.16","4,319.74","+8.74 (+0.20%)","0.00","0.00","4,312.69","4,306.38","4,313.21","4,314.57","4,303.16"
"Thu 18 Jun '26   02:00","4,317.87","4,329.88","4,310.49","4,311.00","−6.86 (−0.16%)","0.00","0.00","4,311.95","4,303.04","4,312.55","4,314.35","4,300.32"
"Thu 18 Jun '26   01:00","4,308.57","4,328.58","4,307.10","4,317.86","+9.30 (+0.22%)","0.00","0.00","4,312.05","4,301.05","4,312.71","4,314.49","4,297.52"
"Thu 18 Jun '26   00:00","4,278.05","4,315.33","4,276.61","4,308.56","+30.53 (+0.71%)","0.00","0.00","4,311.44","4,296.84","4,312.19","4,314.35","4,288.41"
"Wed 17 Jun '26   23:00","4,266.81","4,283.95","4,264.27","4,278.03","+11.21 (+0.26%)","1.00","0.00","4,311.74","4,293.91","4,312.56","4,314.59","4,272.97"
"Wed 17 Jun '26   22:00","4,256.83","4,271.42","4,254.58","4,266.82","+9.33 (+0.22%)","0.00","0.00","4,315.29","4,297.88","4,316.01","4,316.08","4,266.82"
"Wed 17 Jun '26   20:00","4,235.81","4,269.72","4,235.13","4,257.49","+21.73 (+0.51%)","0.00","0.00","4,320.39","4,305.65","4,320.93","4,318.09","4,322.71"
"Wed 17 Jun '26   19:00","4,286.22","4,295.37","4,219.12","4,235.76","−50.51 (−1.18%)","0.00","0.00","4,327.01","4,317.69","4,327.27","4,320.57","4,326.04"
"Wed 17 Jun '26   18:00","4,379.79","4,379.79","4,269.91","4,286.27","−93.62 (−2.14%)","0.00","1.00","4,336.62","4,338.17","4,336.42","4,324.03","4,334.50"
"Wed 17 Jun '26   17:00","4,359.55","4,382.33","4,355.46","4,379.89","+20.35 (+0.47%)","0.00","0.00","4,341.92","4,351.15","4,341.44","4,325.57","4,339.65"
"Wed 17 Jun '26   16:00","4,363.59","4,366.49","4,355.18","4,359.54","−4.03 (−0.09%)","0.00","0.00","4,337.92","4,343.96","4,337.59","4,323.35","4,336.88"
"Wed 17 Jun '26   15:00","4,344.52","4,364.83","4,343.94","4,363.57","+19.06 (+0.44%)","0.00","0.00","4,335.64","4,340.07","4,335.40","4,321.88","4,335.43"
"Wed 17 Jun '26   14:00","4,339.85","4,363.93","4,332.60","4,344.51","+4.56 (+0.11%)","0.00","0.00","4,332.71","4,334.19","4,332.58","4,320.17","4,332.96"
"Wed 17 Jun '26   13:00","4,333.66","4,345.27","4,324.10","4,339.95","+6.27 (+0.14%)","0.00","0.00","4,331.46","4,331.62","4,331.39","4,319.18","4,331.66"
"Wed 17 Jun '26   12:00","4,323.17","4,335.39","4,319.86","4,333.68","+10.52 (+0.24%)","0.00","0.00","4,330.57","4,329.53","4,330.53","4,318.33","4,330.77"
"Wed 17 Jun '26   11:00","4,331.45","4,331.98","4,320.99","4,323.16","−8.29 (−0.19%)","0.00","0.00","4,330.24","4,328.49","4,330.22","4,317.71","4,330.54"
"Wed 17 Jun '26   10:00","4,329.57","4,335.21","4,326.70","4,331.45","+1.89 (+0.04%)","0.00","0.00","4,330.99","4,329.83","4,330.92","4,317.48","4,331.18"
"Wed 17 Jun '26   09:00","4,324.79","4,335.63","4,321.35","4,329.56","+4.77 (+0.11%)","0.00","0.00","4,330.94","4,329.42","4,330.87","4,316.91","4,331.15"
"Wed 17 Jun '26   08:00","4,325.26","4,327.88","4,317.74","4,324.79","−0.48 (−0.01%)","0.00","0.00","4,331.08","4,329.39","4,331.00","4,316.40","4,331.31"
"Wed 17 Jun '26   07:00","4,331.75","4,332.91","4,324.73","4,325.27","−6.48 (−0.15%)","0.00","0.00","4,331.75","4,330.54","4,331.62","4,316.05","4,332.12"
"Wed 17 Jun '26   06:00","4,326.65","4,331.84","4,320.53","4,331.75","+5.11 (+0.12%)","0.00","0.00","4,332.43","4,331.86","4,332.26","4,315.68","4,332.97"
"Wed 17 Jun '26   05:00","4,326.80","4,334.18","4,321.20","4,326.64","−0.16 (−0.00%)","0.00","0.00","4,332.50","4,331.88","4,332.31","4,315.02","4,333.16"
"Wed 17 Jun '26   04:00","4,332.28","4,334.17","4,317.73","4,326.80","−5.50 (−0.13%)","0.00","0.00","4,333.12","4,333.19","4,332.88","4,314.55","4,334.29"
"Wed 17 Jun '26   03:00","4,331.63","4,334.14","4,328.69","4,332.30","+0.63 (+0.01%)","0.00","0.00","4,333.78","4,334.79","4,333.48","4,314.05","4,335.46"
"Wed 17 Jun '26   02:00","4,340.94","4,344.45","4,329.82","4,331.67","−9.27 (−0.21%)","0.00","0.00","4,333.94","4,335.41","4,333.60","4,313.30","4,336.14"
"Wed 17 Jun '26   01:00","4,337.05","4,349.70","4,334.44","4,340.94","+3.80 (+0.09%)","0.00","0.00","4,334.18","4,336.35","4,333.80","4,312.55","4,337.61"
"Wed 17 Jun '26   00:00","4,330.95","4,341.79","4,328.56","4,337.14","+6.20 (+0.14%)","0.00","0.00","4,333.46","4,335.20","4,333.08","4,311.39","4,335.25"
"Tue 16 Jun '26   23:00","4,335.50","4,338.39","4,329.58","4,330.94","−4.54 (−0.10%)","0.00","0.00","4,333.08","4,334.71","4,332.68","4,310.34","4,333.17"
"Tue 16 Jun '26   22:00","4,333.03","4,336.20","4,329.02","4,335.48","+4.51 (+0.10%)","0.00","0.00","4,333.30","4,335.66","4,332.85","4,309.50","4,335.48"
"Tue 16 Jun '26   20:00","4,333.94","4,334.93","4,329.59","4,330.97","−3.16 (−0.07%)","0.00","0.00","4,333.07","4,335.70","4,332.59","4,308.44","4,331.71"
"Tue 16 Jun '26   19:00","4,338.54","4,342.91","4,330.62","4,334.13","−4.41 (−0.10%)","0.00","0.00","4,333.29","4,336.88","4,332.75","4,307.52","4,331.72"
"Tue 16 Jun '26   18:00","4,340.35","4,342.82","4,336.22","4,338.54","−1.79 (−0.04%)","0.00","0.00","4,333.21","4,337.57","4,332.61","4,306.44","4,331.59"
"Tue 16 Jun '26   17:00","4,340.65","4,341.21","4,325.41","4,340.33","−0.31 (−0.01%)","0.00","0.00","4,332.64","4,337.33","4,332.02","4,305.13","4,331.24"
"Tue 16 Jun '26   16:00","4,335.30","4,347.01","4,334.94","4,340.64","+5.34 (+0.12%)","0.00","0.00","4,331.84","4,336.58","4,331.19","4,303.69","4,330.69"
"Tue 16 Jun '26   15:00","4,324.05","4,343.45","4,321.19","4,335.30","+11.24 (+0.26%)","0.00","0.00","4,330.91","4,335.57","4,330.24","4,302.18","4,330.00"
"Tue 16 Jun '26   14:00","4,331.81","4,338.76","4,313.29","4,324.06","−7.74 (−0.18%)","0.00","0.00","4,330.45","4,335.64","4,329.73","4,300.83","4,329.56"
"Tue 16 Jun '26   13:00","4,354.65","4,354.85","4,331.66","4,331.80","−22.90 (−0.53%)","0.00","0.00","4,331.12","4,338.53","4,330.30","4,299.88","4,330.11"
"Tue 16 Jun '26   12:00","4,340.99","4,354.90","4,337.41","4,354.70","+13.71 (+0.32%)","1.00","0.00","4,331.05","4,340.21","4,330.15","4,298.58","4,329.93"
"Tue 16 Jun '26   11:00","4,348.92","4,349.33","4,335.14","4,340.99","−7.93 (−0.18%)","0.00","0.00","4,328.56","4,336.59","4,327.70","4,296.29","4,327.77"
"Tue 16 Jun '26   10:00","4,345.27","4,348.98","4,342.26","4,348.92","+3.65 (+0.08%)","0.00","0.00","4,327.25","4,335.49","4,326.37","4,294.46","4,326.70"
"Tue 16 Jun '26   09:00","4,347.00","4,348.34","4,338.45","4,345.27","−1.73 (−0.04%)","0.00","0.00","4,324.97","4,332.13","4,324.11","4,292.24","4,325.20"
"Tue 16 Jun '26   08:00","4,335.17","4,347.98","4,332.83","4,347.00","+11.83 (+0.27%)","0.00","0.00","4,322.83","4,328.85","4,322.00","4,290.08","4,323.47"
"Tue 16 Jun '26   07:00","4,323.94","4,335.59","4,322.64","4,335.17","+11.23 (+0.26%)","0.00","0.00","4,320.29","4,324.31","4,319.50","4,287.75","4,320.94"
"Tue 16 Jun '26   06:00","4,315.94","4,324.37","4,313.56","4,323.94","+7.98 (+0.18%)","0.00","0.00","4,318.72","4,321.59","4,317.93","4,285.82","4,319.24"
"Tue 16 Jun '26   05:00","4,322.56","4,330.86","4,314.40","4,315.96","−6.60 (−0.15%)","0.00","0.00","4,318.17","4,321.01","4,317.33","4,284.26","4,318.54"
"Tue 16 Jun '26   04:00","4,330.52","4,332.22","4,321.29","4,322.56","−7.96 (−0.18%)","0.00","0.00","4,318.40","4,322.27","4,317.46","4,282.97","4,318.95"
"Tue 16 Jun '26   03:00","4,318.79","4,333.18","4,315.51","4,330.52","+11.72 (+0.27%)","0.00","0.00","4,317.96","4,322.19","4,316.95","4,281.35","4,318.45"
"Tue 16 Jun '26   02:00","4,313.56","4,320.90","4,307.64","4,318.80","+5.24 (+0.12%)","0.00","0.00","4,316.64","4,320.11","4,315.60","4,279.35","4,316.04"
"Tue 16 Jun '26   01:00","4,319.24","4,325.93","4,312.17","4,313.56","−5.67 (−0.13%)","0.00","0.00","4,316.42","4,320.44","4,315.28","4,277.74","4,315.30"
"Tue 16 Jun '26   00:00","4,315.64","4,320.80","4,306.91","4,319.23","+3.56 (+0.08%)","0.00","0.00","4,316.72","4,322.16","4,315.45","4,276.27","4,316.29"
"Mon 15 Jun '26   23:00","4,311.98","4,319.26","4,311.46","4,315.67","+3.69 (+0.09%)","0.00","0.00","4,316.45","4,322.90","4,315.07","4,274.52","4,313.91"
"Mon 15 Jun '26   22:00","4,310.51","4,315.29","4,305.95","4,311.98","+3.20 (+0.07%)","0.00","0.00","4,316.53","4,324.70","4,315.01","4,272.84","4,311.98"
"Mon 15 Jun '26   20:00","4,320.71","4,322.11","4,306.49","4,308.78","−11.99 (−0.28%)","0.00","1.00","4,317.01","4,327.88","4,315.32","4,271.24","4,327.35"
"Mon 15 Jun '26   19:00","4,325.70","4,326.72","4,316.67","4,320.77","−4.93 (−0.11%)","0.00","0.00","4,317.88","4,332.66","4,315.97","4,269.71","4,327.78"
"Mon 15 Jun '26   18:00","4,324.88","4,328.10","4,318.21","4,325.70","+0.81 (+0.02%)","0.00","0.00","4,317.58","4,335.63","4,315.49","4,267.63","4,328.10"
"Mon 15 Jun '26   17:00","4,339.25","4,339.25","4,320.57","4,324.89","−14.36 (−0.33%)","0.00","0.00","4,316.72","4,338.11","4,314.47","4,265.26","4,328.22"
"Mon 15 Jun '26   16:00","4,356.23","4,358.73","4,334.59","4,339.25","−17.03 (−0.39%)","0.00","0.00","4,315.86","4,341.42","4,313.43","4,262.82","4,328.41"
"Mon 15 Jun '26   15:00","4,356.79","4,360.80","4,349.68","4,356.28","−0.51 (−0.01%)","0.00","0.00","4,313.40","4,341.96","4,310.84","4,259.70","4,327.77"
"Mon 15 Jun '26   14:00","4,355.22","4,369.32","4,353.97","4,356.79","+1.58 (+0.04%)","0.00","0.00","4,308.89","4,338.38","4,306.30","4,255.76","4,325.73"
"Mon 15 Jun '26   13:00","4,349.10","4,368.74","4,341.35","4,355.21","+6.13 (+0.14%)","0.00","0.00","4,303.84","4,333.78","4,301.25","4,251.64","4,322.98"
"Mon 15 Jun '26   12:00","4,335.28","4,349.42","4,324.67","4,349.08","+13.80 (+0.32%)","0.00","0.00","4,298.44","4,328.42","4,295.85","4,247.41","4,319.96"
"Mon 15 Jun '26   11:00","4,338.15","4,347.54","4,331.97","4,335.28","−2.86 (−0.07%)","0.00","0.00","4,293.10","4,323.26","4,290.53","4,243.26","4,317.63"
"Mon 15 Jun '26   10:00","4,336.69","4,341.53","4,335.35","4,338.14","+1.46 (+0.03%)","0.00","0.00","4,288.66","4,320.25","4,286.06","4,239.50","4,316.32"
"Mon 15 Jun '26   09:00","4,334.27","4,343.31","4,334.27","4,336.68","+2.41 (+0.06%)","0.00","0.00","4,283.46","4,315.78","4,280.85","4,235.48","4,314.90"
"Mon 15 Jun '26   08:00","4,323.20","4,345.34","4,321.77","4,334.27","+11.05 (+0.26%)","0.00","0.00","4,277.85","4,310.55","4,275.26","4,231.35","4,313.01"
"Mon 15 Jun '26   07:00","4,308.20","4,325.33","4,305.37","4,323.22","+15.03 (+0.35%)","0.00","0.00","4,271.92","4,304.62","4,269.36","4,227.15","4,310.84"
"Mon 15 Jun '26   06:00","4,310.11","4,313.40","4,300.96","4,308.19","−1.93 (−0.04%)","0.00","0.00","4,266.52","4,299.97","4,263.98","4,223.23","4,309.46"
"Mon 15 Jun '26   05:00","4,328.27","4,333.01","4,307.55","4,310.12","−18.17 (−0.42%)","0.00","0.00","4,262.13","4,297.92","4,259.56","4,219.76","4,309.63"
"Mon 15 Jun '26   04:00","4,324.99","4,330.21","4,320.99","4,328.29","+3.31 (+0.08%)","0.00","0.00","4,257.08","4,294.87","4,254.50","4,216.07","4,309.57"
"Mon 15 Jun '26   03:00","4,329.60","4,331.17","4,321.29","4,324.98","−4.62 (−0.11%)","0.00","0.00","4,249.58","4,286.51","4,247.12","4,211.49","4,307.70"
"Mon 15 Jun '26   02:00","4,316.86","4,335.49","4,316.16","4,329.60","+12.74 (+0.30%)","0.00","0.00","4,241.64","4,276.89","4,239.34","4,206.86","4,304.89"
"Mon 15 Jun '26   01:00","4,292.66","4,319.65","4,285.59","4,316.86","+24.20 (+0.56%)","0.00","0.00","4,232.39","4,263.72","4,230.31","4,201.85","4,298.82"
"Mon 15 Jun '26   00:00","4,294.16","4,308.21","4,291.80","4,292.66","−1.50 (−0.03%)","0.00","0.00","4,223.49","4,250.43","4,221.66","4,197.15","4,290.49"
"Sun 14 Jun '26   23:00","4,285.70","4,295.12","4,281.15","4,294.16","+8.42 (+0.20%)","0.00","0.00","4,216.21","4,239.87","4,214.55","4,193.25","4,289.30"
"Sun 14 Jun '26   22:00","4,271.13","4,308.91","4,262.73","4,285.74","+67.10 (+1.59%)","0.00","0.00","4,208.01","4,226.30","4,206.59","4,189.13","4,285.74"
"Fri 12 Jun '26   20:00","4,210.78","4,219.19","4,209.48","4,218.64","+7.88 (+0.19%)","0.00","0.00","4,199.83","4,211.44","4,198.68","4,185.19","4,204.79"
"Fri 12 Jun '26   19:00","4,215.61","4,218.96","4,201.92","4,210.76","−4.84 (−0.11%)","0.00","0.00","4,197.85","4,209.64","4,196.68","4,183.83","4,204.54"
"Fri 12 Jun '26   18:00","4,221.47","4,235.47","4,214.26","4,215.60","−5.83 (−0.14%)","0.00","0.00","4,196.49","4,209.36","4,195.28","4,182.73","4,204.25"
"Fri 12 Jun '26   17:00","4,216.04","4,225.93","4,213.95","4,221.43","+5.35 (+0.13%)","0.00","0.00","4,194.47","4,207.81","4,193.24","4,181.39","4,203.71"
"Fri 12 Jun '26   16:00","4,211.97","4,232.97","4,208.09","4,216.08","+4.19 (+0.10%)","0.00","0.00","4,191.64","4,204.40","4,190.42","4,179.75","4,202.72"
"Fri 12 Jun '26   15:00","4,204.02","4,235.62","4,200.27","4,211.89","+7.86 (+0.19%)","0.00","0.00","4,189.06","4,201.48","4,187.86","4,178.27","4,201.82"
"Fri 12 Jun '26   14:00","4,186.24","4,208.46","4,177.19","4,204.03","+17.78 (+0.42%)","0.00","0.00","4,186.66","4,198.88","4,185.46","4,176.90","4,201.05"
"Fri 12 Jun '26   13:00","4,191.78","4,210.20","4,182.94","4,186.25","−5.52 (−0.13%)","0.00","0.00","4,184.83","4,197.59","4,183.60","4,175.79","4,200.78"
"Fri 12 Jun '26   12:00","4,206.93","4,215.40","4,188.56","4,191.77","−15.15 (−0.36%)","0.00","0.00","4,184.68","4,200.42","4,183.33","4,175.36","4,202.07"
"Fri 12 Jun '26   11:00","4,210.98","4,215.36","4,197.57","4,206.92","−4.06 (−0.10%)","0.00","0.00","4,183.94","4,202.59","4,182.49","4,174.69","4,202.87"
"Fri 12 Jun '26   10:00","4,221.91","4,225.61","4,202.86","4,210.98","−10.95 (−0.26%)","0.00","0.00","4,181.52","4,201.50","4,180.05","4,173.38","4,202.58"
"Fri 12 Jun '26   09:00","4,219.65","4,227.99","4,217.47","4,221.93","+2.26 (+0.05%)","0.00","0.00","4,178.42","4,199.13","4,176.95","4,171.84","4,201.94"
"Fri 12 Jun '26   08:00","4,194.59","4,226.04","4,192.03","4,219.67","+25.19 (+0.60%)","1.00","0.00","4,173.84","4,193.43","4,172.46","4,169.80","4,200.13"
"Fri 12 Jun '26   07:00","4,184.24","4,194.48","4,170.27","4,194.48","+10.25 (+0.24%)","0.00","0.00","4,169.01","4,186.88","4,167.73","4,167.76","4,197.82"
"Fri 12 Jun '26   06:00","4,173.33","4,185.61","4,172.43","4,184.23","+10.91 (+0.26%)","0.00","0.00","4,166.33","4,184.97","4,165.06","4,166.67","4,198.18"
"Fri 12 Jun '26   05:00","4,190.00","4,193.02","4,170.78","4,173.32","−16.68 (−0.40%)","0.00","0.00","4,164.45","4,185.16","4,163.14","4,165.95","4,200.02"
"Fri 12 Jun '26   04:00","4,197.13","4,201.05","4,189.62","4,190.00","−7.14 (−0.17%)","0.00","0.00","4,163.51","4,188.12","4,162.13","4,165.65","4,204.09"
"Fri 12 Jun '26   03:00","4,191.62","4,204.94","4,189.65","4,197.14","+5.49 (+0.13%)","0.00","0.00","4,160.72","4,187.65","4,159.34","4,164.66","4,205.74"
"Fri 12 Jun '26   02:00","4,186.86","4,200.13","4,182.80","4,191.65","+4.79 (+0.11%)","0.00","0.00","4,156.89","4,185.28","4,155.56","4,163.33","4,207.32"
"Fri 12 Jun '26   01:00","4,208.32","4,211.03","4,171.47","4,186.86","−21.46 (−0.51%)","0.00","1.00","4,153.23","4,183.69","4,151.95","4,162.18","4,211.22"
"Fri 12 Jun '26   00:00","4,220.03","4,230.54","4,200.87","4,208.32","−11.73 (−0.28%)","0.00","0.00","4,149.69","4,182.89","4,148.46","4,161.17","4,221.64"
"Thu 11 Jun '26   23:00","4,243.28","4,245.84","4,214.28","4,220.05","−23.18 (−0.55%)","0.00","0.00","4,143.52","4,176.54","4,142.47","4,159.25","4,230.68"
"Thu 11 Jun '26   22:00","4,213.18","4,246.34","4,205.46","4,243.23","+31.82 (+0.76%)","0.00","0.00","4,135.46","4,165.66","4,134.71","4,156.76","4,243.23"
"Thu 11 Jun '26   20:00","4,209.02","4,218.56","4,208.22","4,211.41","+2.56 (+0.06%)","0.00","0.00","4,124.12","4,146.26","4,123.86","4,153.23","4,099.48"
"Thu 11 Jun '26   19:00","4,161.89","4,220.06","4,161.89","4,208.85","+46.97 (+1.13%)","0.00","0.00","4,114.93","4,129.98","4,115.11","4,150.86","4,096.27"
"Thu 11 Jun '26   18:00","4,151.90","4,171.67","4,131.33","4,161.88","+10.01 (+0.24%)","0.00","0.00","4,105.04","4,110.26","4,105.73","4,148.49","4,089.86"
"Thu 11 Jun '26   17:00","4,080.25","4,170.00","4,072.05","4,151.87","+71.62 (+1.76%)","0.00","0.00","4,099.06","4,097.36","4,100.12","4,147.95","4,085.50"
"Thu 11 Jun '26   16:00","4,088.89","4,107.59","4,078.06","4,080.25","−8.56 (−0.21%)","0.00","0.00","4,093.50","4,083.73","4,094.94","4,147.79","4,081.04"
"Thu 11 Jun '26   15:00","4,073.41","4,095.39","4,070.45","4,088.81","+15.36 (+0.38%)","0.00","0.00","4,094.90","4,084.60","4,096.41","4,150.54","4,081.09"
"Thu 11 Jun '26   14:00","4,083.22","4,085.46","4,052.95","4,073.45","−9.78 (−0.24%)","0.00","0.00","4,095.54","4,083.54","4,097.17","4,153.06","4,080.53"
"Thu 11 Jun '26   13:00","4,081.88","4,092.63","4,067.14","4,083.23","+1.26 (+0.03%)","0.00","0.00","4,097.86","4,086.07","4,099.54","4,156.31","4,081.12"
"Thu 11 Jun '26   12:00","4,080.38","4,087.19","4,057.64","4,081.97","+1.59 (+0.04%)","0.00","0.00","4,099.40","4,086.78","4,101.17","4,159.30","4,080.94"
"Thu 11 Jun '26   11:00","4,089.96","4,095.96","4,079.93","4,080.38","−9.58 (−0.23%)","0.00","0.00","4,101.24","4,087.98","4,103.10","4,162.45","4,080.85"
"Thu 11 Jun '26   10:00","4,091.63","4,094.54","4,086.57","4,089.96","−1.68 (−0.04%)","0.00","0.00","4,103.43","4,089.88","4,105.37","4,165.80","4,080.89"
"Thu 11 Jun '26   09:00","4,084.55","4,096.47","4,077.57","4,091.64","+7.09 (+0.17%)","0.00","0.00","4,104.85","4,089.86","4,106.91","4,168.90","4,080.36"
"Thu 11 Jun '26   08:00","4,104.99","4,112.69","4,084.55","4,084.55","−20.44 (−0.50%)","0.00","0.00","4,106.24","4,089.41","4,108.43","4,172.05","4,079.55"
"Thu 11 Jun '26   07:00","4,094.42","4,110.60","4,091.78","4,104.99","+10.47 (+0.26%)","0.00","0.00","4,108.53","4,090.63","4,110.82","4,175.62","4,079.11"
"Thu 11 Jun '26   06:00","4,094.23","4,097.54","4,076.37","4,094.52","+0.22 (+0.01%)","0.00","0.00","4,108.90","4,087.04","4,111.41","4,178.51","4,076.68"
"Thu 11 Jun '26   05:00","4,082.71","4,106.29","4,072.71","4,094.30","+11.60 (+0.28%)","0.00","0.00","4,110.41","4,085.16","4,113.09","4,181.93","4,074.60"
"Thu 11 Jun '26   04:00","4,072.86","4,085.92","4,070.21","4,082.70","+9.84 (+0.24%)","0.00","0.00","4,112.11","4,082.88","4,114.97","4,185.51","4,071.88"
"Thu 11 Jun '26   03:00","4,067.97","4,078.53","4,057.03","4,072.86","+4.83 (+0.12%)","0.00","0.00","4,115.21","4,082.93","4,118.20","4,189.71","4,070.48"
"Thu 11 Jun '26   02:00","4,101.99","4,102.65","4,052.60","4,068.03","−33.97 (−0.83%)","0.00","0.00","4,119.66","4,085.44","4,122.74","4,194.48","4,070.04"
"Thu 11 Jun '26   01:00","4,075.92","4,118.13","4,066.37","4,102.00","+26.07 (+0.64%)","1.00","0.00","4,125.10","4,089.80","4,128.21","4,199.64","4,070.57"
"Thu 11 Jun '26   00:00","4,047.39","4,078.10","4,036.11","4,075.93","+28.68 (+0.71%)","0.00","0.00","4,127.53","4,086.75","4,130.83","4,203.62","4,058.26"
"Wed 10 Jun '26   23:00","4,046.44","4,064.59","4,023.82","4,047.25","+0.81 (+0.02%)","0.00","0.00","4,132.96","4,089.45","4,136.32","4,208.83","4,046.87"
"Wed 10 Jun '26   22:00","4,075.20","4,075.51","4,036.26","4,046.44","−24.10 (−0.59%)","0.00","0.00","4,141.98","4,100.00","4,145.22","4,215.43","4,046.44"
"Wed 10 Jun '26   20:00","4,082.74","4,083.09","4,067.16","4,070.54","−12.26 (−0.30%)","0.00","0.00","4,152.04","4,113.39","4,155.10","4,222.33","4,159.11"
"Wed 10 Jun '26   19:00","4,101.63","4,102.19","4,081.68","4,082.80","−18.82 (−0.46%)","0.00","0.00","4,160.62","4,124.10","4,163.56","4,228.52","4,161.67"
"Wed 10 Jun '26   18:00","4,111.77","4,120.55","4,097.03","4,101.62","−10.10 (−0.25%)","0.00","0.00","4,168.81","4,134.43","4,171.63","4,234.47","4,165.72"
"Wed 10 Jun '26   17:00","4,122.03","4,134.98","4,100.99","4,111.72","−10.31 (−0.25%)","0.00","0.00","4,175.88","4,142.63","4,178.63","4,239.89","4,169.13"
"Wed 10 Jun '26   16:00","4,128.88","4,135.00","4,116.01","4,122.03","−6.83 (−0.17%)","0.00","0.00","4,182.64","4,150.35","4,185.32","4,245.12","4,172.59"
"Wed 10 Jun '26   15:00","4,124.89","4,136.94","4,106.87","4,128.86","+3.95 (+0.10%)","0.00","0.00","4,189.02","4,157.43","4,191.65","4,250.15","4,175.97"
"Wed 10 Jun '26   14:00","4,179.66","4,181.06","4,117.99","4,124.91","−54.75 (−1.31%)","0.00","0.00","4,195.35","4,164.58","4,197.93","4,255.10","4,179.68"
"Wed 10 Jun '26   13:00","4,147.11","4,186.30","4,133.07","4,179.66","+32.57 (+0.79%)","0.00","0.00","4,202.76","4,174.50","4,205.24","4,260.41","4,184.31"
"Wed 10 Jun '26   12:00","4,147.68","4,173.89","4,130.73","4,147.09","−0.59 (−0.01%)","0.00","0.00","4,205.19","4,173.20","4,207.79","4,263.71","4,184.73"
"Wed 10 Jun '26   11:00","4,174.65","4,176.14","4,145.81","4,147.68","−27.01 (−0.65%)","0.00","0.00","4,211.31","4,179.73","4,213.86","4,268.47","4,188.25"
"Wed 10 Jun '26   10:00","4,168.76","4,178.63","4,155.70","4,174.69","+5.93 (+0.14%)","0.00","0.00","4,218.01","4,187.75","4,220.48","4,273.40","4,191.97"
"Wed 10 Jun '26   09:00","4,169.02","4,179.53","4,163.12","4,168.76","−0.26 (−0.01%)","0.00","0.00","4,222.57","4,191.01","4,225.06","4,277.43","4,193.30"
"Wed 10 Jun '26   08:00","4,186.13","4,187.40","4,161.46","4,169.02","−17.14 (−0.41%)","0.00","0.00","4,228.23","4,196.57","4,230.69","4,281.86","4,195.53"
"Wed 10 Jun '26   07:00","4,203.91","4,207.92","4,181.61","4,186.16","−17.78 (−0.42%)","0.00","0.00","4,234.47","4,203.46","4,236.86","4,286.47","4,198.42"
"Wed 10 Jun '26   06:00","4,205.23","4,221.87","4,201.85","4,203.94","−1.30 (−0.03%)","0.00","0.00","4,239.55","4,207.79","4,241.93","4,290.56","4,199.71"
"Wed 10 Jun '26   05:00","4,174.86","4,209.07","4,173.56","4,205.24","+30.37 (+0.73%)","0.00","0.00","4,243.30","4,208.75","4,245.73","4,294.10","4,199.15"
"Wed 10 Jun '26   04:00","4,184.87","4,187.22","4,172.60","4,174.87","−10.02 (−0.24%)","0.00","0.00","4,247.31","4,209.63","4,249.78","4,297.73","4,198.23"
"Wed 10 Jun '26   03:00","4,174.08","4,186.55","4,173.13","4,184.89","+10.78 (+0.26%)","0.00","0.00","4,254.93","4,218.32","4,257.27","4,302.74","4,201.45"
"Wed 10 Jun '26   02:00","4,188.76","4,192.63","4,173.41","4,174.11","−14.66 (−0.35%)","0.00","0.00","4,262.30","4,226.67","4,264.51","4,307.55","4,204.59"
"Wed 10 Jun '26   01:00","4,218.13","4,218.89","4,183.84","4,188.77","−29.39 (−0.70%)","0.00","0.00","4,271.59","4,239.81","4,273.54","4,313.00","4,213.01"
"Wed 10 Jun '26   00:00","4,222.10","4,228.37","4,199.19","4,218.16","−3.90 (−0.09%)","0.00","0.00","4,280.30","4,252.58","4,282.02","4,318.07","4,224.11"
"Tue 09 Jun '26   23:00","4,237.28","4,247.27","4,210.52","4,222.06","−15.26 (−0.36%)","0.00","0.00","4,286.85","4,261.18","4,288.41","4,322.14","4,228.62"
"Tue 09 Jun '26   22:00","4,253.08","4,257.53","4,232.51","4,237.32","−23.03 (−0.54%)","0.00","0.00","4,293.67","4,270.96","4,295.04","4,326.23","4,237.32"
"Tue 09 Jun '26   20:00","4,258.75","4,262.10","4,255.70","4,260.35","+1.53 (+0.04%)","0.00","0.00","4,299.60","4,279.37","4,300.82","4,329.86","4,307.04"
"Tue 09 Jun '26   19:00","4,270.05","4,271.70","4,249.99","4,258.82","−11.18 (−0.26%)","0.00","0.00","4,303.73","4,284.12","4,304.86","4,332.70","4,308.23"
"Tue 09 Jun '26   18:00","4,263.29","4,274.30","4,259.63","4,270.00","+6.82 (+0.16%)","0.00","0.00","4,308.45","4,290.45","4,309.47","4,335.71","4,311.28"
"Tue 09 Jun '26   17:00","4,252.19","4,268.14","4,251.34","4,263.18","+10.85 (+0.26%)","0.00","0.00","4,312.50","4,295.56","4,313.41","4,338.39","4,313.92"
"Tue 09 Jun '26   16:00","4,272.41","4,281.07","4,236.66","4,252.33","−20.01 (−0.47%)","0.00","0.00","4,317.69","4,303.66","4,318.44","4,341.46","4,317.88"
"Tue 09 Jun '26   15:00","4,300.57","4,302.12","4,263.15","4,272.34","−28.28 (−0.66%)","0.00","0.00","4,324.57","4,316.49","4,325.05","4,345.10","4,324.02"
"Tue 09 Jun '26   14:00","4,328.81","4,336.06","4,278.66","4,300.62","−28.32 (−0.65%)","0.00","1.00","4,330.07","4,327.53","4,330.32","4,348.07","4,329.17"
"Tue 09 Jun '26   13:00","4,341.42","4,363.47","4,325.23","4,328.94","−12.50 (−0.29%)","0.00","0.00","4,333.17","4,334.26","4,333.29","4,350.01","4,332.38"
"Tue 09 Jun '26   12:00","4,339.86","4,344.18","4,334.88","4,341.44","+1.58 (+0.04%)","0.00","0.00","4,333.62","4,335.59","4,333.72","4,350.87","4,332.73"
"Tue 09 Jun '26   11:00","4,339.23","4,343.82","4,335.71","4,339.86","+0.63 (+0.01%)","0.00","0.00","4,332.80","4,334.12","4,332.95","4,351.25","4,332.08"
"Tue 09 Jun '26   10:00","4,332.21","4,340.73","4,325.37","4,339.23","+7.02 (+0.16%)","0.00","0.00","4,332.05","4,332.69","4,332.26","4,351.72","4,331.58"
"Tue 09 Jun '26   09:00","4,326.61","4,335.98","4,324.21","4,332.21","+5.60 (+0.13%)","0.00","0.00","4,331.30","4,331.05","4,331.56","4,352.23","4,331.02"
"Tue 09 Jun '26   08:00","4,326.58","4,336.85","4,321.25","4,326.61","+0.04 (+0.00%)","0.00","0.00","4,331.20","4,330.76","4,331.50","4,353.04","4,330.92"
"Tue 09 Jun '26   07:00","4,330.69","4,334.78","4,322.42","4,326.57","−4.13 (−0.10%)","0.00","0.00","4,331.68","4,331.80","4,331.99","4,354.12","4,331.38"
"Tue 09 Jun '26   06:00","4,343.49","4,348.87","4,330.29","4,330.70","−12.78 (−0.29%)","0.00","0.00","4,332.22","4,333.11","4,332.53","4,355.25","4,331.95"
"Tue 09 Jun '26   05:00","4,332.41","4,351.50","4,330.97","4,343.48","+11.09 (+0.26%)","0.00","0.00","4,332.38","4,333.71","4,332.71","4,356.25","4,332.14"
"Tue 09 Jun '26   04:00","4,336.71","4,339.40","4,324.28","4,332.39","−4.33 (−0.10%)","0.00","0.00","4,331.21","4,331.27","4,331.64","4,356.77","4,330.34"
"Tue 09 Jun '26   03:00","4,336.08","4,342.22","4,331.27","4,336.72","+0.63 (+0.01%)","0.00","0.00","4,331.09","4,330.99","4,331.56","4,357.77","4,330.08"
"Tue 09 Jun '26   02:00","4,336.57","4,341.00","4,328.29","4,336.09","−0.49 (−0.01%)","0.00","0.00","4,330.50","4,329.56","4,331.04","4,358.63","4,328.77"
"Tue 09 Jun '26   01:00","4,319.95","4,338.84","4,318.77","4,336.58","+16.63 (+0.38%)","0.00","0.00","4,329.91","4,327.93","4,330.54","4,359.55","4,326.51"
"Tue 09 Jun '26   00:00","4,317.84","4,323.85","4,315.17","4,319.95","+2.11 (+0.05%)","0.00","0.00","4,329.21","4,325.76","4,329.93","4,360.48","4,320.97"
"Mon 08 Jun '26   23:00","4,327.94","4,328.91","4,313.03","4,317.84","−10.10 (−0.23%)","0.00","0.00","4,330.18","4,327.22","4,330.93","4,362.14","4,321.99"
"Mon 08 Jun '26   22:00","4,332.84","4,333.45","4,322.83","4,327.94","−1.94 (−0.04%)","0.00","0.00","4,331.48","4,329.56","4,332.24","4,363.95","4,327.94"
"Mon 08 Jun '26   20:00","4,326.70","4,330.02","4,324.61","4,329.88","+3.08 (+0.07%)","0.00","0.00","4,331.85","4,329.97","4,332.67","4,365.42","4,320.90"
"Mon 08 Jun '26   19:00","4,334.67","4,338.22","4,323.37","4,326.80","−7.89 (−0.18%)","0.00","0.00","4,332.06","4,329.99","4,332.95","4,366.87","4,320.73"
"Mon 08 Jun '26   18:00","4,339.23","4,345.95","4,333.07","4,334.69","−4.55 (−0.10%)","0.00","0.00","4,332.61","4,330.79","4,333.57","4,368.50","4,320.46"
"Mon 08 Jun '26   17:00","4,340.74","4,342.49","4,332.09","4,339.24","−1.49 (−0.03%)","0.00","0.00","4,332.39","4,329.81","4,333.46","4,369.88","4,319.80"
"Mon 08 Jun '26   16:00","4,341.86","4,346.36","4,337.94","4,340.73","−1.12 (−0.03%)","0.00","0.00","4,331.67","4,327.46","4,332.88","4,371.13","4,318.73"
"Mon 08 Jun '26   15:00","4,331.05","4,345.69","4,322.61","4,341.85","+10.84 (+0.25%)","0.00","0.00","4,330.72","4,324.14","4,332.09","4,372.37","4,317.49"
"Mon 08 Jun '26   14:00","4,326.95","4,331.52","4,315.23","4,331.01","+4.05 (+0.09%)","0.00","0.00","4,329.55","4,319.71","4,331.12","4,373.62","4,315.91"
"Mon 08 Jun '26   13:00","4,333.16","4,346.69","4,321.41","4,326.96","−6.17 (−0.14%)","0.00","0.00","4,329.40","4,316.89","4,331.13","4,375.36","4,314.73"
"Mon 08 Jun '26   12:00","4,331.33","4,339.40","4,320.34","4,333.13","+1.80 (+0.04%)","0.00","0.00","4,329.65","4,314.37","4,331.54","4,377.33","4,313.71"
"Mon 08 Jun '26   11:00","4,302.06","4,333.29","4,297.24","4,331.33","+29.24 (+0.68%)","1.00","0.00","4,329.29","4,309.68","4,331.38","4,379.14","4,312.31"
"Mon 08 Jun '26   10:00","4,294.35","4,305.63","4,286.26","4,302.09","+7.74 (+0.18%)","0.00","0.00","4,329.07","4,304.26","4,331.39","4,381.09","4,310.82"
"Mon 08 Jun '26   09:00","4,288.78","4,302.03","4,273.01","4,294.35","+5.55 (+0.13%)","0.00","0.00","4,331.91","4,304.81","4,334.32","4,384.31","4,311.44"
"Mon 08 Jun '26   08:00","4,294.51","4,297.12","4,285.42","4,288.80","−5.70 (−0.13%)","0.00","0.00","4,335.86","4,307.42","4,338.32","4,387.98","4,312.82"
"Mon 08 Jun '26   07:00","4,300.09","4,316.94","4,294.45","4,294.50","−5.57 (−0.13%)","0.00","0.00","4,340.82","4,312.07","4,343.27","4,392.03","4,315.07"
"Mon 08 Jun '26   06:00","4,292.04","4,311.38","4,292.04","4,300.07","+8.02 (+0.19%)","0.00","0.00","4,345.69","4,316.47","4,348.14","4,396.01","4,317.33"
"Mon 08 Jun '26   05:00","4,312.73","4,316.17","4,268.52","4,292.05","−20.66 (−0.48%)","0.00","0.00","4,350.50","4,320.57","4,352.95","4,399.93","4,319.76"
"Mon 08 Jun '26   04:00","4,317.01","4,321.82","4,307.69","4,312.71","−4.28 (−0.10%)","0.00","0.00","4,356.65","4,327.70","4,359.04","4,404.33","4,324.10"
"Mon 08 Jun '26   03:00","4,310.63","4,317.24","4,303.64","4,316.99","+6.36 (+0.15%)","0.00","0.00","4,361.27","4,331.44","4,363.68","4,408.07","4,325.61"
"Mon 08 Jun '26   02:00","4,325.78","4,330.80","4,307.35","4,310.63","−15.05 (−0.35%)","0.00","0.00","4,365.94","4,335.05","4,368.34","4,411.79","4,327.05"
"Mon 08 Jun '26   01:00","4,342.28","4,345.84","4,300.16","4,325.68","−16.61 (−0.38%)","0.00","0.00","4,371.76","4,341.16","4,374.12","4,415.92","4,331.48"
"Mon 08 Jun '26   00:00","4,344.00","4,353.46","4,339.85","4,342.29","−1.70 (−0.04%)","0.00","0.00","4,376.61","4,345.03","4,378.96","4,419.60","4,334.27"
"Sun 07 Jun '26   23:00","4,317.42","4,346.99","4,317.37","4,343.99","+26.69 (+0.62%)","0.00","0.00","4,380.22","4,345.72","4,382.63","4,422.76","4,329.82"
"Sun 07 Jun '26   22:00","4,327.61","4,335.89","4,310.18","4,317.30","−10.67 (−0.25%)","0.00","0.00","4,384.03","4,346.15","4,386.49","4,425.97","4,317.30"
"Fri 05 Jun '26   20:00","4,318.72","4,331.08","4,311.81","4,327.97","+9.42 (+0.22%)","0.00","0.00","4,391.06","4,353.36","4,393.41","4,430.41","4,402.61"
"Fri 05 Jun '26   19:00","4,322.47","4,325.12","4,313.95","4,318.55","−3.87 (−0.09%)","0.00","0.00","4,397.70","4,359.71","4,399.95","4,434.59","4,405.68"
"Fri 05 Jun '26   18:00","4,341.80","4,342.17","4,315.31","4,322.42","−19.39 (−0.45%)","0.00","0.00","4,406.03","4,370.00","4,408.09","4,439.33","4,411.11"
"Fri 05 Jun '26   17:00","4,344.60","4,347.40","4,335.74","4,341.81","−2.79 (−0.06%)","0.00","0.00","4,414.83","4,381.89","4,416.66","4,444.10","4,416.71"
"Fri 05 Jun '26   16:00","4,335.51","4,344.98","4,323.52","4,344.60","+9.05 (+0.21%)","0.00","0.00","4,422.52","4,391.91","4,424.14","4,448.27","4,421.68"
"Fri 05 Jun '26   15:00","4,369.70","4,372.64","4,334.06","4,335.55","−34.15 (−0.78%)","0.00","0.00","4,430.72","4,403.74","4,432.10","4,452.50","4,427.61"
"Fri 05 Jun '26   14:00","4,365.86","4,379.27","4,344.66","4,369.70","+3.89 (+0.09%)","0.00","0.00","4,440.74","4,420.79","4,441.75","4,457.28","4,435.20"
"Fri 05 Jun '26   13:00","4,406.41","4,421.06","4,365.70","4,365.81","−40.38 (−0.92%)","0.00","0.00","4,448.22","4,433.56","4,448.96","4,460.85","4,441.92"
"Fri 05 Jun '26   12:00","4,470.27","4,475.80","4,404.83","4,406.19","−64.07 (−1.43%)","0.00","1.00","4,456.89","4,450.49","4,457.27","4,464.73","4,450.43"
"Fri 05 Jun '26   11:00","4,466.76","4,475.34","4,458.69","4,470.26","+3.42 (+0.08%)","1.00","0.00","4,462.23","4,461.57","4,462.38","4,467.12","4,454.75"
"Fri 05 Jun '26   10:00","4,464.95","4,468.14","4,461.99","4,466.84","+1.89 (+0.04%)","0.00","0.00","4,461.38","4,459.40","4,461.60","4,466.99","4,453.69"
"Fri 05 Jun '26   09:00","4,462.83","4,469.34","4,458.95","4,464.95","+2.13 (+0.05%)","0.00","0.00","4,460.81","4,457.54","4,461.07","4,467.00","4,452.95"
"Fri 05 Jun '26   08:00","4,460.98","4,468.28","4,458.86","4,462.82","+1.84 (+0.04%)","0.00","0.00","4,460.37","4,455.69","4,460.68","4,467.08","4,451.92"
"Fri 05 Jun '26   07:00","4,452.92","4,467.42","4,451.90","4,460.98","+8.04 (+0.18%)","0.00","0.00","4,460.12","4,453.90","4,460.47","4,467.26","4,450.92"
"Fri 05 Jun '26   06:00","4,440.00","4,456.26","4,428.86","4,452.94","+12.94 (+0.29%)","0.00","0.00","4,460.03","4,452.13","4,460.42","4,467.51","4,449.80"
"Fri 05 Jun '26   05:00","4,445.01","4,450.02","4,438.74","4,440.00","−5.01 (−0.11%)","0.00","0.00","4,460.77","4,451.93","4,461.17","4,468.11","4,449.32"
"Fri 05 Jun '26   04:00","4,442.38","4,446.59","4,437.61","4,445.01","+2.63 (+0.06%)","0.00","0.00","4,462.96","4,454.91","4,463.28","4,469.26","4,450.69"
"Fri 05 Jun '26   03:00","4,440.60","4,443.90","4,435.27","4,442.38","+1.79 (+0.04%)","0.00","0.00","4,464.85","4,457.39","4,465.11","4,470.25","4,451.48"
"Fri 05 Jun '26   02:00","4,446.80","4,455.00","4,438.51","4,440.59","−6.26 (−0.14%)","0.00","0.00","4,467.21","4,461.14","4,467.38","4,471.38","4,453.25"
"Fri 05 Jun '26   01:00","4,459.30","4,470.02","4,444.17","4,446.85","−12.45 (−0.28%)","0.00","0.00","4,470.01","4,466.28","4,470.06","4,472.64","4,457.01"
"Fri 05 Jun '26   00:00","4,461.69","4,466.93","4,450.71","4,459.30","−2.37 (−0.05%)","0.00","0.00","4,472.45","4,471.13","4,472.38","4,473.69","4,462.56"
"Thu 04 Jun '26   23:00","4,469.70","4,474.08","4,460.58","4,461.67","−7.98 (−0.18%)","0.00","0.00","4,473.84","4,474.09","4,473.69","4,474.28","4,465.25"
"Thu 04 Jun '26   22:00","4,476.88","4,481.56","4,468.93","4,469.65","−5.98 (−0.13%)","0.00","0.00","4,475.12","4,477.20","4,474.89","4,474.79","4,469.65"
"Thu 04 Jun '26   20:00","4,480.77","4,481.72","4,474.40","4,475.63","−5.19 (−0.12%)","0.00","0.00","4,475.69","4,479.09","4,475.42","4,475.00","4,474.45"
"Thu 04 Jun '26   19:00","4,478.17","4,483.45","4,476.24","4,480.82","+2.65 (+0.06%)","0.00","0.00","4,475.70","4,479.95","4,475.40","4,474.98","4,474.43"
"Thu 04 Jun '26   18:00","4,478.21","4,481.09","4,472.81","4,478.17","−0.06 (−0.00%)","0.00","0.00","4,475.16","4,479.73","4,474.86","4,474.74","4,474.18"
"Thu 04 Jun '26   17:00","4,482.84","4,482.84","4,474.17","4,478.23","−4.60 (−0.10%)","0.00","0.00","4,474.84","4,480.12","4,474.52","4,474.60","4,474.03"
"Thu 04 Jun '26   16:00","4,477.44","4,485.14","4,475.38","4,482.83","+5.36 (+0.12%)","0.00","0.00","4,474.49","4,480.60","4,474.15","4,474.45","4,473.83"
"Thu 04 Jun '26   15:00","4,465.90","4,479.12","4,463.77","4,477.47","+11.56 (+0.26%)","0.00","0.00","4,473.61","4,480.04","4,473.29","4,474.11","4,473.34"
"Thu 04 Jun '26   14:00","4,495.84","4,499.99","4,457.32","4,465.91","−29.95 (−0.67%)","0.00","1.00","4,473.20","4,480.68","4,472.87","4,473.97","4,473.08"
"Thu 04 Jun '26   13:00","4,504.06","4,515.47","4,495.49","4,495.86","−8.36 (−0.19%)","0.00","0.00","4,473.97","4,484.37","4,473.56","4,474.30","4,473.74"
"Thu 04 Jun '26   12:00","4,511.57","4,513.83","4,491.29","4,504.22","−7.34 (−0.16%)","0.00","0.00","4,471.67","4,481.50","4,471.33","4,473.42","4,471.70"
"Thu 04 Jun '26   11:00","4,473.69","4,514.69","4,468.76","4,511.56","+37.88 (+0.85%)","0.00","0.00","4,468.24","4,475.82","4,468.04","4,472.17","4,468.94"
"Thu 04 Jun '26   10:00","4,470.44","4,473.91","4,464.37","4,473.68","+3.25 (+0.07%)","0.00","0.00","4,463.68","4,466.89","4,463.69","4,470.56","4,464.95"
"Thu 04 Jun '26   09:00","4,463.36","4,475.67","4,461.07","4,470.43","+7.07 (+0.16%)","0.00","0.00","4,462.63","4,465.19","4,462.69","4,470.43","4,464.36"
"Thu 04 Jun '26   08:00","4,461.71","4,469.46","4,458.57","4,463.36","+1.67 (+0.04%)","0.00","0.00","4,461.81","4,463.88","4,461.92","4,470.43","4,463.79"
"Thu 04 Jun '26   07:00","4,467.79","4,470.78","4,459.79","4,461.69","−6.07 (−0.14%)","0.00","0.00","4,461.64","4,464.00","4,461.78","4,470.72","4,463.84"
"Thu 04 Jun '26   06:00","4,469.26","4,477.23","4,462.97","4,467.76","−1.51 (−0.03%)","0.00","0.00","4,461.64","4,464.58","4,461.79","4,471.09","4,464.06"
"Thu 04 Jun '26   05:00","4,481.10","4,482.43","4,466.96","4,469.27","−11.81 (−0.26%)","0.00","0.00","4,460.99","4,463.79","4,461.19","4,471.22","4,463.58"
"Thu 04 Jun '26   04:00","4,463.81","4,484.05","4,462.39","4,481.08","+17.28 (+0.39%)","0.00","0.00","4,460.12","4,462.42","4,460.38","4,471.30","4,462.87"
"Thu 04 Jun '26   03:00","4,474.91","4,477.31","4,458.44","4,463.80","−11.26 (−0.25%)","0.00","0.00","4,457.92","4,457.75","4,458.31","4,470.90","4,460.62"
"Thu 04 Jun '26   02:00","4,465.82","4,476.54","4,455.64","4,475.06","+9.20 (+0.21%)","0.00","0.00","4,457.30","4,456.24","4,457.76","4,471.19","4,460.05"
"Thu 04 Jun '26   01:00","4,448.49","4,473.71","4,443.46","4,465.86","+17.37 (+0.39%)","1.00","0.00","4,455.43","4,451.54","4,456.03","4,471.04","4,455.89"
"Thu 04 Jun '26   00:00","4,457.32","4,465.31","4,444.18","4,448.49","−8.85 (−0.20%)","0.00","0.00","4,454.33","4,447.95","4,455.05","4,471.25","4,451.19"
"Wed 03 Jun '26   23:00","4,449.03","4,464.73","4,445.44","4,457.34","+8.35 (+0.19%)","0.00","0.00","4,454.94","4,447.82","4,455.70","4,472.18","4,453.12"
"Wed 03 Jun '26   22:00","4,436.58","4,452.89","4,424.02","4,448.99","+15.01 (+0.34%)","0.00","0.00","4,454.69","4,445.44","4,455.54","4,472.78","4,448.99"
"Wed 03 Jun '26   20:00","4,443.98","4,445.41","4,430.53","4,433.98","−9.99 (−0.22%)","0.00","0.00","4,455.29","4,444.55","4,456.19","4,473.75","4,456.65"
"Wed 03 Jun '26   19:00","4,442.11","4,452.27","4,441.46","4,443.97","+1.86 (+0.04%)","0.00","0.00","4,457.54","4,447.20","4,458.42","4,475.38","4,457.34"
"Wed 03 Jun '26   18:00","4,439.04","4,442.94","4,435.22","4,442.11","+3.07 (+0.07%)","0.00","0.00","4,458.96","4,448.00","4,459.86","4,476.66","4,457.96"
"Wed 03 Jun '26   17:00","4,441.91","4,448.34","4,435.62","4,439.04","−2.86 (−0.06%)","0.00","0.00","4,460.74","4,449.48","4,461.64","4,478.07","4,458.72"
"Wed 03 Jun '26   16:00","4,442.24","4,443.95","4,433.86","4,441.90","−0.33 (−0.01%)","0.00","0.00","4,463.02","4,452.09","4,463.90","4,479.66","4,459.87"
"Wed 03 Jun '26   15:00","4,457.25","4,458.42","4,436.94","4,442.23","−14.96 (−0.34%)","0.00","0.00","4,465.24","4,454.63","4,466.10","4,481.20","4,461.14"
"Wed 03 Jun '26   14:00","4,446.69","4,459.66","4,442.40","4,457.19","+10.36 (+0.23%)","0.00","0.00","4,467.67","4,457.74","4,468.48","4,482.79","4,462.73"
"Wed 03 Jun '26   13:00","4,460.36","4,466.02","4,426.41","4,446.83","−13.64 (−0.31%)","0.00","0.00","4,468.77","4,457.87","4,469.61","4,483.84","4,463.29"
"Wed 03 Jun '26   12:00","4,462.42","4,467.27","4,448.29","4,460.47","−1.95 (−0.04%)","0.00","0.00","4,471.08","4,460.63","4,471.89","4,485.35","4,465.11"
"Wed 03 Jun '26   11:00","4,459.04","4,468.07","4,458.57","4,462.42","+3.38 (+0.08%)","0.00","0.00","4,472.20","4,460.67","4,473.03","4,486.37","4,465.54"
"Wed 03 Jun '26   10:00","4,443.10","4,467.05","4,440.96","4,459.04","+15.94 (+0.36%)","0.00","0.00","4,473.22","4,460.24","4,474.09","4,487.34","4,465.78"
"Wed 03 Jun '26   09:00","4,444.02","4,459.02","4,439.00","4,443.10","−0.92 (−0.02%)","0.00","0.00","4,474.72","4,460.54","4,475.60","4,488.50","4,466.47"
"Wed 03 Jun '26   08:00","4,453.31","4,459.29","4,440.21","4,444.02","−9.30 (−0.21%)","0.00","0.00","4,478.05","4,464.90","4,478.85","4,490.35","4,468.86"
"Wed 03 Jun '26   07:00","4,463.05","4,472.25","4,452.91","4,453.32","−9.72 (−0.22%)","0.00","0.00","4,481.63","4,470.12","4,482.33","4,492.24","4,471.77"
"Wed 03 Jun '26   06:00","4,457.06","4,470.92","4,455.34","4,463.04","+5.98 (+0.13%)","0.00","0.00","4,484.61","4,474.31","4,485.23","4,493.83","4,474.26"
"Wed 03 Jun '26   05:00","4,469.42","4,474.23","4,456.71","4,457.06","−12.38 (−0.28%)","0.00","0.00","4,486.88","4,477.13","4,487.45","4,495.09","4,476.28"
"Wed 03 Jun '26   04:00","4,484.43","4,488.19","4,468.37","4,469.44","−15.00 (−0.33%)","0.00","0.00","4,490.02","4,482.15","4,490.49","4,496.64","4,479.39"
"Wed 03 Jun '26   03:00","4,481.98","4,487.61","4,481.89","4,484.44","+2.49 (+0.06%)","0.00","0.00","4,492.18","4,485.33","4,492.59","4,497.75","4,480.44"
"Wed 03 Jun '26   02:00","4,475.81","4,485.15","4,472.87","4,481.95","+6.14 (+0.14%)","0.00","0.00","4,493.00","4,485.55","4,493.41","4,498.29","4,479.88"
"Wed 03 Jun '26   01:00","4,486.21","4,487.55","4,463.40","4,475.81","−10.43 (−0.23%)","0.00","0.00","4,494.16","4,486.45","4,494.55","4,498.96","4,479.35"
"Wed 03 Jun '26   00:00","4,474.51","4,496.76","4,473.86","4,486.24","+11.73 (+0.26%)","0.00","0.00","4,496.09","4,489.11","4,496.43","4,499.90","4,481.27"
"Tue 02 Jun '26   23:00","4,484.94","4,488.77","4,462.27","4,474.51","−10.49 (−0.23%)","0.00","0.00","4,497.13","4,489.83","4,497.45","4,500.46","4,478.28"
"Tue 02 Jun '26   22:00","4,490.78","4,493.26","4,484.27","4,485.00","−3.27 (−0.07%)","0.00","0.00","4,499.51","4,493.66","4,499.74","4,501.52","4,485.00"
"Tue 02 Jun '26   20:00","4,488.17","4,491.08","4,486.32","4,488.27","+0.15 (+0.00%)","0.00","0.00","4,501.04","4,495.83","4,501.22","4,502.20","4,503.65"
"Tue 02 Jun '26   19:00","4,487.44","4,490.36","4,483.47","4,488.12","+0.69 (+0.02%)","0.00","0.00","4,502.38","4,497.72","4,502.51","4,502.76","4,503.94"
"Tue 02 Jun '26   18:00","4,484.65","4,490.98","4,478.75","4,487.43","+2.77 (+0.06%)","0.00","0.00","4,503.88","4,500.11","4,503.95","4,503.36","4,504.55"
"Tue 02 Jun '26   17:00","4,491.92","4,493.05","4,482.14","4,484.66","−7.28 (−0.16%)","0.00","0.00","4,505.62","4,503.29","4,505.60","4,504.01","4,505.38"
"Tue 02 Jun '26   16:00","4,502.12","4,502.92","4,486.39","4,491.94","−10.17 (−0.23%)","0.00","0.00","4,507.82","4,507.94","4,507.70","4,504.80","4,506.58"
"Tue 02 Jun '26   15:00","4,504.22","4,508.55","4,500.17","4,502.11","−2.11 (−0.05%)","0.00","0.00","4,509.49","4,511.94","4,509.27","4,505.33","4,507.51"
"Tue 02 Jun '26   14:00","4,502.80","4,507.06","4,490.34","4,504.22","+1.42 (+0.03%)","0.00","0.00","4,510.27","4,514.40","4,509.99","4,505.46","4,507.89"
"Tue 02 Jun '26   13:00","4,514.80","4,524.87","4,502.71","4,502.80","−11.96 (−0.26%)","0.00","1.00","4,510.91","4,516.95","4,510.56","4,505.51","4,508.25"
"Tue 02 Jun '26   12:00","4,527.54","4,534.18","4,513.47","4,514.76","−12.77 (−0.28%)","0.00","0.00","4,511.76","4,520.48","4,511.34","4,505.62","4,508.86"
"Tue 02 Jun '26   11:00","4,533.18","4,534.68","4,525.63","4,527.53","−5.65 (−0.12%)","0.00","0.00","4,511.44","4,521.91","4,511.00","4,505.25","4,508.38"
"Tue 02 Jun '26   10:00","4,529.87","4,534.00","4,524.68","4,533.18","+3.20 (+0.07%)","0.00","0.00","4,509.75","4,520.51","4,509.35","4,504.34","4,507.20"
"Tue 02 Jun '26   09:00","4,526.74","4,535.77","4,521.75","4,529.98","+3.24 (+0.07%)","0.00","0.00","4,507.29","4,517.34","4,506.96","4,503.16","4,505.64"
"Tue 02 Jun '26   08:00","4,535.12","4,539.24","4,526.01","4,526.74","−8.37 (−0.18%)","0.00","0.00","4,504.90","4,514.18","4,504.66","4,502.07","4,503.51"
"Tue 02 Jun '26   07:00","4,535.78","4,541.52","4,528.04","4,535.11","−0.70 (−0.02%)","0.00","0.00","4,502.60","4,511.04","4,502.45","4,501.06","4,501.25"
"Tue 02 Jun '26   06:00","4,517.08","4,538.23","4,516.97","4,535.81","+18.74 (+0.41%)","0.00","0.00","4,499.17","4,505.03","4,499.19","4,499.67","4,497.58"
"Tue 02 Jun '26   05:00","4,517.40","4,528.23","4,515.23","4,517.07","−0.33 (−0.01%)","0.00","0.00","4,495.32","4,497.33","4,495.52","4,498.19","4,492.00"
"Tue 02 Jun '26   04:00","4,499.34","4,518.23","4,497.80","4,517.40","+18.07 (+0.40%)","0.00","0.00","4,493.03","4,492.40","4,493.37","4,497.42","4,488.11"
"Tue 02 Jun '26   03:00","4,486.01","4,499.40","4,485.75","4,499.33","+13.35 (+0.30%)","0.00","0.00","4,490.46","4,486.14","4,490.97","4,496.61","4,484.06"
"Tue 02 Jun '26   02:00","4,474.08","4,486.63","4,472.40","4,485.98","+11.82 (+0.26%)","0.00","0.00","4,489.53","4,482.85","4,490.13","4,496.50","4,480.97"
"Tue 12 May '26   22:00","4,715.98","4,722.50","4,712.56","4,717.04","+1.96 (+0.04%)","0.00","0.00","4,701.41","4,701.12","4,701.60","4,703.15","4,717.04"
"Tue 12 May '26   20:00","4,715.61","4,719.36","4,712.24","4,715.08","−0.62 (−0.01%)","0.00","0.00","4,699.76","4,697.14","4,700.05","4,702.58","4,703.78"
"Tue 12 May '26   19:00","4,696.00","4,715.72","4,696.00","4,715.70","+19.70 (+0.42%)","1.00","0.00","4,698.15","4,692.66","4,698.55","4,702.07","4,703.52"
"Tue 12 May '26   18:00","4,678.88","4,698.18","4,676.31","4,696.00","+17.12 (+0.37%)","0.00","0.00","4,696.30","4,686.89","4,696.84","4,701.51","4,702.96"
"Tue 12 May '26   17:00","4,671.19","4,682.46","4,671.19","4,678.88","+7.68 (+0.16%)","0.00","0.00","4,696.33","4,684.62","4,696.92","4,701.74","4,703.33"
"Tue 12 May '26   16:00","4,666.09","4,675.10","4,664.20","4,671.20","+5.10 (+0.11%)","0.00","0.00","4,698.17","4,686.05","4,698.72","4,702.67","4,704.60"
"Tue 12 May '26   15:00","4,672.93","4,676.19","4,638.40","4,666.10","−6.83 (−0.15%)","0.00","0.00","4,701.01","4,689.77","4,701.48","4,703.96","4,706.69"
"Tue 12 May '26   14:00","4,679.27","4,695.15","4,669.83","4,672.93","−6.27 (−0.13%)","0.00","0.00","4,704.68","4,695.68","4,705.01","4,705.50","4,710.14"
"Tue 12 May '26   13:00","4,705.76","4,709.00","4,677.03","4,679.20","−26.59 (−0.57%)","0.00","0.00","4,708.03","4,701.37","4,708.22","4,706.83","4,713.67"
"Tue 12 May '26   12:00","4,706.75","4,711.62","4,689.74","4,705.79","−0.88 (−0.02%)","0.00","0.00","4,711.06","4,706.91","4,711.12","4,707.96","4,717.27"
"Tue 12 May '26   11:00","4,694.40","4,709.21","4,687.27","4,706.67","+12.24 (+0.26%)","0.00","0.00","4,711.62","4,707.19","4,711.66","4,708.05","4,718.33"
"Tue 12 May '26   10:00","4,699.52","4,708.51","4,685.24","4,694.43","−5.09 (−0.11%)","0.00","0.00","4,712.14","4,707.32","4,712.16","4,708.10","4,719.30"
"Tue 12 May '26   09:00","4,703.36","4,705.29","4,694.30","4,699.52","−3.95 (−0.08%)","0.00","0.00","4,714.00","4,710.55","4,713.93","4,708.66","4,721.30"
"Tue 12 May '26   08:00","4,699.90","4,706.83","4,697.16","4,703.47","+3.57 (+0.08%)","0.00","0.00","4,715.53","4,713.30","4,715.37","4,709.03","4,723.14"
"Tue 12 May '26   07:00","4,697.25","4,703.86","4,687.41","4,699.90","+2.87 (+0.06%)","0.00","0.00","4,716.79","4,715.76","4,716.56","4,709.26","4,724.91"
"Tue 12 May '26   06:00","4,714.35","4,714.46","4,694.61","4,697.03","−17.35 (−0.37%)","0.00","0.00","4,718.57","4,719.73","4,718.22","4,709.64","4,727.75"
"Tue 12 May '26   05:00","4,714.28","4,722.19","4,708.78","4,714.38","+0.16 (+0.00%)","0.00","0.00","4,720.84","4,725.40","4,720.34","4,710.16","4,732.67"
"Tue 12 May '26   04:00","4,720.27","4,730.42","4,711.17","4,714.22","−6.04 (−0.13%)","0.00","0.00","4,721.52","4,728.16","4,720.94","4,709.99","4,735.64"
"Tue 12 May '26   03:00","4,730.08","4,733.30","4,718.19","4,720.26","−9.80 (−0.21%)","0.00","0.00","4,722.29","4,731.64","4,721.61","4,709.81","4,738.48"
"Tue 12 May '26   02:00","4,727.19","4,733.97","4,722.29","4,730.06","+2.87 (+0.06%)","0.00","0.00","4,722.50","4,734.49","4,721.75","4,709.39","4,741.68"
"Tue 12 May '26   01:00","4,749.34","4,755.58","4,720.38","4,727.19","−22.16 (−0.47%)","0.00","1.00","4,721.71","4,735.60","4,720.92","4,708.54","4,745.11"
"Tue 12 May '26   00:00","4,767.47","4,773.55","4,748.80","4,749.35","−18.13 (−0.38%)","0.00","0.00","4,721.13","4,737.70","4,720.29","4,707.78","4,755.45"
"Mon 11 May '26   23:00","4,750.91","4,769.56","4,746.17","4,767.48","+16.56 (+0.35%)","0.00","0.00","4,718.16","4,734.79","4,717.38","4,706.08","4,760.24"
"Mon 11 May '26   22:00","4,737.29","4,755.13","4,735.86","4,750.92","+15.76 (+0.33%)","0.00","0.00","4,712.97","4,726.61","4,712.37","4,703.58","4,750.92"
"Mon 11 May '26   20:00","4,733.65","4,738.59","4,730.00","4,735.16","+1.52 (+0.03%)","0.00","0.00","4,708.97","4,720.54","4,708.52","4,701.65","4,695.92"
"Mon 11 May '26   19:00","4,725.01","4,736.20","4,722.46","4,733.64","+8.63 (+0.18%)","0.00","0.00","4,706.22","4,716.88","4,705.85","4,700.28","4,695.14"
"Mon 11 May '26   18:00","4,723.72","4,729.42","4,720.99","4,725.01","+1.28 (+0.03%)","0.00","0.00","4,703.33","4,712.69","4,703.07","4,698.92","4,693.57"
"Mon 11 May '26   17:00","4,716.47","4,724.65","4,715.95","4,723.73","+7.20 (+0.15%)","0.00","0.00","4,701.05","4,709.61","4,700.88","4,697.85","4,692.29"
"Mon 11 May '26   16:00","4,732.22","4,733.53","4,708.08","4,716.53","−15.69 (−0.33%)","0.00","0.00","4,698.66","4,706.08","4,698.60","4,696.80","4,690.76"
"Mon 11 May '26   15:00","4,725.61","4,738.30","4,722.94","4,732.22","+6.62 (+0.14%)","0.00","0.00","4,696.78","4,703.47","4,696.80","4,695.99","4,689.29"
"Mon 11 May '26   14:00","4,736.12","4,738.55","4,715.22","4,725.60","−10.58 (−0.22%)","0.00","0.00","4,693.05","4,696.29","4,693.26","4,694.51","4,686.39"
"Mon 11 May '26   13:00","4,700.05","4,748.58","4,698.73","4,736.18","+36.12 (+0.77%)","0.00","0.00","4,689.62","4,688.96","4,690.03","4,693.24","4,682.89"
"Mon 11 May '26   12:00","4,674.57","4,701.03","4,667.52","4,700.06","+25.50 (+0.55%)","1.00","0.00","4,684.72","4,677.15","4,685.41","4,691.49","4,677.20"
"Mon 11 May '26   11:00","4,664.02","4,677.34","4,664.02","4,674.56","+10.61 (+0.23%)","0.00","0.00","4,683.11","4,671.42","4,683.95","4,691.14","4,675.06"
"Mon 11 May '26   10:00","4,656.80","4,667.52","4,656.45","4,663.95","+7.15 (+0.15%)","0.00","0.00","4,684.01","4,670.64","4,684.89","4,691.82","4,675.10"
"Mon 11 May '26   09:00","4,667.64","4,670.04","4,650.64","4,656.80","−10.76 (−0.23%)","0.00","0.00","4,686.12","4,672.31","4,686.98","4,692.95","4,675.87"
"Mon 11 May '26   08:00","4,667.77","4,678.84","4,664.26","4,667.56","−0.22 (−0.00%)","0.00","0.00","4,689.20","4,676.19","4,690.00","4,694.43","4,677.37"
"Mon 11 May '26   07:00","4,678.50","4,680.36","4,664.40","4,667.78","−10.70 (−0.23%)","0.00","0.00","4,691.48","4,678.35","4,692.24","4,695.53","4,678.29"
"Mon 11 May '26   06:00","4,652.32","4,680.47","4,649.33","4,678.48","+26.12 (+0.56%)","0.00","0.00","4,693.98","4,680.99","4,694.69","4,696.66","4,679.35"
"Mon 11 May '26   05:00","4,672.10","4,680.78","4,648.18","4,652.36","−19.75 (−0.42%)","0.00","0.00","4,695.61","4,681.62","4,696.31","4,697.40","4,679.47"
"Mon 11 May '26   04:00","4,678.70","4,679.83","4,668.55","4,672.11","−6.59 (−0.14%)","0.00","0.00","4,700.16","4,688.93","4,700.70","4,699.24","4,683.51"
"Mon 11 May '26   03:00","4,681.73","4,690.45","4,675.11","4,678.70","−3.05 (−0.07%)","0.00","0.00","4,703.11","4,693.14","4,703.56","4,700.35","4,685.01"
"Mon 11 May '26   02:00","4,685.74","4,700.23","4,676.65","4,681.75","−3.98 (−0.08%)","0.00","0.00","4,705.68","4,696.75","4,706.05","4,701.23","4,686.11"
"Mon 11 May '26   01:00","4,683.34","4,705.55","4,674.67","4,685.73","+2.33 (+0.05%)","0.00","0.00","4,708.20","4,700.49","4,708.48","4,702.03","4,687.33"
"Mon 11 May '26   00:00","4,691.63","4,693.35","4,670.35","4,683.40","−8.29 (−0.18%)","0.00","0.00","4,710.57","4,704.19","4,710.75","4,702.69","4,688.19"
"Sun 10 May '26   23:00","4,691.93","4,698.60","4,688.90","4,691.69","−0.23 (−0.00%)","0.00","0.00","4,713.43","4,709.38","4,713.49","4,703.48","4,691.82"
"Sun 10 May '26   22:00","4,685.31","4,700.45","4,678.98","4,691.92","−23.81 (−0.50%)","0.00","0.00","4,715.72","4,713.80","4,715.67","4,703.96","4,691.92"
"Fri 08 May '26   20:00","4,724.02","4,724.34","4,714.69","4,715.73","−8.28 (−0.18%)","0.00","0.00","4,718.22","4,719.28","4,718.05","4,704.45","4,717.35"
"Fri 08 May '26   19:00","4,721.96","4,726.84","4,721.04","4,724.01","+2.04 (+0.04%)","0.00","0.00","4,718.48","4,720.16","4,718.28","4,703.99","4,717.39"
"Fri 08 May '26   18:00","4,720.91","4,729.02","4,719.97","4,721.97","+1.06 (+0.02%)","0.00","0.00","4,717.90","4,719.20","4,717.70","4,703.17","4,717.18"
"Fri 08 May '26   17:00","4,712.48","4,722.72","4,712.19","4,720.91","+8.43 (+0.18%)","0.00","0.00","4,717.47","4,718.51","4,717.28","4,702.41","4,716.99"
"Fri 08 May '26   16:00","4,707.00","4,720.29","4,705.46","4,712.48","+5.39 (+0.11%)","0.00","0.00","4,717.11","4,717.91","4,716.91","4,701.65","4,716.82"
"Fri 08 May '26   15:00","4,715.93","4,720.90","4,702.02","4,707.09","−8.92 (−0.19%)","0.00","1.00","4,717.60","4,719.26","4,717.36","4,701.21","4,717.06"
"Fri 08 May '26   14:00","4,747.94","4,749.41","4,713.35","4,716.01","−32.00 (−0.67%)","0.00","0.00","4,718.71","4,722.31","4,718.38","4,700.97","4,717.85"
"Fri 08 May '26   13:00","4,724.41","4,748.07","4,716.66","4,748.01","+23.55 (+0.50%)","0.00","0.00","4,718.99","4,723.88","4,718.62","4,700.35","4,718.03"
"Fri 08 May '26   12:00","4,717.77","4,732.08","4,702.89","4,724.46","+6.69 (+0.14%)","0.00","0.00","4,715.94","4,717.85","4,715.68","4,698.41","4,714.92"
"Fri 08 May '26   11:00","4,719.91","4,727.39","4,713.70","4,717.77","−2.07 (−0.04%)","0.00","0.00","4,715.04","4,716.19","4,714.80","4,697.35","4,713.94"
"Fri 08 May '26   10:00","4,711.93","4,727.92","4,711.23","4,719.84","+7.90 (+0.17%)","0.00","0.00","4,714.75","4,715.80","4,714.51","4,696.51","4,713.65"
"Fri 08 May '26   09:00","4,715.79","4,722.87","4,707.51","4,711.94","−3.85 (−0.08%)","0.00","0.00","4,714.22","4,714.79","4,713.97","4,695.56","4,713.20"
"Fri 08 May '26   08:00","4,707.97","4,723.59","4,706.76","4,715.79","+7.83 (+0.17%)","0.00","0.00","4,714.45","4,715.50","4,714.18","4,694.89","4,713.31"
"Fri 08 May '26   07:00","4,725.73","4,726.53","4,697.18","4,707.96","−17.77 (−0.38%)","0.00","0.00","4,714.31","4,715.43","4,714.02","4,694.04","4,713.05"
"Fri 08 May '26   06:00","4,727.56","4,734.62","4,712.71","4,725.73","−1.84 (−0.04%)","0.00","0.00","4,714.98","4,717.30","4,714.62","4,693.47","4,713.79"
"Fri 08 May '26   05:00","4,711.10","4,731.38","4,709.71","4,727.57","+16.47 (+0.35%)","0.00","0.00","4,713.85","4,715.19","4,713.51","4,692.15","4,711.86"
"Fri 08 May '26   04:00","4,719.67","4,723.33","4,709.08","4,711.10","−8.57 (−0.18%)","0.00","0.00","4,712.41","4,712.09","4,712.11","4,690.71","4,709.52"
"Fri 08 May '26   03:00","4,713.45","4,731.12","4,711.15","4,719.67","+6.22 (+0.13%)","0.00","0.00","4,712.55","4,712.34","4,712.21","4,689.88","4,709.30"
"Fri 08 May '26   02:00","4,722.97","4,732.77","4,707.00","4,713.45","−9.46 (−0.20%)","0.00","0.00","4,711.80","4,710.51","4,711.46","4,688.66","4,707.40"
"Fri 08 May '26   01:00","4,701.37","4,725.43","4,700.59","4,722.91","+21.54 (+0.46%)","1.00","0.00","4,711.62","4,709.78","4,711.26","4,687.65","4,705.47"
"Fri 08 May '26   00:00","4,704.29","4,709.51","4,694.01","4,701.37","−3.00 (−0.06%)","0.00","0.00","4,710.43","4,706.49","4,710.10","4,686.21","4,696.72"
"Thu 07 May '26   23:00","4,685.87","4,705.61","4,684.62","4,704.37","+18.45 (+0.39%)","0.00","0.00","4,711.39","4,707.78","4,710.97","4,685.59","4,693.33"
"Thu 07 May '26   22:00","4,680.69","4,699.38","4,677.34","4,685.92","−2.55 (−0.05%)","0.00","0.00","4,712.13","4,708.63","4,711.63","4,684.82","4,685.92"
"Thu 07 May '26   20:00","4,703.09","4,719.21","4,686.38","4,688.47","−14.63 (−0.31%)","0.00","0.00","4,714.88","4,714.30","4,714.20","4,684.78","4,722.09"
"Thu 07 May '26   19:00","4,709.80","4,713.02","4,697.88","4,703.10","−6.60 (−0.14%)","0.00","0.00","4,717.67","4,720.76","4,716.77","4,684.63","4,723.38"
"Thu 07 May '26   18:00","4,711.54","4,716.02","4,695.53","4,709.70","−1.87 (−0.04%)","0.00","0.00","4,719.20","4,725.18","4,718.14","4,683.87","4,724.58"
"Thu 07 May '26   17:00","4,715.10","4,719.59","4,687.80","4,711.57","−3.53 (−0.07%)","0.00","0.00","4,720.20","4,729.05","4,718.98","4,682.82","4,725.54"
"Thu 07 May '26   16:00","4,729.31","4,729.79","4,704.58","4,715.10","−14.17 (−0.30%)","0.00","0.00","4,721.11","4,733.41","4,719.73","4,681.65","4,726.62"
"Thu 07 May '26   15:00","4,762.81","4,764.79","4,726.43","4,729.27","−33.52 (−0.70%)","0.00","1.00","4,721.74","4,737.99","4,720.19","4,680.28","4,727.59"
"Thu 07 May '26   14:00","4,746.38","4,763.43","4,741.07","4,762.79","+16.41 (+0.35%)","0.00","0.00","4,720.95","4,740.17","4,719.28","4,678.28","4,727.44"
"Wed 06 May '26   19:00","4,686.12","4,700.20","4,686.11","4,692.43","+6.33 (+0.14%)","0.00","0.00","4,668.48","4,687.51","4,666.54","4,628.93","4,673.21"
"Wed 06 May '26   18:00","4,684.08","4,690.51","4,681.93","4,686.10","+2.02 (+0.04%)","0.00","0.00","4,665.96","4,686.28","4,663.95","4,626.34","4,672.44"
"Wed 06 May '26   17:00","4,683.18","4,688.09","4,678.97","4,684.08","+0.91 (+0.02%)","0.00","0.00","4,663.84","4,686.33","4,661.73","4,623.90","4,671.94"
"Wed 06 May '26   16:00","4,687.80","4,692.09","4,679.58","4,683.17","−4.74 (−0.10%)","0.00","0.00","4,661.71","4,686.89","4,659.50","4,621.44","4,671.33"
"Wed 06 May '26   15:00","4,703.08","4,705.83","4,687.86","4,687.91","−15.17 (−0.32%)","0.00","0.00","4,659.45","4,687.82","4,657.13","4,618.92","4,670.61"
"Wed 06 May '26   14:00","4,702.17","4,717.50","4,697.78","4,703.08","+0.90 (+0.02%)","0.00","0.00","4,656.46","4,687.80","4,654.05","4,616.11","4,669.38"
"Wed 06 May '26   13:00","4,683.31","4,707.82","4,668.83","4,702.18","+18.84 (+0.40%)","0.00","0.00","4,651.55","4,683.98","4,649.15","4,612.56","4,666.34"
"Wed 06 May '26   12:00","4,692.11","4,693.16","4,660.39","4,683.34","−8.71 (−0.19%)","0.00","1.00","4,646.22","4,679.43","4,643.85","4,608.90","4,662.75"
"Wed 06 May '26   11:00","4,717.98","4,721.36","4,690.89","4,692.05","−25.93 (−0.55%)","0.00","0.00","4,642.31","4,678.45","4,639.90","4,605.86","4,660.69"
"Wed 06 May '26   10:00","4,701.87","4,722.96","4,695.64","4,717.98","+16.13 (+0.34%)","0.00","0.00","4,637.08","4,675.05","4,634.68","4,602.34","4,657.43"
"Wed 06 May '26   09:00","4,700.52","4,708.55","4,689.17","4,701.85","+1.63 (+0.03%)","0.00","0.00","4,628.56","4,664.32","4,626.35","4,597.62","4,650.81"
"Wed 06 May '26   08:00","4,681.31","4,702.49","4,671.68","4,700.22","+18.94 (+0.40%)","0.00","0.00","4,620.84","4,654.94","4,618.80","4,593.37","4,644.45"
"Wed 06 May '26   07:00","4,669.28","4,681.87","4,657.49","4,681.28","+12.00 (+0.26%)","0.00","0.00","4,612.49","4,643.62","4,610.66","4,589.01","4,637.92"
"Wed 06 May '26   06:00","4,663.02","4,669.60","4,657.15","4,669.28","+6.26 (+0.13%)","0.00","0.00","4,605.25","4,634.21","4,603.60","4,585.24","4,632.72"
"Wed 06 May '26   05:00","4,649.07","4,663.86","4,644.68","4,663.02","+13.94 (+0.30%)","0.00","0.00","4,598.51","4,625.44","4,597.03","4,581.81","4,627.49"
"Wed 06 May '26   04:00","4,643.75","4,653.69","4,643.49","4,649.08","+5.33 (+0.11%)","0.00","0.00","4,591.72","4,616.04","4,590.43","4,578.50","4,622.63"
"Wed 06 May '26   03:00","4,640.79","4,652.08","4,638.63","4,643.75","+2.94 (+0.06%)","0.00","0.00","4,585.68","4,607.78","4,584.57","4,575.62","4,618.76"
"Wed 06 May '26   02:00","4,625.85","4,641.91","4,625.37","4,640.81","+14.76 (+0.32%)","0.00","0.00","4,579.57","4,598.79","4,578.65","4,572.84","4,614.33"
"Wed 06 May '26   01:00","4,618.77","4,628.65","4,609.59","4,626.05","+7.26 (+0.16%)","0.00","0.00","4,573.12","4,588.29","4,572.43","4,570.06","4,607.85"
"Wed 06 May '26   00:00","4,594.07","4,619.94","4,588.30","4,618.79","+24.76 (+0.54%)","0.00","0.00","4,567.55","4,578.85","4,567.07","4,567.78","4,599.60"
"Tue 05 May '26   23:00","4,573.42","4,595.75","4,569.54","4,594.03","+20.66 (+0.45%)","0.00","0.00","4,562.15","4,568.86","4,561.90","4,565.70","4,585.81"
"Tue 05 May '26   22:00","4,558.93","4,577.24","4,546.35","4,573.37","+17.10 (+0.38%)","0.00","0.00","4,558.80","4,562.57","4,558.68","4,564.54","4,573.37"
"Tue 05 May '26   20:00","4,555.10","4,560.04","4,554.04","4,556.27","+1.55 (+0.03%)","0.00","0.00","4,557.27","4,559.87","4,557.21","4,564.18","4,554.84"
"Tue 05 May '26   19:00","4,561.08","4,561.54","4,551.62","4,554.72","−6.36 (−0.14%)","0.00","0.00","4,557.37","4,560.77","4,557.31","4,564.50","4,554.81"
"Tue 05 May '26   18:00","4,559.86","4,565.77","4,557.68","4,561.08","+1.21 (+0.03%)","0.00","0.00","4,557.65","4,562.28","4,557.57","4,564.90","4,554.81"
"Tue 05 May '26   17:00","4,561.25","4,562.78","4,553.29","4,559.87","−1.39 (−0.03%)","0.00","0.00","4,557.29","4,562.58","4,557.22","4,565.06","4,554.52"
"Tue 05 May '26   16:00","4,568.60","4,569.05","4,553.74","4,561.26","−7.31 (−0.16%)","0.00","0.00","4,557.02","4,563.26","4,556.95","4,565.27","4,554.20"
"Tue 05 May '26   15:00","4,582.49","4,583.88","4,568.41","4,568.57","−13.83 (−0.30%)","0.00","0.00","4,556.57","4,563.76","4,556.52","4,565.43","4,553.74"
"Tue 05 May '26   14:00","4,581.03","4,586.61","4,565.97","4,582.40","+2.96 (+0.06%)","0.00","0.00","4,555.31","4,562.56","4,555.32","4,565.30","4,552.57"
"Tue 05 May '26   13:00","4,564.56","4,584.98","4,564.35","4,579.44","+14.78 (+0.32%)","0.00","0.00","4,552.45","4,557.60","4,552.61","4,564.61","4,549.44"
"Tue 05 May '26   12:00","4,562.78","4,574.69","4,554.25","4,564.66","+1.81 (+0.04%)","0.00","0.00","4,549.61","4,552.14","4,549.92","4,564.00","4,546.11"
"Tue 05 May '26   11:00","4,543.82","4,564.92","4,539.92","4,562.85","+19.02 (+0.42%)","0.00","0.00","4,548.03","4,549.01","4,548.45","4,563.97","4,544.10"
"Tue 05 May '26   10:00","4,556.30","4,556.94","4,540.28","4,543.83","−12.47 (−0.27%)","0.00","0.00","4,546.47","4,545.55","4,547.01","4,564.02","4,542.14"
"Tue 05 May '26   09:00","4,558.53","4,560.48","4,551.13","4,556.30","−2.22 (−0.05%)","0.00","0.00","4,546.75","4,545.98","4,547.33","4,564.84","4,541.98"
"Tue 05 May '26   08:00","4,545.61","4,559.71","4,545.53","4,558.52","+12.96 (+0.29%)","0.00","0.00","4,545.74","4,543.39","4,546.43","4,565.19","4,540.46"
"Tue 05 May '26   07:00","4,548.14","4,558.41","4,543.38","4,545.56","−2.59 (−0.06%)","0.00","0.00","4,544.40","4,539.61","4,545.22","4,565.46","4,537.99"
"Tue 05 May '26   06:00","4,545.76","4,552.12","4,533.84","4,548.15","+2.39 (+0.05%)","0.00","0.00","4,544.28","4,538.13","4,545.19","4,566.28","4,536.81"
"Tue 05 May '26   05:00","4,533.71","4,551.72","4,531.51","4,545.76","+12.04 (+0.27%)","1.00","0.00","4,543.87","4,535.62","4,544.89","4,567.02","4,534.79"
"Tue 05 May '26   04:00","4,534.62","4,536.66","4,528.07","4,533.72","−0.90 (−0.02%)","0.00","0.00","4,543.67","4,533.08","4,544.81","4,567.88","4,532.67"
"Tue 05 May '26   03:00","4,539.09","4,542.72","4,532.48","4,534.62","−4.47 (−0.10%)","0.00","0.00","4,544.72","4,532.92","4,545.92","4,569.28","4,532.51"
"Tue 05 May '26   02:00","4,540.98","4,546.69","4,534.73","4,539.09","−1.88 (−0.04%)","0.00","0.00","4,545.78","4,532.50","4,547.05","4,570.69","4,532.15"
"Tue 05 May '26   01:00","4,529.76","4,542.30","4,525.46","4,540.97","+10.85 (+0.24%)","0.00","0.00","4,546.48","4,530.85","4,547.84","4,571.98","4,530.26"
"Tue 05 May '26   00:00","4,519.04","4,530.42","4,513.65","4,530.12","+11.05 (+0.24%)","0.00","0.00","4,547.06","4,528.32","4,548.53","4,573.25","4,524.49"
"Mon 04 May '26   23:00","4,517.53","4,521.61","4,516.23","4,519.07","+1.55 (+0.03%)","0.00","0.00","4,548.85","4,527.88","4,550.37","4,575.01","4,518.28"
"Mon 04 May '26   22:00","4,524.32","4,525.16","4,515.70","4,517.52","−5.71 (−0.13%)","0.00","0.00","4,551.98","4,530.08","4,553.50","4,577.29","4,517.52"
"Mon 04 May '26   20:00","4,517.92","4,523.25","4,511.81","4,523.23","+5.34 (+0.12%)","0.00","0.00","4,555.61","4,533.22","4,557.10","4,579.73","4,565.71"
"Mon 04 May '26   19:00","4,516.31","4,527.19","4,511.48","4,517.89","+1.58 (+0.03%)","0.00","0.00","4,559.02","4,535.71","4,560.48","4,582.04","4,566.57"
"Mon 04 May '26   18:00","4,522.34","4,525.35","4,509.94","4,516.31","−6.04 (−0.13%)","0.00","0.00","4,563.35","4,540.17","4,564.74","4,584.66","4,568.90"
"Mon 04 May '26   17:00","4,510.74","4,531.64","4,510.74","4,522.35","+11.66 (+0.26%)","0.00","0.00","4,568.30","4,546.13","4,569.59","4,587.45","4,571.48"
"Mon 04 May '26   16:00","4,521.51","4,526.97","4,500.74","4,510.69","−10.93 (−0.24%)","0.00","0.00","4,573.13","4,552.08","4,574.31","4,590.10","4,574.47"
"Mon 04 May '26   15:00","4,561.51","4,566.07","4,512.94","4,521.62","−39.88 (−0.87%)","0.00","0.00","4,579.71","4,562.43","4,580.67","4,593.34","4,579.67"
"Mon 04 May '26   14:00","4,564.09","4,583.27","4,553.60","4,561.50","−2.58 (−0.06%)","0.00","0.00","4,585.82","4,572.63","4,586.58","4,596.27","4,585.38"
"Mon 04 May '26   13:00","4,568.41","4,575.90","4,555.70","4,564.08","−4.35 (−0.10%)","0.00","0.00","4,588.38","4,575.41","4,589.08","4,597.69","4,587.62"
"Mon 04 May '26   12:00","4,560.37","4,579.35","4,559.36","4,568.43","+8.06 (+0.18%)","0.00","0.00","4,590.94","4,578.25","4,591.58","4,599.06","4,589.99"
"Mon 04 May '26   11:00","4,562.69","4,570.80","4,551.53","4,560.37","−2.33 (−0.05%)","0.00","0.00","4,593.31","4,580.70","4,593.90","4,600.31","4,591.89"
"Mon 04 May '26   10:00","4,575.49","4,575.90","4,526.07","4,562.70","−12.80 (−0.28%)","0.00","0.00","4,596.78","4,585.78","4,597.25","4,601.94","4,594.93"
"Mon 04 May '26   09:00","4,577.08","4,584.56","4,572.42","4,575.50","−1.57 (−0.03%)","0.00","0.00","4,600.36","4,591.55","4,600.71","4,603.55","4,599.49"
"Mon 04 May '26   08:00","4,579.01","4,581.46","4,573.75","4,577.07","−1.95 (−0.04%)","0.00","0.00","4,602.98","4,595.57","4,603.23","4,604.69","4,601.44"
"Mon 04 May '26   07:00","4,588.69","4,593.42","4,578.06","4,579.02","−9.67 (−0.21%)","0.00","0.00","4,605.71","4,600.19","4,605.84","4,605.82","4,604.26"
"Mon 04 May '26   06:00","4,599.06","4,600.76","4,583.73","4,588.69","−10.39 (−0.23%)","0.00","0.00","4,608.52","4,605.49","4,608.53","4,606.91","4,607.50"
"Mon 04 May '26   05:00","4,605.95","4,613.19","4,592.38","4,599.08","−6.87 (−0.15%)","0.00","0.00","4,610.61","4,609.68","4,610.51","4,607.65","4,610.35"
"Mon 04 May '26   04:00","4,615.10","4,615.48","4,605.34","4,605.95","−9.19 (−0.20%)","0.00","0.00","4,611.82","4,612.34","4,611.65","4,608.00","4,612.22"
"Mon 04 May '26   03:00","4,605.88","4,617.24","4,598.62","4,615.14","+9.26 (+0.20%)","0.00","0.00","4,612.44","4,613.93","4,612.22","4,608.09","4,613.11"
"Mon 04 May '26   02:00","4,613.10","4,618.55","4,591.12","4,605.88","−7.20 (−0.16%)","0.00","1.00","4,612.15","4,613.63","4,611.93","4,607.80","4,612.69"
"Mon 04 May '26   01:00","4,613.08","4,614.09","4,592.75","4,613.08","+0.01 (+0.00%)","0.00","0.00","4,612.81","4,615.57","4,612.54","4,607.88","4,614.55"
"Mon 04 May '26   00:00","4,613.93","4,616.54","4,602.02","4,613.07","−0.89 (−0.02%)","0.00","0.00","4,612.78","4,616.19","4,612.48","4,607.67","4,615.12"
"Sun 03 May '26   23:00","4,618.89","4,620.93","4,611.34","4,613.96","−4.92 (−0.11%)","0.00","0.00","4,612.75","4,616.97","4,612.42","4,607.45","4,616.56"
"Sun 03 May '26   22:00","4,635.71","4,636.54","4,612.63","4,618.88","+3.27 (+0.07%)","0.00","0.00","4,612.63","4,617.72","4,612.27","4,607.18","4,618.88"
"Fri 01 May '26   20:00","4,610.86","4,617.36","4,607.04","4,615.61","+4.75 (+0.10%)","0.00","0.00","4,611.97","4,617.43","4,611.61","4,606.70","4,611.32"
"Fri 01 May '26   19:00","4,624.33","4,627.72","4,608.91","4,610.86","−13.47 (−0.29%)","0.00","0.00","4,611.59","4,617.88","4,611.21","4,606.34","4,611.20"
"Fri 01 May '26   18:00","4,629.55","4,630.71","4,613.81","4,624.33","−5.21 (−0.11%)","0.00","0.00","4,611.66","4,619.64","4,611.24","4,606.16","4,611.22"
"Fri 01 May '26   17:00","4,638.87","4,642.71","4,626.82","4,629.54","−9.34 (−0.20%)","0.00","0.00","4,610.33","4,618.47","4,609.94","4,605.41","4,610.46"
"Fri 01 May '26   16:00","4,643.23","4,650.07","4,633.99","4,638.88","−4.37 (−0.09%)","0.00","0.00","4,608.31","4,615.70","4,607.98","4,604.43","4,609.37"
"Fri 01 May '26   15:00","4,632.21","4,648.11","4,619.12","4,643.25","+11.09 (+0.24%)","0.00","0.00","4,605.09","4,609.91","4,604.88","4,603.02","4,607.13"
"Fri 01 May '26   14:00","4,625.74","4,660.21","4,625.74","4,632.16","+6.42 (+0.14%)","0.00","0.00","4,601.07","4,601.57","4,601.05","4,601.38","4,603.87"
"Fri 01 May '26   13:00","4,591.23","4,628.88","4,586.57","4,625.74","+34.52 (+0.75%)","1.00","0.00","4,597.80","4,593.92","4,597.94","4,600.12","4,600.38"
"Fri 01 May '26   12:00","4,578.74","4,607.83","4,575.00","4,591.22","+12.47 (+0.27%)","0.00","0.00","4,594.86","4,585.97","4,595.16","4,599.08","4,597.53"
"Fri 01 May '26   11:00","4,566.86","4,579.56","4,562.52","4,578.75","+11.89 (+0.26%)","0.00","0.00","4,595.24","4,584.65","4,595.55","4,599.40","4,598.23"
"Fri 01 May '26   10:00","4,562.78","4,576.05","4,561.45","4,566.86","+4.10 (+0.09%)","0.00","0.00","4,596.97","4,586.13","4,597.23","4,600.24","4,599.98"
"Fri 01 May '26   09:00","4,569.05","4,573.02","4,560.21","4,562.76","−6.24 (−0.14%)","0.00","0.00","4,600.14","4,590.95","4,600.27","4,601.60","4,602.48"
"Fri 01 May '26   08:00","4,578.23","4,582.58","4,565.19","4,569.00","−9.22 (−0.20%)","0.00","0.00","4,604.08","4,598.00","4,604.02","4,603.19","4,606.32"
"Fri 01 May '26   07:00","4,594.75","4,598.11","4,575.93","4,578.22","−16.58 (−0.36%)","0.00","0.00","4,607.77","4,605.25","4,607.52","4,604.59","4,610.91"
"Fri 01 May '26   06:00","4,604.93","4,607.87","4,590.88","4,594.80","−10.13 (−0.22%)","0.00","0.00","4,610.88","4,612.00","4,610.45","4,605.66","4,615.82"
"Fri 01 May '26   05:00","4,609.24","4,616.18","4,602.99","4,604.93","−4.31 (−0.09%)","0.00","1.00","4,612.58","4,616.30","4,612.02","4,606.11","4,619.27"
"Fri 01 May '26   04:00","4,626.71","4,628.74","4,609.23","4,609.24","−17.47 (−0.38%)","0.00","0.00","4,613.38","4,619.15","4,612.72","4,606.15","4,621.27"
"Fri 01 May '26   03:00","4,619.13","4,632.08","4,617.85","4,626.71","+7.60 (+0.16%)","0.00","0.00","4,613.82","4,621.62","4,613.07","4,606.03","4,623.21"
"Fri 01 May '26   02:00","4,620.98","4,636.03","4,616.58","4,619.11","−1.87 (−0.04%)","0.00","0.00","4,612.46","4,620.35","4,611.71","4,605.18","4,622.60"
"Fri 01 May '26   01:00","4,619.73","4,622.27","4,613.95","4,620.98","+1.25 (+0.03%)","0.00","0.00","4,611.76","4,620.66","4,610.97","4,604.61","4,623.50"
"Fri 01 May '26   00:00","4,626.47","4,631.15","4,618.50","4,619.73","−6.72 (−0.15%)","0.00","0.00","4,610.79","4,620.58","4,609.97","4,603.95","4,624.42"
"Thu 30 Apr '26   23:00","4,630.37","4,634.05","4,626.40","4,626.45","−3.91 (−0.08%)","0.00","0.00","4,609.85","4,620.79","4,608.99","4,603.30","4,628.40"
"Thu 30 Apr '26   22:00","4,634.61","4,635.80","4,625.57","4,630.36","+9.83 (+0.21%)","0.00","0.00","4,608.10","4,619.38","4,607.25","4,602.36","4,630.36"
"Thu 30 Apr '26   20:00","4,617.18","4,622.07","4,615.46","4,620.53","+3.41 (+0.07%)","0.00","0.00","4,605.76","4,616.63","4,604.93","4,601.21","4,601.80"
"Thu 30 Apr '26   19:00","4,622.48","4,627.40","4,614.60","4,617.12","−5.37 (−0.12%)","0.00","0.00","4,604.20","4,615.65","4,603.37","4,600.43","4,601.29"
"Thu 30 Apr '26   18:00","4,616.86","4,625.25","4,616.81","4,622.49","+5.62 (+0.12%)","0.00","0.00","4,602.84","4,615.29","4,602.00","4,599.74","4,600.58"
"Thu 30 Apr '26   17:00","4,607.64","4,621.63","4,607.64","4,616.87","+9.25 (+0.20%)","0.00","0.00","4,600.77","4,613.49","4,599.95","4,598.82","4,599.61"
"Thu 30 Apr '26   16:00","4,615.33","4,617.79","4,605.43","4,607.62","−7.74 (−0.17%)","0.00","0.00","4,599.08","4,612.64","4,598.26","4,598.08","4,598.74"
"Thu 30 Apr '26   15:00","4,619.79","4,625.42","4,611.32","4,615.36","−4.35 (−0.09%)","0.00","0.00","4,598.18","4,613.90","4,597.32","4,597.69","4,598.26"
"Thu 30 Apr '26   14:00","4,610.99","4,625.99","4,609.49","4,619.71","+8.65 (+0.19%)","0.00","0.00","4,596.37","4,613.53","4,595.52","4,596.97","4,597.00"
"Thu 30 Apr '26   13:00","4,639.59","4,645.96","4,610.64","4,611.06","−28.53 (−0.61%)","0.00","0.00","4,593.92","4,611.99","4,593.10","4,596.04","4,594.86"
"Thu 30 Apr '26   12:00","4,630.24","4,640.14","4,624.67","4,639.59","+9.37 (+0.20%)","0.00","0.00","4,592.11","4,612.22","4,591.30","4,595.43","4,593.33"
"Thu 30 Apr '26   11:00","4,639.82","4,645.56","4,626.91","4,630.22","−9.60 (−0.21%)","0.00","0.00","4,587.11","4,605.38","4,586.48","4,593.63","4,589.46"
"Thu 30 Apr '26   10:00","4,625.22","4,646.90","4,623.77","4,639.82","+14.61 (+0.32%)","0.00","0.00","4,582.58","4,599.17","4,582.10","4,592.13","4,585.44"
"Thu 30 Apr '26   09:00","4,616.47","4,631.85","4,614.30","4,625.21","+8.81 (+0.19%)","0.00","0.00","4,576.55","4,589.01","4,576.33","4,590.18","4,579.98"
"Thu 30 Apr '26   08:00","4,598.50","4,629.72","4,597.40","4,616.40","+17.91 (+0.39%)","0.00","0.00","4,571.43","4,579.95","4,571.44","4,588.76","4,575.09"
"Thu 30 Apr '26   07:00","4,589.59","4,605.51","4,584.89","4,598.49","+8.97 (+0.20%)","0.00","0.00","4,566.69","4,570.84","4,566.95","4,587.63","4,569.79"
"Thu 30 Apr '26   06:00","4,562.74","4,591.60","4,560.21","4,589.52","+26.86 (+0.59%)","1.00","0.00","4,563.35","4,563.93","4,563.79","4,587.18","4,566.00"
"Thu 30 Apr '26   05:00","4,542.04","4,569.68","4,541.98","4,562.66","+20.55 (+0.45%)","0.00","0.00","4,560.59","4,557.53","4,561.22","4,587.09","4,562.23"
"Thu 30 Apr '26   04:00","4,556.03","4,557.02","4,540.90","4,542.11","−13.96 (−0.31%)","0.00","1.00","4,560.38","4,556.25","4,561.07","4,588.09","4,562.16"
"Thu 30 Apr '26   03:00","4,564.96","4,569.14","4,555.76","4,556.07","−8.89 (−0.19%)","0.00","0.00","4,562.30","4,559.79","4,562.97","4,589.96","4,565.81"
"Thu 30 Apr '26   02:00","4,579.17","4,581.95","4,559.94","4,564.96","−14.22 (−0.31%)","0.00","0.00","4,562.95","4,560.72","4,563.66","4,591.35","4,567.71"
"Thu 30 Apr '26   01:00","4,569.93","4,582.54","4,564.61","4,579.18","+9.23 (+0.20%)","0.00","0.00","4,562.74","4,559.65","4,563.53","4,592.42","4,568.54"
"Thu 30 Apr '26   00:00","4,561.77","4,574.10","4,556.54","4,569.95","+8.17 (+0.18%)","0.00","0.00","4,561.01","4,554.77","4,561.96","4,592.96","4,563.01"
"Wed 29 Apr '26   23:00","4,552.18","4,562.01","4,549.76","4,561.78","+9.61 (+0.21%)","1.00","0.00","4,560.07","4,550.98","4,561.17","4,593.90","4,556.87"
"Wed 29 Apr '26   22:00","4,545.75","4,552.71","4,539.33","4,552.17","+8.68 (+0.19%)","0.00","0.00","4,559.89","4,548.28","4,561.10","4,595.21","4,552.17"
"Wed 29 Apr '26   20:00","4,546.94","4,553.62","4,541.40","4,543.49","−3.49 (−0.08%)","0.00","0.00","4,560.70","4,547.31","4,562.00","4,596.97","4,561.58"
"Wed 29 Apr '26   19:00","4,538.11","4,550.69","4,533.24","4,546.98","+8.86 (+0.20%)","0.00","0.00","4,562.52","4,548.26","4,563.85","4,599.15","4,562.37"
"Wed 29 Apr '26   18:00","4,547.83","4,552.86","4,518.25","4,538.12","−9.65 (−0.21%)","0.00","0.00","4,564.15","4,548.58","4,565.54","4,601.28","4,563.28"
"Wed 29 Apr '26   17:00","4,545.53","4,554.54","4,541.65","4,547.77","+2.24 (+0.05%)","0.00","0.00","4,566.89","4,551.20","4,568.28","4,603.86","4,565.20"
"Wed 29 Apr '26   16:00","4,547.73","4,564.96","4,543.40","4,545.53","−2.24 (−0.05%)","0.00","0.00","4,568.90","4,552.05","4,570.33","4,606.15","4,566.29"
"Wed 29 Apr '26   15:00","4,539.33","4,558.97","4,536.24","4,547.77","+8.33 (+0.18%)","0.00","0.00","4,571.36","4,553.68","4,572.81","4,608.62","4,567.80"
"Wed 29 Apr '26   14:00","4,521.87","4,542.70","4,517.90","4,539.44","+17.57 (+0.39%)","0.00","0.00","4,573.85","4,555.16","4,575.31","4,611.11","4,569.52"
"Wed 29 Apr '26   13:00","4,544.94","4,553.38","4,510.26","4,521.87","−23.05 (−0.51%)","0.00","0.00","4,577.47","4,559.09","4,578.90","4,614.03","4,572.49"
"Wed 29 Apr '26   12:00","4,561.69","4,569.08","4,541.66","4,544.92","−16.81 (−0.37%)","0.00","0.00","4,583.32","4,568.40","4,584.60","4,617.79","4,578.11"
"Wed 29 Apr '26   11:00","4,569.89","4,572.09","4,559.27","4,561.73","−8.19 (−0.18%)","0.00","0.00","4,587.37","4,574.27","4,588.57","4,620.77","4,581.12"
"Wed 29 Apr '26   10:00","4,555.65","4,576.64","4,555.07","4,569.92","+14.22 (+0.31%)","0.00","0.00","4,590.06","4,577.40","4,591.25","4,623.18","4,582.82"
"Wed 29 Apr '26   09:00","4,573.19","4,580.80","4,551.63","4,555.70","−17.49 (−0.38%)","0.00","0.00","4,592.18","4,579.28","4,593.39","4,625.35","4,583.99"
"Wed 29 Apr '26   08:00","4,567.83","4,576.78","4,557.35","4,573.19","+5.34 (+0.12%)","0.00","0.00","4,596.02","4,585.17","4,597.16","4,628.20","4,587.26"
"Wed 29 Apr '26   07:00","4,584.59","4,588.91","4,567.32","4,567.85","−16.73 (−0.36%)","0.00","1.00","4,598.43","4,588.16","4,599.55","4,630.44","4,589.20"
"Wed 29 Apr '26   06:00","4,591.06","4,598.72","4,580.86","4,584.58","−6.48 (−0.14%)","0.00","0.00","4,601.65","4,593.24","4,602.72","4,633.00","4,592.52"
"Wed 29 Apr '26   05:00","4,604.86","4,607.74","4,590.81","4,591.06","−13.80 (−0.30%)","0.00","0.00","4,603.44","4,595.41","4,604.54","4,634.97","4,593.86"
"Wed 29 Apr '26   04:00","4,595.68","4,605.66","4,595.37","4,604.86","+9.39 (+0.20%)","0.00","0.00","4,604.75","4,596.50","4,605.89","4,636.76","4,594.28"
"Wed 29 Apr '26   03:00","4,593.66","4,603.34","4,592.22","4,595.47","+1.80 (+0.04%)","0.00","0.00","4,604.74","4,594.41","4,605.99","4,638.07","4,593.02"
"Wed 29 Apr '26   02:00","4,584.94","4,604.25","4,584.94","4,593.67","+8.74 (+0.19%)","0.00","0.00","4,605.71","4,594.14","4,607.04","4,639.81","4,592.57"
"Wed 29 Apr '26   01:00","4,600.27","4,600.48","4,576.15","4,584.93","−15.35 (−0.33%)","0.00","0.00","4,606.98","4,594.26","4,608.38","4,641.69","4,592.18"
"Wed 29 Apr '26   00:00","4,595.70","4,610.35","4,594.96","4,600.28","+4.61 (+0.10%)","0.00","0.00","4,609.30","4,596.59","4,610.72","4,644.00","4,597.59"
"Tue 28 Apr '26   23:00","4,594.20","4,596.21","4,588.00","4,595.67","+1.46 (+0.03%)","0.00","0.00","4,610.25","4,595.67","4,611.77","4,645.79","4,595.03"
"Tue 28 Apr '26   22:00","4,597.01","4,600.62","4,592.49","4,594.21","−2.27 (−0.05%)","0.00","0.00","4,611.78","4,595.67","4,613.38","4,647.84","4,594.21"
"Tue 28 Apr '26   20:00","4,595.63","4,598.69","4,591.21","4,596.48","+0.85 (+0.02%)","0.00","0.00","4,613.63","4,596.03","4,615.29","4,650.02","4,615.30"
"Tue 28 Apr '26   19:00","4,594.34","4,600.04","4,593.35","4,595.63","+1.30 (+0.03%)","0.00","0.00","4,615.44","4,595.92","4,617.17","4,652.21","4,615.69"
"Tue 28 Apr '26   18:00","4,594.78","4,600.55","4,592.18","4,594.33","−0.44 (−0.01%)","0.00","0.00","4,617.52","4,595.99","4,619.33","4,654.52","4,616.49"
"Tue 28 Apr '26   17:00","4,592.35","4,601.59","4,587.28","4,594.77","+2.44 (+0.05%)","0.00","0.00","4,619.97","4,596.40","4,621.83","4,656.98","4,617.49"
"Tue 28 Apr '26   16:00","4,586.53","4,594.96","4,577.85","4,592.33","+5.80 (+0.13%)","0.00","0.00","4,622.62","4,596.81","4,624.53","4,659.51","4,618.75"
"Tue 28 Apr '26   15:00","4,574.56","4,586.55","4,567.01","4,586.53","+12.03 (+0.26%)","0.00","0.00","4,625.81","4,597.93","4,627.75","4,662.26","4,620.44"
"Tue 28 Apr '26   14:00","4,580.43","4,580.69","4,557.35","4,574.50","−5.94 (−0.13%)","0.00","0.00","4,629.94","4,600.78","4,631.88","4,665.35","4,623.28"
"Tue 28 Apr '26   13:00","4,593.77","4,594.60","4,570.89","4,580.44","−13.43 (−0.29%)","0.00","0.00","4,635.78","4,607.35","4,637.61","4,669.06","4,628.31"
"Tue 28 Apr '26   12:00","4,562.63","4,600.08","4,554.97","4,593.87","+31.21 (+0.68%)","1.00","0.00","4,641.60","4,614.08","4,643.33","4,672.67","4,633.48"
"Tue 28 Apr '26   11:00","4,603.19","4,608.81","4,555.50","4,562.66","−40.66 (−0.88%)","0.00","0.00","4,646.63","4,619.14","4,648.28","4,675.89","4,637.82"
"Tue 28 Apr '26   10:00","4,604.79","4,616.59","4,603.32","4,603.32","−1.46 (−0.03%)","0.00","0.00","4,655.46","4,633.25","4,656.84","4,680.51","4,646.16"
"Tue 28 Apr '26   09:00","4,629.73","4,630.07","4,604.61","4,604.78","−24.93 (−0.54%)","0.00","0.00","4,660.95","4,640.74","4,662.19","4,683.66","4,649.99"
"Tue 28 Apr '26   08:00","4,633.42","4,635.40","4,614.64","4,629.71","−3.49 (−0.08%)","0.00","0.00","4,666.87","4,649.73","4,667.93","4,686.88","4,655.14"
"Tue 28 Apr '26   07:00","4,629.01","4,639.47","4,620.63","4,633.20","+4.17 (+0.09%)","0.00","0.00","4,670.78","4,654.73","4,671.75","4,689.21","4,658.49"
"Tue 28 Apr '26   06:00","4,632.24","4,642.99","4,623.42","4,629.03","−3.19 (−0.07%)","0.00","0.00","4,674.73","4,660.12","4,675.61","4,691.50","4,662.18"
"Tue 28 Apr '26   05:00","4,667.66","4,668.05","4,623.94","4,632.22","−35.44 (−0.76%)","0.00","0.00","4,679.54","4,667.89","4,680.27","4,694.05","4,668.50"
"Tue 28 Apr '26   04:00","4,671.01","4,671.33","4,666.78","4,667.66","−3.39 (−0.07%)","0.00","0.00","4,684.52","4,676.80","4,685.07","4,696.57","4,676.82"
"Tue 28 Apr '26   03:00","4,669.17","4,675.86","4,668.48","4,671.05","+1.89 (+0.04%)","0.00","0.00","4,686.30","4,679.09","4,686.81","4,697.75","4,677.97"
"Tue 28 Apr '26   02:00","4,670.75","4,679.75","4,666.60","4,669.16","−1.59 (−0.03%)","0.00","0.00","4,687.90","4,681.10","4,688.39","4,698.84","4,679.30"
"Tue 28 Apr '26   01:00","4,690.66","4,691.55","4,669.42","4,670.75","−19.87 (−0.42%)","0.00","0.00","4,689.88","4,684.08","4,690.31","4,700.06","4,682.83"
"Tue 28 Apr '26   00:00","4,692.02","4,701.43","4,690.49","4,690.62","−1.39 (−0.03%)","0.00","0.00","4,691.89","4,687.42","4,692.27","4,701.25","4,690.25"
"Mon 27 Apr '26   23:00","4,687.98","4,695.10","4,687.33","4,692.01","+4.03 (+0.09%)","0.00","0.00","4,692.02","4,686.62","4,692.43","4,701.69","4,689.92"
"Mon 27 Apr '26   22:00","4,684.97","4,691.17","4,682.41","4,687.98","+8.07 (+0.17%)","0.00","0.00","4,692.03","4,685.27","4,692.47","4,702.08","4,687.98"
"Mon 27 Apr '26   20:00","4,680.70","4,681.51","4,677.58","4,679.91","−0.97 (−0.02%)","0.00","0.00","4,692.45","4,684.59","4,692.92","4,702.66","4,696.39"
"Mon 27 Apr '26   19:00","4,680.74","4,682.75","4,676.71","4,680.88","+0.14 (+0.00%)","0.00","0.00","4,693.77","4,685.76","4,694.22","4,703.59","4,696.66"
"Mon 27 Apr '26   18:00","4,682.17","4,685.50","4,678.94","4,680.74","−1.41 (−0.03%)","0.00","0.00","4,695.13","4,686.98","4,695.56","4,704.51","4,697.26"
"Mon 27 Apr '26   17:00","4,676.74","4,686.17","4,668.31","4,682.15","+5.41 (+0.12%)","0.00","0.00","4,696.64","4,688.54","4,697.04","4,705.48","4,697.97"
"Mon 27 Apr '26   16:00","4,670.13","4,679.57","4,667.38","4,676.74","+6.61 (+0.14%)","0.00","0.00","4,698.17","4,690.14","4,698.53","4,706.43","4,698.90"
"Mon 27 Apr '26   15:00","4,678.22","4,682.55","4,667.24","4,670.13","−8.08 (−0.17%)","0.00","0.00","4,700.43","4,693.49","4,700.71","4,707.65","4,700.20"
"Mon 27 Apr '26   14:00","4,696.19","4,696.70","4,676.69","4,678.21","−17.99 (−0.38%)","0.00","1.00","4,703.61","4,699.33","4,703.77","4,709.18","4,702.72"
"Mon 27 Apr '26   13:00","4,699.26","4,703.44","4,689.27","4,696.20","−3.07 (−0.07%)","0.00","0.00","4,706.29","4,704.61","4,706.32","4,710.44","4,705.18"
"Mon 27 Apr '26   12:00","4,704.93","4,712.64","4,697.02","4,699.27","−5.62 (−0.12%)","0.00","0.00","4,707.35","4,706.71","4,707.33","4,711.02","4,706.13"
"Mon 27 Apr '26   11:00","4,708.84","4,709.17","4,700.13","4,704.89","−3.95 (−0.08%)","0.00","0.00","4,708.20","4,708.57","4,708.14","4,711.50","4,706.74"
"Mon 27 Apr '26   10:00","4,703.64","4,710.84","4,699.54","4,708.84","+5.21 (+0.11%)","0.00","0.00","4,708.55","4,709.49","4,708.46","4,711.77","4,706.88"
"Mon 27 Apr '26   09:00","4,706.84","4,708.32","4,699.57","4,703.63","−3.22 (−0.07%)","0.00","0.00","4,708.52","4,709.65","4,708.43","4,711.89","4,706.74"
"Mon 27 Apr '26   08:00","4,713.42","4,714.77","4,705.41","4,706.85","−6.55 (−0.14%)","0.00","0.00","4,709.03","4,711.15","4,708.91","4,712.23","4,706.98"
"Mon 27 Apr '26   07:00","4,712.88","4,718.38","4,710.02","4,713.40","+0.52 (+0.01%)","0.00","0.00","4,709.26","4,712.23","4,709.11","4,712.45","4,707.00"
"Mon 27 Apr '26   06:00","4,710.12","4,715.72","4,709.35","4,712.88","+2.78 (+0.06%)","0.00","0.00","4,708.83","4,711.94","4,708.68","4,712.41","4,706.25"
"Mon 27 Apr '26   05:00","4,725.04","4,725.53","4,708.74","4,710.10","−14.91 (−0.32%)","0.00","0.00","4,708.40","4,711.70","4,708.26","4,712.39","4,705.35"
"Mon 27 Apr '26   04:00","4,724.22","4,730.05","4,722.78","4,725.01","+0.79 (+0.02%)","0.00","0.00","4,708.22","4,712.10","4,708.08","4,712.49","4,704.69"
"Mon 27 Apr '26   03:00","4,718.15","4,729.42","4,714.51","4,724.22","+6.01 (+0.13%)","0.00","0.00","4,706.46","4,708.87","4,706.39","4,711.97","4,702.51"
"Mon 27 Apr '26   02:00","4,702.69","4,723.47","4,696.30","4,718.21","+15.52 (+0.33%)","1.00","0.00","4,704.59","4,705.03","4,704.60","4,711.47","4,698.75"
"Mon 27 Apr '26   01:00","4,697.81","4,709.84","4,690.96","4,702.69","+4.90 (+0.10%)","0.00","0.00","4,703.15","4,701.74","4,703.24","4,711.20","4,693.34"
"Mon 27 Apr '26   00:00","4,679.92","4,698.15","4,672.20","4,697.79","+17.87 (+0.38%)","0.00","0.00","4,703.20","4,701.50","4,703.30","4,711.55","4,688.34"
"Sun 26 Apr '26   23:00","4,684.61","4,684.93","4,675.10","4,679.92","−4.76 (−0.10%)","0.00","0.00","4,703.77","4,702.43","4,703.85","4,712.11","4,682.52"
"Sun 26 Apr '26   22:00","4,701.37","4,705.04","4,680.11","4,684.68","−22.73 (−0.48%)","0.00","1.00","4,706.28","4,708.06","4,706.24","4,713.42","4,684.68"
"Fri 24 Apr '26   20:00","4,716.36","4,717.48","4,705.37","4,707.41","−9.07 (−0.19%)","0.00","0.00","4,708.56","4,713.90","4,708.40","4,714.59","4,701.49"
"Fri 24 Apr '26   19:00","4,722.79","4,726.09","4,713.71","4,716.48","−6.31 (−0.13%)","0.00","0.00","4,708.68","4,715.52","4,708.50","4,714.89","4,701.35"
"Fri 24 Apr '26   18:00","4,723.45","4,724.89","4,716.91","4,722.79","−0.66 (−0.01%)","0.00","0.00","4,707.86","4,715.29","4,707.70","4,714.82","4,700.72"
"Fri 24 Apr '26   17:00","4,726.93","4,730.06","4,719.11","4,723.45","−3.43 (−0.07%)","0.00","0.00","4,706.28","4,713.41","4,706.19","4,714.50","4,699.76"
"Fri 24 Apr '26   16:00","4,727.28","4,729.76","4,719.20","4,726.88","−0.39 (−0.01%)","0.00","0.00","4,704.48","4,710.90","4,704.46","4,714.13","4,698.52"
"Fri 24 Apr '26   15:00","4,726.47","4,733.47","4,715.01","4,727.27","+0.81 (+0.02%)","0.00","0.00","4,702.12","4,706.90","4,702.22","4,713.61","4,696.75"
"Fri 24 Apr '26   14:00","4,711.71","4,740.32","4,706.96","4,726.46","+14.60 (+0.31%)","0.00","0.00","4,699.47","4,701.81","4,699.72","4,713.05","4,694.31"
"Fri 24 Apr '26   13:00","4,700.75","4,717.43","4,689.84","4,711.86","+11.07 (+0.24%)","0.00","0.00","4,696.63","4,695.65","4,697.04","4,712.51","4,691.20"
"Fri 24 Apr '26   12:00","4,706.92","4,711.88","4,690.45","4,700.79","−6.12 (−0.13%)","0.00","0.00","4,695.03","4,691.60","4,695.56","4,712.53","4,689.12"
"Fri 24 Apr '26   11:00","4,677.85","4,717.37","4,677.85","4,706.91","+29.04 (+0.62%)","1.00","0.00","4,694.42","4,689.30","4,695.04","4,713.01","4,688.06"
"Fri 24 Apr '26   10:00","4,682.06","4,686.29","4,674.69","4,677.87","−4.22 (−0.09%)","0.00","0.00","4,693.11","4,684.90","4,693.85","4,713.26","4,686.01"
"Fri 24 Apr '26   09:00","4,690.81","4,696.76","4,679.38","4,682.09","−8.72 (−0.19%)","0.00","0.00","4,694.71","4,686.66","4,695.45","4,714.71","4,686.59"
"Fri 24 Apr '26   08:00","4,694.47","4,697.48","4,685.09","4,690.81","−3.67 (−0.08%)","0.00","0.00","4,696.04","4,687.80","4,696.78","4,716.04","4,687.00"
"Fri 24 Apr '26   07:00","4,671.96","4,695.27","4,671.03","4,694.48","+22.53 (+0.48%)","0.00","0.00","4,696.59","4,687.04","4,697.38","4,717.07","4,686.61"
"Fri 24 Apr '26   06:00","4,686.44","4,688.07","4,666.86","4,671.95","−14.49 (−0.31%)","0.00","0.00","4,696.81","4,685.19","4,697.67","4,717.99","4,685.80"
"Fri 24 Apr '26   05:00","4,674.49","4,687.37","4,669.67","4,686.44","+11.93 (+0.26%)","0.00","0.00","4,699.43","4,688.49","4,700.24","4,719.87","4,687.81"
"Fri 24 Apr '26   04:00","4,672.20","4,676.95","4,657.83","4,674.51","+2.31 (+0.05%)","0.00","0.00","4,700.80","4,689.01","4,701.62","4,721.23","4,688.00"
"Fri 24 Apr '26   03:00","4,676.80","4,678.40","4,668.72","4,672.20","−4.60 (−0.10%)","0.00","0.00","4,703.56","4,692.63","4,704.33","4,723.14","4,690.07"
"Fri 24 Apr '26   02:00","4,699.59","4,700.70","4,673.23","4,676.80","−22.80 (−0.49%)","0.00","0.00","4,706.87","4,697.74","4,707.55","4,725.22","4,693.73"
"Fri 24 Apr '26   01:00","4,704.70","4,711.16","4,690.38","4,699.60","−5.08 (−0.11%)","0.00","0.00","4,710.03","4,702.98","4,710.62","4,727.20","4,699.39"
"Fri 24 Apr '26   00:00","4,695.36","4,707.97","4,691.06","4,704.68","+9.20 (+0.20%)","0.00","0.00","4,711.13","4,703.82","4,711.72","4,728.32","4,699.28"
"Thu 23 Apr '26   23:00","4,693.38","4,700.83","4,687.00","4,695.48","+2.20 (+0.05%)","0.00","0.00","4,711.81","4,703.61","4,712.43","4,729.29","4,694.49"
"Thu 23 Apr '26   22:00","4,702.48","4,702.71","4,690.12","4,693.28","+0.33 (+0.01%)","0.00","0.00","4,713.53","4,705.64","4,714.12","4,730.67","4,693.28"
"Thu 23 Apr '26   20:00","4,696.05","4,698.30","4,686.55","4,692.95","−3.17 (−0.07%)","0.00","0.00","4,715.66","4,708.73","4,716.21","4,732.19","4,715.76"
"Thu 23 Apr '26   19:00","4,701.08","4,704.53","4,689.48","4,696.12","−5.04 (−0.11%)","0.00","0.00","4,718.05","4,712.67","4,718.53","4,733.80","4,716.38"
"Thu 23 Apr '26   18:00","4,709.46","4,722.18","4,699.44","4,701.16","−8.28 (−0.18%)","0.00","1.00","4,720.36","4,716.81","4,720.78","4,735.33","4,717.50"
"Thu 23 Apr '26   17:00","4,733.02","4,734.53","4,664.26","4,709.44","−23.58 (−0.50%)","0.00","0.00","4,722.38","4,720.72","4,722.74","4,736.73","4,718.55"
"Thu 23 Apr '26   16:00","4,720.55","4,737.18","4,715.69","4,733.02","+12.47 (+0.26%)","0.00","0.00","4,723.74","4,723.54","4,724.07","4,737.84","4,719.33"
"Thu 23 Apr '26   15:00","4,733.73","4,741.05","4,716.52","4,720.55","−13.05 (−0.28%)","0.00","0.00","4,722.76","4,721.17","4,723.17","4,738.04","4,718.53"
"Thu 23 Apr '26   14:00","4,724.44","4,736.66","4,717.11","4,733.60","+9.15 (+0.19%)","0.00","0.00","4,722.99","4,721.33","4,723.43","4,738.75","4,718.38"
"Thu 23 Apr '26   13:00","4,740.18","4,741.24","4,724.03","4,724.45","−15.67 (−0.33%)","0.00","0.00","4,721.88","4,718.26","4,722.42","4,738.96","4,717.04"
"Thu 23 Apr '26   12:00","4,720.69","4,743.16","4,719.79","4,740.12","+19.38 (+0.41%)","1.00","0.00","4,721.61","4,716.71","4,722.21","4,739.56","4,716.37"
"Thu 23 Apr '26   11:00","4,696.59","4,720.95","4,695.60","4,720.74","+24.11 (+0.51%)","0.00","0.00","4,719.66","4,710.86","4,720.42","4,739.53","4,714.10"
"Thu 23 Apr '26   10:00","4,697.66","4,701.73","4,684.32","4,696.63","−1.03 (−0.02%)","0.00","0.00","4,719.54","4,708.39","4,720.39","4,740.30","4,713.56"
"Thu 23 Apr '26   09:00","4,703.34","4,703.73","4,694.73","4,697.66","−5.69 (−0.12%)","0.00","0.00","4,721.96","4,711.33","4,722.77","4,742.08","4,715.02"
"Thu 23 Apr '26   08:00","4,719.16","4,724.91","4,701.73","4,703.35","−15.81 (−0.34%)","0.00","0.00","4,724.51","4,714.74","4,725.28","4,743.89","4,716.65"
"Thu 23 Apr '26   07:00","4,712.89","4,720.56","4,703.08","4,719.16","+6.19 (+0.13%)","0.00","0.00","4,726.74","4,717.59","4,727.47","4,745.55","4,717.98"
"Thu 23 Apr '26   06:00","4,713.57","4,721.29","4,708.59","4,712.97","−0.68 (−0.01%)","0.00","0.00","4,727.54","4,717.20","4,728.30","4,746.63","4,717.83"
"Thu 23 Apr '26   05:00","4,704.44","4,715.23","4,692.48","4,713.65","+9.23 (+0.20%)","0.00","0.00","4,729.07","4,718.26","4,729.84","4,748.00","4,718.49"
"Thu 23 Apr '26   04:00","4,704.01","4,707.07","4,698.82","4,704.42","+0.40 (+0.01%)","0.00","0.00","4,730.70","4,719.41","4,731.46","4,749.40","4,719.17"
"Thu 23 Apr '26   03:00","4,698.94","4,708.73","4,698.26","4,704.02","+5.08 (+0.11%)","0.00","0.00","4,733.46","4,723.16","4,734.16","4,751.24","4,720.77"
"Thu 23 Apr '26   02:00","4,723.34","4,724.81","4,698.33","4,698.94","−24.40 (−0.52%)","0.00","0.00","4,736.56","4,727.94","4,737.17","4,753.17","4,724.36"
"Thu 23 Apr '26   01:00","4,747.77","4,749.86","4,722.59","4,723.34","−24.53 (−0.52%)","0.00","0.00","4,740.52","4,735.19","4,741.00","4,755.38","4,733.43"
"Thu 23 Apr '26   00:00","4,727.84","4,753.69","4,694.33","4,747.87","+20.06 (+0.42%)","0.00","0.00","4,742.33","4,738.16","4,742.76","4,756.69","4,738.58"
"Wed 22 Apr '26   23:00","4,725.99","4,729.98","4,723.58","4,727.81","+1.82 (+0.04%)","0.00","0.00","4,741.75","4,735.73","4,742.25","4,757.05","4,726.87"
"Wed 22 Apr '26   22:00","4,743.18","4,746.07","4,725.67","4,725.99","−13.47 (−0.28%)","0.00","0.00","4,743.21","4,737.71","4,743.69","4,758.24","4,725.99"
"Wed 22 Apr '26   20:00","4,740.28","4,740.48","4,734.48","4,739.46","−0.77 (−0.02%)","0.00","0.00","4,745.03","4,740.64","4,745.47","4,759.56","4,746.51"
"Wed 22 Apr '26   19:00","4,741.83","4,745.47","4,736.93","4,740.23","−1.60 (−0.03%)","0.00","0.00","4,745.61","4,740.93","4,746.07","4,760.38","4,746.69"
"Wed 22 Apr '26   18:00","4,737.21","4,749.41","4,729.97","4,741.83","+4.62 (+0.10%)","0.00","0.00","4,746.18","4,741.10","4,746.65","4,761.20","4,747.01"
"Wed 22 Apr '26   17:00","4,728.78","4,739.63","4,728.62","4,737.21","+8.45 (+0.18%)","0.00","0.00","4,746.64","4,740.92","4,747.13","4,761.99","4,747.26"
"Wed 22 Apr '26   16:00","4,727.70","4,734.97","4,723.94","4,728.76","+1.07 (+0.02%)","0.00","0.00","4,747.63","4,741.85","4,748.12","4,763.00","4,747.85"
"Wed 22 Apr '26   15:00","4,736.05","4,740.23","4,725.06","4,727.69","−8.36 (−0.18%)","0.00","1.00","4,749.62","4,745.12","4,750.06","4,764.40","4,749.12"
"Wed 22 Apr '26   14:00","4,753.01","4,757.51","4,730.11","4,736.05","−16.96 (−0.36%)","0.00","0.00","4,751.92","4,749.48","4,752.30","4,765.90","4,751.02"
"Wed 22 Apr '26   13:00","4,744.30","4,760.91","4,736.49","4,753.01","+8.72 (+0.18%)","0.00","0.00","4,753.60","4,752.84","4,753.92","4,767.11","4,752.67"
"Wed 22 Apr '26   12:00","4,750.42","4,759.82","4,742.93","4,744.29","−6.13 (−0.13%)","0.00","0.00","4,753.66","4,752.80","4,754.01","4,767.69","4,752.62"
"Wed 22 Apr '26   11:00","4,759.33","4,760.79","4,747.93","4,750.42","−8.84 (−0.19%)","0.00","0.00","4,754.64","4,754.92","4,754.98","4,768.65","4,753.40"
"Wed 22 Apr '26   10:00","4,755.27","4,760.12","4,745.86","4,759.26","+3.99 (+0.08%)","0.00","0.00","4,755.09","4,756.05","4,755.44","4,769.39","4,753.64"
"Wed 22 Apr '26   09:00","4,757.15","4,762.49","4,752.53","4,755.27","−1.88 (−0.04%)","0.00","0.00","4,754.65","4,755.24","4,755.06","4,769.80","4,753.16"
"Wed 22 Apr '26   08:00","4,760.62","4,762.32","4,751.95","4,757.15","−3.46 (−0.07%)","0.00","0.00","4,754.58","4,755.24","4,755.04","4,770.40","4,752.97"
"Wed 22 Apr '26   07:00","4,767.77","4,772.38","4,759.63","4,760.61","−7.16 (−0.15%)","0.00","0.00","4,754.31","4,754.76","4,754.83","4,770.94","4,752.51"
"Wed 22 Apr '26   06:00","4,767.80","4,767.87","4,758.87","4,767.77","−0.01 (−0.00%)","0.00","0.00","4,753.65","4,753.30","4,754.25","4,771.36","4,751.56"
"Wed 22 Apr '26   05:00","4,754.65","4,772.08","4,752.17","4,767.78","+13.13 (+0.28%)","0.00","0.00","4,752.16","4,749.68","4,752.90","4,771.51","4,749.38"
"Wed 22 Apr '26   04:00","4,758.22","4,759.67","4,752.29","4,754.65","−3.57 (−0.08%)","0.00","0.00","4,750.52","4,745.15","4,751.41","4,771.66","4,746.14"
"Wed 22 Apr '26   03:00","4,755.78","4,765.03","4,753.02","4,758.22","+2.44 (+0.05%)","0.00","0.00","4,750.08","4,742.78","4,751.08","4,772.35","4,745.16"
"Wed 22 Apr '26   02:00","4,752.26","4,758.76","4,750.16","4,755.78","+3.52 (+0.07%)","0.00","0.00","4,749.23","4,738.92","4,750.37","4,772.93","4,742.83"
"Wed 22 Apr '26   01:00","4,740.02","4,754.71","4,735.96","4,752.26","+12.29 (+0.26%)","0.00","0.00","4,748.54","4,734.70","4,749.83","4,773.63","4,739.77"
"Wed 22 Apr '26   00:00","4,738.08","4,747.41","4,738.08","4,739.97","+1.89 (+0.04%)","0.00","0.00","4,748.15","4,730.31","4,749.59","4,774.50","4,733.48"
"Tue 21 Apr '26   23:00","4,719.59","4,740.58","4,718.13","4,738.08","+18.50 (+0.39%)","0.00","0.00","4,749.01","4,727.89","4,750.55","4,775.91","4,729.23"
"Tue 21 Apr '26   22:00","4,722.08","4,729.59","4,715.65","4,719.58","+0.76 (+0.02%)","0.00","0.00","4,750.16","4,725.35","4,751.79","4,777.45","4,719.58"
"Tue 21 Apr '26   20:00","4,679.36","4,719.39","4,669.01","4,718.82","+39.44 (+0.84%)","1.00","0.00","4,753.38","4,726.79","4,755.02","4,779.82","4,761.87"
"Tue 21 Apr '26   19:00","4,709.43","4,715.15","4,668.33","4,679.38","−30.01 (−0.64%)","0.00","0.00","4,757.01","4,728.78","4,758.63","4,782.31","4,763.93"
"Tue 21 Apr '26   18:00","4,711.15","4,714.80","4,692.46","4,709.39","−1.81 (−0.04%)","0.00","0.00","4,765.18","4,741.13","4,766.56","4,786.51","4,769.81"
"Tue 21 Apr '26   17:00","4,711.18","4,722.15","4,697.04","4,711.20","+0.03 (+0.00%)","0.00","0.00","4,771.06","4,749.07","4,772.28","4,789.65","4,773.69"
"Tue 21 Apr '26   16:00","4,741.63","4,746.79","4,708.32","4,711.17","−30.50 (−0.64%)","0.00","0.00","4,777.36","4,758.53","4,778.38","4,792.86","4,778.64"
"Tue 21 Apr '26   15:00","4,739.13","4,757.56","4,727.80","4,741.67","+2.60 (+0.05%)","0.00","0.00","4,784.33","4,770.37","4,785.11","4,796.19","4,784.00"
"Tue 21 Apr '26   14:00","4,779.14","4,782.60","4,723.64","4,739.07","−40.07 (−0.84%)","0.00","0.00","4,788.82","4,777.55","4,789.45","4,798.42","4,788.37"
"Tue 21 Apr '26   13:00","4,778.85","4,794.38","4,761.29","4,779.14","+0.28 (+0.01%)","0.00","0.00","4,794.05","4,787.17","4,794.49","4,800.84","4,793.93"
"Tue 21 Apr '26   12:00","4,794.65","4,796.99","4,766.80","4,778.86","−15.81 (−0.33%)","0.00","0.00","4,795.62","4,789.17","4,796.02","4,801.72","4,795.72"
"Tue 21 Apr '26   11:00","4,789.80","4,798.01","4,775.34","4,794.67","+4.87 (+0.10%)","0.00","0.00","4,797.39","4,791.75","4,797.74","4,802.66","4,797.48"
"Tue 21 Apr '26   10:00","4,783.81","4,790.46","4,780.79","4,789.80","+6.07 (+0.13%)","0.00","0.00","4,797.67","4,791.02","4,798.05","4,802.98","4,797.72"
"Tue 21 Apr '26   09:00","4,786.00","4,789.63","4,781.24","4,783.73","−2.27 (−0.05%)","0.00","0.00","4,798.50","4,791.33","4,798.87","4,803.52","4,798.25"
"Tue 21 Apr '26   08:00","4,785.91","4,792.97","4,774.84","4,786.00","−0.04 (−0.00%)","0.00","0.00","4,800.06","4,793.23","4,800.38","4,804.33","4,799.55"
"Tue 21 Apr '26   07:00","4,778.72","4,792.70","4,772.77","4,786.04","+7.23 (+0.15%)","0.00","0.00","4,801.54","4,795.04","4,801.82","4,805.08","4,801.12"
"Tue 21 Apr '26   06:00","4,784.14","4,790.81","4,774.72","4,778.81","−5.33 (−0.11%)","0.00","0.00","4,803.17","4,797.28","4,803.40","4,805.85","4,803.14"
"Tue 21 Apr '26   05:00","4,789.29","4,796.99","4,783.25","4,784.14","−5.10 (−0.11%)","0.00","0.00","4,805.73","4,801.90","4,805.86","4,806.96","4,807.50"
"Tue 21 Apr '26   04:00","4,797.16","4,797.92","4,788.83","4,789.24","−7.92 (−0.17%)","0.00","1.00","4,808.00","4,806.34","4,808.03","4,807.89","4,811.40"
"Tue 21 Apr '26   03:00","4,806.89","4,807.66","4,792.69","4,797.16","−9.69 (−0.20%)","0.00","0.00","4,809.98","4,810.62","4,809.91","4,808.65","4,813.94"
"Tue 21 Apr '26   02:00","4,810.23","4,810.44","4,802.62","4,806.85","−3.38 (−0.07%)","0.00","0.00","4,811.33","4,813.99","4,811.19","4,809.12","4,817.34"
"Tue 21 Apr '26   01:00","4,824.14","4,824.68","4,805.85","4,810.23","−13.90 (−0.29%)","0.00","0.00","4,811.80","4,815.77","4,811.62","4,809.21","4,820.13"
"Tue 21 Apr '26   00:00","4,821.83","4,830.82","4,816.97","4,824.13","+2.31 (+0.05%)","0.00","0.00","4,811.96","4,817.15","4,811.76","4,809.17","4,824.83"
"Mon 20 Apr '26   23:00","4,827.72","4,831.80","4,819.90","4,821.82","−5.93 (−0.12%)","0.00","0.00","4,810.68","4,815.41","4,810.52","4,808.56","4,825.33"
"Mon 20 Apr '26   22:00","4,824.16","4,833.16","4,820.72","4,827.75","+7.10 (+0.15%)","0.00","0.00","4,809.51","4,813.81","4,809.39","4,808.02","4,827.75"
"Mon 20 Apr '26   20:00","4,814.31","4,821.96","4,812.25","4,820.65","+6.34 (+0.13%)","0.00","0.00","4,807.59","4,810.32","4,807.56","4,807.21","4,798.02"
"Mon 20 Apr '26   19:00","4,814.15","4,821.51","4,810.45","4,814.31","+0.17 (+0.00%)","0.00","0.00","4,806.22","4,807.74","4,806.25","4,806.66","4,797.57"
"Mon 20 Apr '26   18:00","4,806.90","4,816.57","4,806.90","4,814.14","+7.28 (+0.15%)","0.00","0.00","4,805.36","4,806.10","4,805.44","4,806.35","4,796.94"
"Mon 20 Apr '26   17:00","4,805.59","4,812.08","4,803.91","4,806.86","+1.24 (+0.03%)","0.00","0.00","4,804.44","4,804.09","4,804.57","4,806.03","4,796.21"
"Mon 20 Apr '26   16:00","4,799.79","4,806.45","4,792.84","4,805.62","+5.83 (+0.12%)","0.00","0.00","4,804.19","4,803.39","4,804.34","4,806.00","4,795.67"
"Mon 20 Apr '26   15:00","4,805.34","4,809.46","4,792.88","4,799.79","−5.61 (−0.12%)","0.00","0.00","4,804.03","4,802.84","4,804.21","4,806.02","4,795.10"
"Mon 20 Apr '26   14:00","4,817.92","4,827.63","4,792.80","4,805.40","−12.48 (−0.26%)","0.00","0.00","4,804.48","4,803.60","4,804.66","4,806.27","4,794.72"
"Mon 20 Apr '26   13:00","4,803.45","4,826.34","4,799.74","4,817.88","+14.43 (+0.30%)","0.00","0.00","4,804.38","4,803.15","4,804.58","4,806.31","4,793.69"
"Mon 20 Apr '26   12:00","4,810.51","4,822.30","4,799.13","4,803.45","−7.17 (−0.15%)","0.00","0.00","4,802.96","4,799.46","4,803.25","4,805.83","4,791.24"
"Mon 20 Apr '26   11:00","4,795.89","4,810.84","4,786.62","4,810.62","+14.68 (+0.31%)","0.00","0.00","4,802.91","4,798.47","4,803.23","4,805.93","4,790.21"
"Mon 20 Apr '26   10:00","4,791.55","4,800.93","4,789.89","4,795.94","+4.35 (+0.09%)","0.00","0.00","4,802.10","4,795.43","4,802.49","4,805.74","4,788.63"
"Mon 20 Apr '26   09:00","4,796.24","4,797.97","4,783.49","4,791.59","−4.68 (−0.10%)","0.00","0.00","4,802.75","4,795.30","4,803.15","4,806.14","4,788.13"
"Mon 20 Apr '26   08:00","4,789.72","4,796.27","4,786.11","4,796.27","+6.56 (+0.14%)","0.00","0.00","4,803.92","4,796.23","4,804.30","4,806.73","4,787.84"
"Mon 20 Apr '26   07:00","4,795.45","4,805.80","4,786.99","4,789.71","−5.74 (−0.12%)","0.00","0.00","4,804.73","4,796.21","4,805.11","4,807.16","4,787.03"
"Mon 20 Apr '26   06:00","4,790.90","4,795.46","4,783.90","4,795.45","+4.57 (+0.10%)","0.00","0.00","4,806.31","4,797.84","4,806.65","4,807.87","4,786.70"
"Mon 20 Apr '26   05:00","4,788.98","4,796.06","4,779.61","4,790.88","+1.91 (+0.04%)","0.00","0.00","4,807.45","4,798.44","4,807.77","4,808.38","4,785.49"
"Mon 20 Apr '26   04:00","4,790.90","4,795.80","4,787.30","4,788.97","−1.93 (−0.04%)","0.00","0.00","4,809.20","4,800.33","4,809.46","4,809.09","4,784.71"
"Mon 20 Apr '26   03:00","4,797.22","4,798.34","4,788.80","4,790.90","−6.39 (−0.13%)","0.00","0.00","4,811.33","4,803.17","4,811.51","4,809.92","4,784.31"
"Mon 20 Apr '26   02:00","4,807.85","4,809.11","4,793.19","4,797.29","−10.56 (−0.22%)","0.00","0.00","4,813.48","4,806.23","4,813.57","4,810.69","4,783.37"
"Mon 20 Apr '26   01:00","4,772.47","4,814.37","4,771.37","4,807.85","+35.36 (+0.74%)","1.00","0.00","4,815.18","4,808.47","4,815.19","4,811.24","4,780.18"
"Mon 20 Apr '26   00:00","4,755.25","4,774.43","4,745.03","4,772.49","+17.29 (+0.36%)","0.00","0.00","4,815.96","4,808.62","4,815.93","4,811.38","4,768.91"
"Sun 19 Apr '26   23:00","4,779.30","4,779.48","4,737.11","4,755.20","−24.09 (−0.50%)","0.00","0.00","4,820.53","4,817.66","4,820.27","4,812.96","4,767.00"
"Sun 19 Apr '26   22:00","4,775.64","4,795.20","4,759.41","4,779.29","−53.23 (−1.10%)","0.00","0.00","4,827.41","4,833.27","4,826.78","4,815.32","4,779.29"
"Fri 17 Apr '26   20:00","4,854.58","4,855.28","4,830.68","4,832.52","−22.04 (−0.45%)","0.00","1.00","4,832.47","4,846.77","4,831.53","4,816.79","4,827.92"
"Fri 17 Apr '26   19:00","4,858.22","4,861.29","4,852.83","4,854.56","−3.69 (−0.08%)","0.00","0.00","4,832.47","4,850.33","4,831.43","4,816.15","4,827.74"
"Fri 17 Apr '26   18:00","4,862.58","4,868.04","4,856.00","4,858.25","−4.33 (−0.09%)","0.00","0.00","4,830.14","4,849.27","4,829.12","4,814.58","4,826.33"
"Fri 17 Apr '26   17:00","4,867.00","4,869.53","4,853.85","4,862.58","−4.42 (−0.09%)","0.00","0.00","4,827.18","4,847.03","4,826.20","4,812.80","4,824.43"
"Fri 17 Apr '26   16:00","4,867.48","4,873.41","4,863.69","4,867.00","−0.48 (−0.01%)","0.00","0.00","4,823.46","4,843.14","4,822.56","4,810.77","4,821.89"
"Fri 17 Apr '26   15:00","4,873.17","4,880.55","4,854.95","4,867.48","−5.64 (−0.12%)","0.00","0.00","4,818.87","4,837.17","4,818.12","4,808.47","4,818.84"
"Fri 17 Apr '26   14:00","4,880.35","4,885.52","4,860.80","4,873.12","−7.24 (−0.15%)","0.00","0.00","4,813.76","4,829.59","4,813.19","4,806.07","4,814.25"
"Fri 17 Apr '26   13:00","4,846.35","4,889.43","4,835.07","4,880.36","+33.88 (+0.70%)","0.00","0.00","4,807.51","4,818.71","4,807.19","4,803.33","4,807.69"
"Fri 17 Apr '26   12:00","4,799.24","4,847.71","4,797.75","4,846.48","+47.28 (+0.99%)","1.00","0.00","4,799.84","4,803.30","4,799.87","4,800.18","4,797.23"
"Fri 17 Apr '26   11:00","4,787.44","4,811.75","4,783.58","4,799.20","+11.77 (+0.25%)","0.00","0.00","4,794.93","4,792.51","4,795.21","4,798.29","4,791.50"
"Fri 17 Apr '26   10:00","4,790.42","4,794.01","4,782.36","4,787.43","−2.99 (−0.06%)","0.00","0.00","4,794.48","4,790.83","4,794.82","4,798.26","4,790.87"
"Fri 17 Apr '26   09:00","4,795.98","4,800.98","4,790.02","4,790.42","−5.55 (−0.12%)","0.00","0.00","4,795.22","4,791.68","4,795.55","4,798.70","4,791.14"
"Fri 17 Apr '26   08:00","4,784.31","4,797.01","4,780.90","4,795.97","+11.64 (+0.24%)","0.00","0.00","4,795.73","4,792.00","4,796.07","4,799.04","4,791.21"
"Fri 17 Apr '26   07:00","4,784.99","4,794.78","4,778.83","4,784.33","−0.69 (−0.01%)","0.00","0.00","4,795.70","4,791.01","4,796.08","4,799.16","4,790.71"
"Fri 17 Apr '26   06:00","4,794.31","4,795.31","4,779.35","4,785.02","−9.29 (−0.19%)","0.00","0.00","4,796.90","4,792.68","4,797.25","4,799.77","4,791.47"
"Fri 17 Apr '26   05:00","4,803.09","4,806.26","4,793.80","4,794.31","−8.93 (−0.19%)","0.00","0.00","4,798.15","4,794.59","4,798.48","4,800.37","4,792.53"
"Fri 17 Apr '26   04:00","4,793.34","4,804.55","4,792.63","4,803.24","+9.89 (+0.21%)","0.00","0.00","4,798.56","4,794.66","4,798.89","4,800.62","4,792.24"
"Fri 17 Apr '26   03:00","4,784.75","4,798.03","4,784.66","4,793.35","+8.60 (+0.18%)","0.00","0.00","4,798.06","4,792.51","4,798.46","4,800.51","4,791.10"
"Fri 17 Apr '26   02:00","4,789.48","4,794.70","4,784.52","4,784.75","−4.76 (−0.10%)","0.00","0.00","4,798.56","4,792.31","4,798.97","4,800.80","4,790.69"
"Fri 17 Apr '26   01:00","4,794.87","4,795.47","4,767.80","4,789.51","−5.36 (−0.11%)","0.00","0.00","4,800.01","4,794.19","4,800.39","4,801.46","4,792.29"
"Fri 17 Apr '26   00:00","4,791.59","4,801.20","4,785.96","4,794.87","+3.16 (+0.07%)","0.00","0.00","4,801.12","4,795.37","4,801.48","4,801.95","4,794.11"
"Thu 16 Apr '26   23:00","4,795.36","4,797.94","4,791.71","4,791.71","−3.66 (−0.08%)","0.00","0.00","4,801.78","4,795.49","4,802.14","4,802.23","4,793.56"
"Thu 16 Apr '26   22:00","4,792.02","4,797.95","4,790.91","4,795.37","+5.29 (+0.11%)","0.00","0.00","4,802.84","4,796.43","4,803.18","4,802.66","4,795.37"
"Thu 16 Apr '26   20:00","4,793.61","4,793.86","4,786.46","4,790.08","−3.64 (−0.08%)","0.00","0.00","4,803.62","4,796.70","4,803.96","4,802.96","4,808.80"
"Thu 16 Apr '26   19:00","4,789.73","4,798.68","4,789.64","4,793.72","+4.00 (+0.08%)","0.00","0.00","4,805.05","4,798.36","4,805.35","4,803.49","4,809.16"
"Thu 16 Apr '26   18:00","4,789.35","4,794.21","4,785.85","4,789.72","+0.37 (+0.01%)","0.00","0.00","4,806.24","4,799.51","4,806.51","4,803.89","4,809.93"
"Thu 16 Apr '26   17:00","4,792.06","4,795.41","4,781.38","4,789.35","−2.68 (−0.06%)","0.00","0.00","4,807.98","4,801.96","4,808.19","4,804.46","4,811.21"
"Thu 16 Apr '26   16:00","4,807.10","4,810.04","4,785.22","4,792.03","−15.06 (−0.31%)","0.00","0.00","4,809.94","4,805.12","4,810.08","4,805.08","4,812.76"
"Thu 16 Apr '26   15:00","4,788.76","4,813.06","4,788.27","4,807.09","+18.34 (+0.38%)","0.00","0.00","4,811.83","4,808.39","4,811.88","4,805.61","4,814.28"
"Thu 16 Apr '26   14:00","4,794.86","4,805.42","4,773.13","4,788.75","−6.10 (−0.13%)","0.00","0.00","4,812.33","4,808.71","4,812.36","4,805.55","4,814.92"
"Thu 16 Apr '26   13:00","4,816.24","4,823.98","4,784.70","4,794.85","−21.36 (−0.44%)","0.00","1.00","4,814.81","4,813.70","4,814.72","4,806.24","4,817.89"
"Thu 16 Apr '26   12:00","4,822.27","4,823.15","4,811.68","4,816.21","−5.95 (−0.12%)","0.00","0.00","4,816.91","4,818.41","4,816.71","4,806.70","4,820.43"
"Thu 16 Apr '26   11:00","4,817.24","4,822.50","4,815.61","4,822.16","+4.92 (+0.10%)","0.00","0.00","4,816.98","4,818.97","4,816.76","4,806.32","4,820.78"
"Thu 16 Apr '26   10:00","4,812.91","4,817.27","4,805.21","4,817.24","+4.34 (+0.09%)","0.00","0.00","4,816.44","4,818.17","4,816.22","4,805.67","4,820.68"
"Thu 16 Apr '26   09:00","4,813.80","4,818.04","4,806.91","4,812.90","−0.89 (−0.02%)","0.00","0.00","4,816.36","4,818.40","4,816.12","4,805.20","4,820.96"
"Thu 16 Apr '26   08:00","4,821.14","4,821.96","4,806.62","4,813.79","−7.31 (−0.15%)","0.00","0.00","4,816.72","4,819.77","4,816.44","4,804.88","4,821.68"
"Thu 16 Apr '26   07:00","4,826.07","4,830.95","4,817.25","4,821.10","−4.97 (−0.10%)","0.00","0.00","4,817.03","4,821.27","4,816.71","4,804.52","4,822.61"
"Thu 16 Apr '26   06:00","4,821.33","4,830.59","4,814.55","4,826.07","+4.69 (+0.10%)","0.00","0.00","4,816.60","4,821.31","4,816.27","4,803.84","4,822.81"
"Thu 16 Apr '26   05:00","4,833.15","4,838.33","4,821.12","4,821.38","−11.76 (−0.24%)","0.00","0.00","4,815.60","4,820.12","4,815.29","4,802.94","4,822.21"
"Thu 16 Apr '26   04:00","4,824.15","4,833.51","4,822.81","4,833.14","+9.01 (+0.19%)","0.00","0.00","4,814.99","4,819.81","4,814.68","4,802.18","4,822.35"
"Thu 16 Apr '26   03:00","4,819.76","4,827.14","4,819.10","4,824.13","+4.36 (+0.09%)","0.00","0.00","4,813.08","4,816.47","4,812.83","4,800.92","4,821.18"
"Thu 16 Apr '26   02:00","4,818.01","4,825.02","4,812.49","4,819.77","+1.73 (+0.04%)","0.00","0.00","4,811.92","4,814.56","4,811.70","4,799.97","4,820.68"
"Thu 16 Apr '26   01:00","4,833.20","4,836.42","4,811.31","4,818.04","−15.17 (−0.31%)","0.00","0.00","4,811.09","4,813.26","4,810.89","4,799.16","4,820.95"
"Thu 16 Apr '26   00:00","4,823.46","4,837.73","4,820.96","4,833.21","+9.74 (+0.20%)","1.00","0.00","4,810.36","4,812.06","4,810.18","4,798.39","4,822.53"
"Wed 15 Apr '26   23:00","4,807.60","4,826.71","4,807.51","4,823.47","+15.87 (+0.33%)","0.00","0.00","4,807.96","4,806.78","4,807.87","4,796.97","4,815.52"
"Wed 15 Apr '26   22:00","4,793.89","4,811.95","4,790.93","4,807.60","+16.40 (+0.34%)","0.00","0.00","4,806.33","4,802.60","4,806.31","4,795.89","4,807.60"
"Wed 15 Apr '26   20:00","4,795.85","4,796.66","4,787.89","4,791.20","−4.64 (−0.10%)","0.00","0.00","4,806.19","4,801.35","4,806.19","4,795.41","4,814.58"
"Wed 15 Apr '26   19:00","4,799.70","4,803.48","4,794.56","4,795.84","−3.81 (−0.08%)","0.00","0.00","4,807.77","4,803.89","4,807.68","4,795.59","4,815.09"
"Wed 15 Apr '26   18:00","4,792.65","4,802.14","4,790.24","4,799.65","+6.99 (+0.15%)","0.00","0.00","4,809.03","4,805.90","4,808.87","4,795.57","4,815.96"
"Wed 15 Apr '26   17:00","4,803.93","4,808.80","4,790.88","4,792.66","−11.29 (−0.24%)","0.00","0.00","4,810.01","4,807.47","4,809.79","4,795.41","4,816.80"
"Wed 15 Apr '26   16:00","4,801.71","4,812.65","4,800.18","4,803.95","+2.26 (+0.05%)","0.00","0.00","4,811.84","4,811.17","4,811.50","4,795.52","4,818.13"
"Wed 15 Apr '26   15:00","4,815.68","4,816.19","4,786.99","4,801.69","−13.89 (−0.29%)","0.00","0.00","4,812.67","4,812.97","4,812.26","4,795.18","4,819.03"
"Wed 15 Apr '26   14:00","4,828.97","4,830.56","4,813.51","4,815.58","−13.37 (−0.28%)","0.00","0.00","4,813.82","4,815.79","4,813.32","4,794.91","4,820.42"
"Wed 15 Apr '26   13:00","4,811.68","4,830.22","4,808.63","4,828.95","+17.27 (+0.36%)","0.00","0.00","4,813.64","4,815.85","4,813.09","4,794.07","4,820.85"
"Wed 15 Apr '26   12:00","4,812.63","4,816.24","4,807.08","4,811.68","−0.96 (−0.02%)","0.00","0.00","4,812.03","4,812.57","4,811.50","4,792.64","4,820.03"
"Wed 15 Apr '26   11:00","4,800.02","4,815.02","4,795.57","4,812.64","+12.65 (+0.26%)","0.00","0.00","4,812.07","4,812.79","4,811.49","4,791.87","4,820.65"
"Wed 15 Apr '26   10:00","4,798.16","4,805.28","4,790.58","4,799.99","+1.81 (+0.04%)","0.00","0.00","4,812.00","4,812.83","4,811.37","4,791.02","4,821.29"
"Wed 15 Apr '26   09:00","4,818.44","4,819.58","4,786.37","4,798.18","−20.25 (−0.42%)","0.00","1.00","4,813.27","4,816.04","4,812.51","4,790.65","4,823.35"
"Wed 15 Apr '26   08:00","4,811.09","4,821.43","4,804.68","4,818.43","+7.33 (+0.15%)","0.00","0.00","4,814.86","4,820.51","4,813.94","4,790.34","4,826.18"
"Wed 15 Apr '26   07:00","4,811.71","4,817.01","4,804.05","4,811.10","−0.57 (−0.01%)","0.00","0.00","4,814.48","4,821.03","4,813.49","4,789.20","4,826.96"
"Wed 15 Apr '26   06:00","4,819.67","4,824.98","4,811.22","4,811.67","−8.00 (−0.17%)","0.00","0.00","4,814.84","4,823.51","4,813.73","4,788.30","4,828.94"
"Wed 15 Apr '26   05:00","4,824.92","4,830.54","4,812.71","4,819.67","−5.28 (−0.11%)","0.00","0.00","4,815.17","4,826.47","4,813.94","4,787.35","4,831.54"
"Wed 15 Apr '26   04:00","4,824.09","4,827.78","4,820.48","4,824.95","+0.83 (+0.02%)","0.00","0.00","4,814.70","4,828.17","4,813.37","4,786.03","4,833.52"
"Wed 15 Apr '26   03:00","4,823.94","4,829.61","4,817.03","4,824.12","+0.17 (+0.00%)","0.00","0.00","4,813.62","4,828.98","4,812.21","4,784.44","4,834.33"
"Wed 15 Apr '26   02:00","4,847.14","4,853.47","4,820.75","4,823.95","−23.22 (−0.48%)","0.00","0.00","4,812.51","4,830.19","4,811.02","4,782.82","4,836.10"
"Wed 15 Apr '26   01:00","4,835.56","4,871.44","4,828.21","4,847.17","+11.61 (+0.24%)","0.00","0.00","4,811.31","4,831.76","4,809.72","4,781.15","4,840.19"
"Wed 15 Apr '26   00:00","4,837.33","4,840.06","4,827.18","4,835.56","−1.72 (−0.04%)","0.00","0.00","4,807.53","4,827.90","4,805.98","4,778.45","4,835.99"
"Tue 14 Apr '26   23:00","4,835.12","4,844.11","4,833.73","4,837.28","+2.15 (+0.04%)","0.00","0.00","4,804.58","4,825.99","4,803.02","4,776.12","4,836.25"
"Tue 14 Apr '26   22:00","4,840.31","4,850.85","4,833.39","4,835.13","−5.51 (−0.11%)","0.00","0.00","4,801.14","4,823.17","4,799.59","4,773.62","4,835.13"
"Tue 14 Apr '26   20:00","4,845.03","4,846.30","4,839.62","4,840.64","−4.26 (−0.09%)","0.00","0.00","4,797.56","4,820.17","4,796.04","4,771.11","4,789.95"
"Tue 14 Apr '26   19:00","4,835.71","4,846.28","4,835.71","4,844.90","+9.18 (+0.19%)","0.00","0.00","4,793.03","4,815.06","4,791.58","4,768.27","4,789.00"
"Tue 14 Apr '26   18:00","4,835.07","4,843.45","4,831.04","4,835.72","+0.66 (+0.01%)","0.00","0.00","4,787.57","4,807.60","4,786.25","4,765.15","4,786.55"
"Tue 14 Apr '26   17:00","4,810.16","4,841.52","4,809.50","4,835.06","+24.90 (+0.52%)","0.00","0.00","4,782.50","4,800.57","4,781.30","4,762.27","4,784.04"
"Tue 14 Apr '26   16:00","4,808.17","4,820.26","4,805.01","4,810.16","+2.02 (+0.04%)","0.00","0.00","4,776.97","4,791.94","4,775.93","4,759.30","4,781.00"
"Tue 14 Apr '26   15:00","4,803.94","4,816.18","4,791.24","4,808.14","+4.20 (+0.09%)","0.00","0.00","4,773.48","4,787.39","4,772.50","4,757.22","4,779.13"
"Tue 14 Apr '26   14:00","4,794.67","4,817.96","4,793.14","4,803.94","+9.38 (+0.20%)","0.00","0.00","4,769.83","4,782.20","4,768.94","4,755.14","4,776.73"
"Tue 14 Apr '26   13:00","4,771.34","4,803.47","4,771.20","4,794.56","+23.22 (+0.49%)","0.00","0.00","4,766.24","4,776.76","4,765.44","4,753.15","4,774.03"
"Tue 14 Apr '26   12:00","4,775.15","4,777.68","4,762.31","4,771.34","−3.68 (−0.08%)","0.00","0.00","4,763.25","4,772.32","4,762.53","4,751.46","4,771.83"
"Tue 14 Apr '26   11:00","4,768.38","4,783.03","4,766.95","4,775.02","+6.65 (+0.14%)","0.00","0.00","4,762.40","4,772.56","4,761.65","4,750.65","4,771.87"
"Tue 14 Apr '26   10:00","4,778.32","4,788.16","4,752.25","4,768.37","−9.90 (−0.21%)","0.00","0.00","4,761.07","4,771.94","4,760.31","4,749.65","4,771.63"
"Tue 14 Apr '26   09:00","4,786.82","4,789.33","4,771.85","4,778.27","−8.52 (−0.18%)","0.00","0.00","4,760.31","4,772.84","4,759.50","4,748.89","4,771.91"
"Tue 14 Apr '26   08:00","4,777.25","4,789.98","4,774.33","4,786.79","+9.51 (+0.20%)","0.00","0.00","4,758.42","4,771.48","4,757.63","4,747.69","4,771.31"
"Tue 14 Apr '26   07:00","4,782.17","4,796.42","4,767.83","4,777.28","−4.83 (−0.10%)","0.00","0.00","4,755.43","4,767.65","4,754.71","4,746.09","4,769.52"
"Tue 14 Apr '26   06:00","4,760.09","4,783.04","4,760.09","4,782.11","+22.07 (+0.46%)","0.00","0.00","4,753.13","4,765.25","4,752.45","4,744.82","4,768.27"
"Tue 14 Apr '26   05:00","4,774.11","4,774.24","4,758.10","4,760.04","−14.08 (−0.29%)","0.00","0.00","4,750.08","4,761.03","4,749.49","4,743.30","4,766.07"
"Tue 14 Apr '26   04:00","4,768.16","4,776.89","4,767.05","4,774.12","+6.13 (+0.13%)","0.00","0.00","4,749.03","4,761.28","4,748.43","4,742.62","4,767.07"
"Tue 14 Apr '26   03:00","4,775.19","4,775.62","4,765.83","4,767.99","−7.21 (−0.15%)","0.00","0.00","4,746.39","4,758.07","4,745.86","4,741.33","4,766.38"
"Tue 14 Apr '26   02:00","4,764.88","4,777.07","4,762.19","4,775.20","+10.22 (+0.21%)","0.00","0.00","4,744.11","4,755.59","4,743.65","4,740.24","4,766.11"
"Tue 14 Apr '26   01:00","4,769.89","4,776.91","4,761.90","4,764.98","−4.91 (−0.10%)","0.00","0.00","4,740.84","4,750.68","4,740.50","4,738.81","4,763.75"
"Tue 14 Apr '26   00:00","4,757.69","4,775.78","4,751.62","4,769.89","+12.28 (+0.26%)","0.00","0.00","4,738.30","4,747.11","4,738.05","4,737.75","4,763.07"
"Mon 13 Apr '26   23:00","4,758.01","4,765.72","4,754.54","4,757.61","−0.47 (−0.01%)","0.00","0.00","4,734.98","4,741.41","4,734.86","4,736.43","4,757.83"
"Mon 13 Apr '26   22:00","4,745.20","4,759.59","4,744.38","4,758.08","+16.98 (+0.36%)","0.00","0.00","4,732.59","4,737.36","4,732.59","4,735.57","4,758.08"
"Mon 13 Apr '26   20:00","4,741.14","4,744.12","4,738.22","4,741.10","−0.15 (−0.00%)","0.00","0.00","4,729.91","4,732.18","4,730.04","4,734.65","4,718.63"
"Mon 13 Apr '26   19:00","4,738.46","4,747.51","4,730.71","4,741.25","+2.73 (+0.06%)","0.00","0.00","4,728.73","4,729.95","4,728.93","4,734.39","4,718.23"
"Mon 13 Apr '26   18:00","4,730.01","4,740.75","4,723.38","4,738.52","+8.51 (+0.18%)","0.00","0.00","4,727.42","4,727.13","4,727.70","4,734.11","4,717.22"
"Mon 13 Apr '26   17:00","4,733.11","4,750.11","4,725.55","4,730.01","−3.10 (−0.07%)","0.00","0.00","4,726.25","4,724.28","4,726.62","4,733.93","4,716.17"
"Mon 13 Apr '26   16:00","4,714.50","4,746.35","4,709.31","4,733.11","+18.61 (+0.39%)","0.00","0.00","4,725.85","4,722.85","4,726.28","4,734.09","4,715.38"
"Mon 13 Apr '26   15:00","4,719.07","4,719.82","4,700.49","4,714.50","−4.57 (−0.10%)","0.00","0.00","4,725.09","4,720.29","4,725.60","4,734.13","4,714.05"
"Mon 13 Apr '26   14:00","4,730.59","4,731.27","4,708.84","4,719.07","−11.63 (−0.25%)","0.00","0.00","4,726.20","4,721.73","4,726.71","4,734.93","4,714.01"
"Mon 13 Apr '26   13:00","4,723.62","4,744.61","4,721.34","4,730.70","+7.07 (+0.15%)","0.00","0.00","4,726.95","4,722.40","4,727.47","4,735.58","4,713.53"
"Mon 13 Apr '26   12:00","4,706.94","4,725.23","4,703.73","4,723.63","+16.92 (+0.36%)","0.00","0.00","4,726.56","4,720.32","4,727.15","4,735.77","4,711.81"
"Mon 13 Apr '26   11:00","4,722.18","4,729.10","4,703.78","4,706.71","−15.43 (−0.33%)","0.00","0.00","4,726.86","4,719.50","4,727.50","4,736.27","4,710.82"
"Mon 13 Apr '26   10:00","4,714.68","4,723.98","4,708.48","4,722.14","+7.44 (+0.16%)","0.00","0.00","4,728.99","4,722.69","4,729.58","4,737.48","4,711.14"
"Mon 13 Apr '26   09:00","4,723.46","4,728.63","4,710.55","4,714.70","−8.77 (−0.19%)","0.00","0.00","4,729.71","4,722.83","4,730.32","4,738.10","4,710.36"
"Mon 13 Apr '26   08:00","4,733.76","4,738.66","4,720.32","4,723.47","−10.29 (−0.22%)","0.00","0.00","4,731.29","4,724.86","4,731.88","4,739.06","4,710.00"
"Mon 13 Apr '26   07:00","4,725.67","4,740.01","4,724.86","4,733.76","+8.09 (+0.17%)","0.00","0.00","4,732.11","4,725.21","4,732.72","4,739.69","4,708.75"
"Mon 13 Apr '26   06:00","4,729.43","4,732.75","4,720.87","4,725.67","−3.78 (−0.08%)","0.00","0.00","4,731.94","4,723.07","4,732.62","4,739.94","4,705.96"
"Mon 13 Apr '26   05:00","4,723.15","4,730.76","4,716.38","4,729.45","+6.30 (+0.13%)","0.00","0.00","4,732.59","4,722.42","4,733.32","4,740.52","4,703.29"
"Mon 13 Apr '26   04:00","4,718.21","4,724.97","4,708.70","4,723.15","+4.94 (+0.10%)","0.00","0.00","4,732.93","4,720.67","4,733.70","4,740.97","4,699.97"
"Mon 13 Apr '26   03:00","4,720.59","4,723.97","4,712.34","4,718.21","−2.33 (−0.05%)","0.00","0.00","4,733.95","4,720.04","4,734.76","4,741.70","4,697.52"
"Mon 13 Apr '26   02:00","4,721.34","4,727.84","4,711.25","4,720.54","−0.76 (−0.02%)","0.00","0.00","4,735.61","4,720.50","4,736.41","4,742.66","4,694.67"
"Mon 13 Apr '26   01:00","4,695.69","4,728.11","4,693.80","4,721.30","+25.68 (+0.55%)","1.00","0.00","4,737.20","4,720.49","4,738.00","4,743.56","4,688.68"
"Mon 13 Apr '26   00:00","4,671.44","4,698.71","4,664.68","4,695.62","+24.17 (+0.52%)","0.00","0.00","4,738.87","4,720.29","4,739.67","4,744.47","4,674.78"
"Sun 12 Apr '26   23:00","4,659.14","4,671.86","4,644.41","4,671.45","+12.31 (+0.26%)","0.00","0.00","4,743.43","4,726.46","4,744.08","4,746.46","4,664.55"
"Sun 12 Apr '26   22:00","4,636.22","4,694.38","4,636.17","4,659.14","−90.31 (−1.90%)","0.00","0.00","4,751.00","4,740.21","4,751.34","4,749.52","4,659.14"
"Fri 10 Apr '26   20:00","4,759.78","4,759.97","4,741.08","4,749.45","−10.33 (−0.22%)","0.00","0.00","4,760.67","4,760.48","4,760.56","4,753.21","4,761.47"
"Fri 10 Apr '26   19:00","4,765.27","4,770.43","4,758.29","4,759.78","−5.52 (−0.12%)","0.00","0.00","4,761.85","4,763.24","4,761.67","4,753.37","4,761.82"
"Fri 10 Apr '26   18:00","4,760.32","4,773.21","4,751.04","4,765.30","+4.93 (+0.10%)","0.00","0.00","4,762.07","4,764.11","4,761.86","4,753.11","4,761.91"
"Fri 10 Apr '26   17:00","4,763.83","4,768.62","4,758.18","4,760.37","−3.46 (−0.07%)","0.00","0.00","4,761.73","4,763.81","4,761.51","4,752.61","4,761.74"
"Fri 10 Apr '26   16:00","4,762.16","4,766.13","4,747.52","4,763.83","+1.51 (+0.03%)","0.00","0.00","4,761.87","4,764.67","4,761.63","4,752.29","4,761.82"
"Fri 10 Apr '26   15:00","4,774.76","4,787.36","4,755.34","4,762.32","−12.49 (−0.26%)","0.00","0.00","4,761.67","4,764.88","4,761.41","4,751.82","4,761.66"
"Fri 10 Apr '26   14:00","4,775.03","4,795.03","4,767.40","4,774.81","−0.23 (−0.00%)","0.00","0.00","4,761.60","4,765.52","4,761.32","4,751.39","4,761.60"
"Fri 10 Apr '26   13:00","4,771.93","4,780.29","4,765.18","4,775.04","+3.11 (+0.07%)","0.00","0.00","4,760.21","4,763.19","4,759.97","4,750.43","4,760.22"
"Fri 10 Apr '26   12:00","4,768.22","4,782.47","4,759.88","4,771.93","+3.73 (+0.08%)","0.00","0.00","4,758.65","4,760.23","4,758.46","4,749.43","4,758.59"
"Fri 10 Apr '26   11:00","4,757.16","4,768.82","4,753.35","4,768.20","+11.00 (+0.23%)","0.00","0.00","4,757.25","4,757.31","4,757.11","4,748.51","4,757.20"
"Fri 10 Apr '26   10:00","4,751.59","4,760.72","4,742.40","4,757.20","+5.62 (+0.12%)","0.00","0.00","4,756.10","4,754.58","4,756.00","4,747.71","4,756.39"
"Fri 10 Apr '26   09:00","4,740.73","4,760.82","4,740.58","4,751.58","+10.88 (+0.23%)","0.00","0.00","4,755.98","4,753.93","4,755.88","4,747.32","4,756.33"
"Fri 10 Apr '26   08:00","4,749.61","4,753.31","4,730.86","4,740.70","−8.91 (−0.19%)","0.00","0.00","4,756.44","4,754.51","4,756.32","4,747.15","4,756.83"
"Fri 10 Apr '26   07:00","4,746.05","4,757.55","4,741.28","4,749.61","+3.45 (+0.07%)","0.00","0.00","4,758.10","4,757.97","4,757.88","4,747.41","4,758.71"
"Fri 10 Apr '26   06:00","4,765.93","4,765.95","4,742.92","4,746.16","−19.77 (−0.41%)","0.00","1.00","4,758.99","4,760.06","4,758.70","4,747.32","4,759.81"
"Fri 10 Apr '26   05:00","4,758.59","4,769.23","4,757.45","4,765.93","+7.34 (+0.15%)","0.00","0.00","4,760.35","4,763.53","4,759.96","4,747.37","4,762.18"
"Fri 10 Apr '26   04:00","4,766.60","4,770.81","4,757.93","4,758.59","−8.01 (−0.17%)","0.00","0.00","4,759.76","4,762.93","4,759.36","4,746.61","4,761.67"
"Fri 10 Apr '26   03:00","4,753.13","4,769.60","4,752.88","4,766.60","+13.47 (+0.28%)","0.00","0.00","4,759.88","4,764.01","4,759.44","4,746.12","4,762.01"
"Fri 10 Apr '26   02:00","4,764.61","4,765.44","4,738.12","4,753.13","−11.43 (−0.24%)","0.00","0.00","4,759.17","4,763.37","4,758.72","4,745.29","4,761.07"
"Fri 10 Apr '26   01:00","4,762.92","4,777.10","4,757.96","4,764.56","+1.62 (+0.03%)","0.00","0.00","4,759.81","4,765.93","4,759.28","4,744.97","4,763.92"
"Fri 10 Apr '26   00:00","4,763.76","4,763.84","4,750.76","4,762.94","−0.83 (−0.02%)","0.00","0.00","4,759.31","4,766.27","4,758.75","4,744.17","4,763.55"
"Thu 09 Apr '26   23:00","4,764.21","4,764.32","4,756.94","4,763.77","−0.47 (−0.01%)","0.00","0.00","4,758.93","4,767.10","4,758.33","4,743.40","4,764.02"
"Thu 09 Apr '26   22:00","4,768.13","4,780.22","4,758.78","4,764.24","−0.75 (−0.02%)","0.00","0.00","4,758.42","4,767.93","4,757.79","4,742.57","4,764.24"
"Thu 09 Apr '26   20:00","4,768.96","4,773.41","4,760.96","4,764.99","−3.87 (−0.08%)","0.00","0.00","4,757.80","4,768.86","4,757.14","4,741.68","4,746.54"
"Thu 09 Apr '26   19:00","4,772.13","4,782.66","4,767.08","4,768.86","−3.27 (−0.07%)","0.00","0.00","4,757.05","4,769.83","4,756.36","4,740.73","4,746.13"
"Thu 09 Apr '26   18:00","4,797.86","4,798.19","4,767.94","4,772.13","−25.71 (−0.54%)","0.00","0.00","4,755.80","4,770.07","4,755.11","4,739.58","4,745.01"
"Thu 09 Apr '26   17:00","4,788.94","4,801.19","4,786.78","4,797.84","+8.94 (+0.19%)","0.00","0.00","4,754.09","4,769.55","4,753.41","4,738.26","4,743.32"
"Thu 09 Apr '26   16:00","4,792.83","4,801.03","4,784.51","4,788.90","−3.92 (−0.08%)","0.00","0.00","4,749.48","4,762.48","4,748.96","4,735.82","4,740.25"
"Thu 09 Apr '26   15:00","4,768.65","4,797.96","4,761.15","4,792.82","+24.17 (+0.51%)","0.00","0.00","4,745.33","4,755.87","4,744.97","4,733.66","4,736.90"
"Thu 09 Apr '26   14:00","4,764.50","4,776.35","4,747.30","4,768.65","+4.20 (+0.09%)","0.00","0.00","4,740.33","4,746.64","4,740.19","4,731.24","4,731.99"
"Thu 09 Apr '26   13:00","4,746.00","4,777.13","4,738.78","4,764.45","+18.44 (+0.39%)","1.00","0.00","4,737.35","4,741.14","4,737.34","4,729.72","4,728.41"
"Thu 09 Apr '26   12:00","4,756.59","4,759.63","4,735.10","4,746.01","−10.58 (−0.22%)","0.00","0.00","4,734.50","4,735.31","4,734.63","4,728.30","4,724.66"
"Thu 09 Apr '26   11:00","4,741.16","4,757.41","4,738.47","4,756.59","+15.45 (+0.33%)","0.00","0.00","4,733.29","4,732.63","4,733.49","4,727.58","4,722.84"
"Thu 09 Apr '26   10:00","4,729.31","4,746.75","4,723.72","4,741.14","+11.83 (+0.25%)","0.00","0.00","4,730.83","4,726.64","4,731.18","4,726.39","4,720.48"
"Thu 09 Apr '26   09:00","4,726.23","4,733.34","4,723.00","4,729.31","+3.07 (+0.06%)","0.00","0.00","4,729.75","4,723.02","4,730.19","4,725.79","4,718.88"
"Thu 09 Apr '26   08:00","4,724.46","4,733.13","4,719.90","4,726.24","+1.78 (+0.04%)","0.00","0.00","4,729.80","4,721.44","4,730.27","4,725.65","4,718.04"
"Thu 09 Apr '26   07:00","4,712.59","4,731.44","4,705.82","4,724.46","+11.88 (+0.25%)","0.00","0.00","4,730.17","4,720.24","4,730.68","4,725.62","4,717.24"
"Thu 09 Apr '26   06:00","4,713.18","4,725.42","4,703.59","4,712.58","−0.63 (−0.01%)","0.00","0.00","4,730.77","4,719.19","4,731.30","4,725.67","4,716.23"
"Thu 09 Apr '26   05:00","4,720.86","4,726.58","4,705.85","4,713.21","−7.65 (−0.16%)","0.00","0.00","4,732.69","4,720.84","4,733.17","4,726.20","4,716.79"
"Thu 09 Apr '26   04:00","4,711.52","4,725.46","4,709.80","4,720.86","+9.33 (+0.20%)","0.00","0.00","4,734.74","4,722.75","4,735.17","4,726.73","4,717.34"
"Thu 09 Apr '26   03:00","4,719.10","4,720.28","4,705.32","4,711.53","−7.59 (−0.16%)","0.00","0.00","4,736.20","4,723.22","4,736.60","4,726.97","4,716.96"
"Thu 09 Apr '26   02:00","4,727.37","4,732.95","4,717.54","4,719.12","−8.23 (−0.17%)","0.00","0.00","4,738.79","4,726.14","4,739.10","4,727.60","4,717.94"
"Thu 09 Apr '26   01:00","4,706.85","4,728.25","4,699.68","4,727.35","+20.50 (+0.44%)","0.00","0.00","4,740.86","4,727.90","4,741.10","4,727.95","4,717.64"
"Thu 09 Apr '26   00:00","4,715.74","4,719.13","4,698.60","4,706.85","−8.88 (−0.19%)","0.00","0.00","4,742.29","4,728.04","4,742.48","4,727.97","4,712.72"
"Wed 08 Apr '26   23:00","4,717.70","4,720.04","4,705.48","4,715.73","−1.98 (−0.04%)","0.00","0.00","4,746.02","4,733.33","4,746.04","4,728.84","4,716.75"
"Wed 08 Apr '26   22:00","4,724.16","4,733.14","4,704.80","4,717.71","−1.90 (−0.04%)","0.00","0.00","4,749.20","4,737.73","4,749.07","4,729.37","4,717.71"
"Wed 08 Apr '26   20:00","4,730.73","4,732.26","4,717.25","4,719.61","−11.05 (−0.23%)","0.00","0.00","4,752.52","4,742.74","4,752.21","4,729.85","4,783.32"
"Wed 08 Apr '26   19:00","4,705.21","4,731.87","4,699.58","4,730.66","+25.32 (+0.54%)","0.00","0.00","4,755.98","4,748.52","4,755.46","4,730.26","4,784.70"
"Wed 08 Apr '26   18:00","4,734.08","4,744.50","4,703.83","4,705.34","−28.68 (−0.61%)","0.00","0.00","4,758.65","4,752.99","4,757.95","4,730.25","4,787.47"
"Wed 08 Apr '26   17:00","4,760.54","4,764.39","4,731.59","4,734.02","−26.51 (−0.56%)","0.00","0.00","4,764.26","4,764.90","4,763.21","4,731.27","4,792.24"
"Wed 08 Apr '26   16:00","4,756.50","4,765.61","4,745.54","4,760.53","+4.03 (+0.08%)","0.00","0.00","4,767.44","4,772.62","4,766.12","4,731.15","4,795.41"
"Wed 08 Apr '26   15:00","4,736.14","4,763.16","4,734.29","4,756.50","+20.39 (+0.43%)","0.00","0.00","4,768.17","4,775.64","4,766.68","4,729.95","4,797.36"
"Wed 08 Apr '26   14:00","4,777.35","4,792.09","4,732.28","4,736.11","−41.35 (−0.87%)","0.00","0.00","4,769.40","4,780.43","4,767.70","4,728.87","4,800.24"
"Wed 08 Apr '26   13:00","4,799.63","4,806.70","4,768.32","4,777.46","−22.17 (−0.46%)","0.00","1.00","4,772.90","4,791.50","4,770.86","4,728.57","4,805.96"
"Wed 08 Apr '26   12:00","4,798.49","4,807.30","4,768.41","4,799.63","+1.08 (+0.02%)","0.00","0.00","4,772.42","4,795.02","4,770.20","4,726.58","4,808.48"
"Wed 08 Apr '26   11:00","4,782.61","4,802.86","4,778.16","4,798.55","+15.95 (+0.33%)","0.00","0.00","4,769.56","4,793.86","4,767.26","4,723.60","4,809.20"
"Wed 08 Apr '26   10:00","4,783.28","4,796.10","4,771.25","4,782.60","−0.68 (−0.01%)","0.00","0.00","4,766.51","4,792.69","4,764.13","4,720.54","4,809.94"
"Wed 08 Apr '26   09:00","4,793.77","4,806.83","4,776.45","4,783.28","−10.53 (−0.22%)","0.00","0.00","4,764.81","4,795.21","4,762.28","4,718.01","4,811.79"
"Wed 08 Apr '26   08:00","4,813.42","4,819.89","4,790.53","4,793.81","−19.62 (−0.41%)","0.00","0.00","4,762.87","4,798.19","4,760.18","4,715.34","4,813.96"
"Wed 08 Apr '26   07:00","4,820.04","4,821.29","4,805.28","4,813.43","−6.55 (−0.14%)","0.00","0.00","4,759.61","4,799.29","4,756.82","4,712.14","4,815.78"
"Wed 08 Apr '26   06:00","4,827.54","4,839.69","4,819.98","4,819.98","−7.59 (−0.16%)","0.00","0.00","4,753.95","4,795.76","4,751.16","4,708.00","4,816.01"
"Wed 08 Apr '26   05:00","4,803.64","4,843.70","4,800.44","4,827.57","+23.91 (+0.50%)","0.00","0.00","4,747.00","4,789.70","4,744.28","4,703.43","4,815.51"
"Wed 08 Apr '26   04:00","4,797.52","4,806.58","4,790.25","4,803.66","+6.12 (+0.13%)","0.00","0.00","4,738.52","4,780.23","4,735.95","4,698.37","4,814.01"
"Wed 08 Apr '26   03:00","4,804.08","4,805.94","4,795.18","4,797.54","−6.49 (−0.14%)","0.00","0.00","4,731.66","4,774.37","4,729.18","4,694.07","4,815.09"
"Wed 08 Apr '26   02:00","4,810.22","4,825.22","4,798.70","4,804.03","−6.19 (−0.13%)","0.00","0.00","4,724.72","4,768.58","4,722.34","4,689.85","4,817.50"
"Wed 08 Apr '26   01:00","4,817.72","4,825.26","4,788.25","4,810.22","−7.52 (−0.16%)","0.00","0.00","4,716.38","4,759.72","4,714.17","4,685.18","4,819.95"
"Wed 08 Apr '26   00:00","4,833.51","4,857.67","4,808.73","4,817.74","−15.78 (−0.33%)","0.00","0.00","4,706.50","4,747.10","4,704.57","4,680.08","4,823.25"
"Tue 07 Apr '26   23:00","4,818.32","4,836.24","4,801.65","4,833.52","+15.24 (+0.32%)","0.00","0.00","4,694.79","4,729.44","4,693.25","4,674.46","4,826.06"
"Tue 07 Apr '26   22:00","4,721.29","4,819.61","4,713.13","4,818.28","+111.67 (+2.37%)","0.00","0.00","4,680.19","4,703.41","4,679.22","4,667.97","4,818.28"
"Tue 07 Apr '26   20:00","4,700.85","4,717.13","4,697.33","4,706.61","+5.81 (+0.12%)","0.00","0.00","4,665.65","4,674.70","4,665.32","4,661.84","4,658.49"
"Tue 07 Apr '26   19:00","4,662.25","4,718.69","4,660.68","4,700.80","+38.56 (+0.83%)","0.00","0.00","4,661.34","4,666.72","4,661.19","4,660.01","4,656.67"
"Tue 07 Apr '26   18:00","4,675.87","4,686.27","4,657.55","4,662.24","−13.63 (−0.29%)","0.00","0.00","4,657.18","4,658.20","4,657.23","4,658.34","4,653.83"
"Tue 07 Apr '26   17:00","4,657.14","4,686.61","4,653.98","4,675.87","+18.77 (+0.40%)","0.00","0.00","4,656.65","4,657.19","4,656.72","4,658.18","4,653.41"
"Tue 07 Apr '26   16:00","4,655.63","4,668.65","4,652.65","4,657.10","+1.53 (+0.03%)","0.00","0.00","4,654.63","4,652.52","4,654.81","4,657.46","4,652.07"
"Tue 07 Apr '26   15:00","4,633.31","4,659.53","4,624.97","4,655.57","+22.29 (+0.48%)","0.00","0.00","4,654.37","4,651.38","4,654.58","4,657.48","4,651.72"
"Tue 07 Apr '26   14:00","4,644.10","4,661.65","4,607.54","4,633.28","−10.83 (−0.23%)","0.00","0.00","4,654.24","4,650.33","4,654.48","4,657.55","4,651.42"
"Tue 07 Apr '26   13:00","4,651.66","4,663.17","4,635.67","4,644.11","−7.50 (−0.16%)","0.00","0.00","4,656.45","4,654.59","4,656.60","4,658.55","4,653.16"
"Tue 07 Apr '26   12:00","4,659.78","4,671.02","4,646.96","4,651.61","−8.13 (−0.17%)","0.00","0.00","4,657.75","4,657.21","4,657.85","4,659.13","4,654.04"
"Tue 07 Apr '26   11:00","4,652.10","4,664.17","4,628.98","4,659.74","+7.65 (+0.16%)","0.00","0.00","4,658.39","4,658.61","4,658.47","4,659.44","4,654.25"
"Tue 07 Apr '26   10:00","4,670.96","4,680.62","4,649.32","4,652.09","−18.88 (−0.40%)","0.00","0.00","4,658.25","4,658.32","4,658.35","4,659.43","4,653.77"
"Tue 07 Apr '26   09:00","4,683.00","4,694.49","4,658.95","4,670.97","−12.03 (−0.26%)","0.00","0.00","4,658.90","4,659.88","4,658.97","4,659.73","4,653.95"
"Tue 07 Apr '26   08:00","4,646.10","4,690.88","4,644.29","4,683.00","+36.88 (+0.79%)","1.00","0.00","4,657.63","4,657.11","4,657.77","4,659.27","4,652.14"
"Tue 07 Apr '26   07:00","4,653.47","4,656.99","4,636.63","4,646.12","−7.37 (−0.16%)","0.00","0.00","4,654.96","4,650.64","4,655.25","4,658.30","4,647.79"
"Tue 07 Apr '26   06:00","4,642.94","4,656.55","4,637.95","4,653.49","+10.55 (+0.23%)","0.00","0.00","4,655.89","4,651.77","4,656.16","4,658.80","4,647.99"
"Tue 07 Apr '26   05:00","4,659.99","4,661.51","4,623.29","4,642.94","−16.73 (−0.36%)","0.00","0.00","4,656.14","4,651.34","4,656.43","4,659.02","4,647.10"
"Tue 07 Apr '26   04:00","4,649.64","4,663.84","4,645.64","4,659.67","+10.01 (+0.22%)","0.00","0.00","4,657.53","4,653.44","4,657.78","4,659.67","4,647.80"
"Tue 07 Apr '26   03:00","4,650.51","4,654.10","4,639.60","4,649.66","−0.89 (−0.02%)","0.00","0.00","4,657.30","4,651.88","4,657.59","4,659.67","4,646.20"
"Tue 07 Apr '26   02:00","4,626.86","4,653.93","4,619.84","4,650.55","+23.60 (+0.51%)","0.00","0.00","4,658.11","4,652.44","4,658.39","4,660.08","4,645.54"
"Tue 07 Apr '26   01:00","4,654.91","4,664.48","4,616.41","4,626.95","−27.97 (−0.60%)","0.00","1.00","4,658.90","4,652.91","4,659.17","4,660.47","4,643.91"
"Tue 07 Apr '26   00:00","4,658.87","4,661.41","4,649.10","4,654.92","−3.95 (−0.08%)","0.00","0.00","4,662.27","4,659.40","4,662.39","4,661.84","4,656.95"
"Mon 06 Apr '26   23:00","4,658.45","4,661.19","4,651.52","4,658.87","+0.43 (+0.01%)","0.00","0.00","4,663.04","4,660.52","4,663.14","4,662.12","4,658.64"
"Mon 06 Apr '26   22:00","4,651.47","4,667.93","4,650.04","4,658.44","+8.60 (+0.18%)","0.00","0.00","4,663.48","4,660.93","4,663.57","4,662.25","4,658.44"
"Mon 06 Apr '26   20:00","4,655.49","4,658.39","4,649.30","4,649.84","−5.64 (−0.12%)","0.00","0.00","4,664.01","4,661.56","4,664.08","4,662.41","4,660.88"
"Mon 06 Apr '26   19:00","4,658.31","4,659.38","4,645.57","4,655.48","−2.83 (−0.06%)","0.00","0.00","4,665.50","4,664.49","4,665.50","4,662.92","4,661.07"
"Mon 06 Apr '26   18:00","4,653.68","4,666.61","4,648.88","4,658.31","+4.68 (+0.10%)","0.00","0.00","4,666.56","4,666.74","4,666.50","4,663.22","4,661.28"
"Mon 06 Apr '26   17:00","4,660.49","4,661.08","4,645.82","4,653.63","−6.81 (−0.15%)","0.00","0.00","4,667.43","4,668.84","4,667.32","4,663.42","4,661.44"
"Mon 06 Apr '26   16:00","4,668.20","4,672.65","4,657.99","4,660.44","−7.71 (−0.17%)","0.00","0.00","4,668.88","4,672.65","4,668.69","4,663.82","4,661.90"
"Mon 06 Apr '26   15:00","4,682.91","4,684.00","4,652.13","4,668.15","−14.72 (−0.31%)","0.00","0.00","4,669.77","4,675.70","4,669.52","4,663.96","4,661.98"
"Mon 06 Apr '26   14:00","4,680.15","4,697.66","4,660.35","4,682.87","+2.86 (+0.06%)","0.00","0.00","4,669.94","4,677.59","4,669.66","4,663.79","4,661.54"
"Mon 06 Apr '26   13:00","4,675.92","4,681.79","4,660.09","4,680.01","+4.08 (+0.09%)","0.00","0.00","4,668.58","4,676.27","4,668.33","4,663.01","4,659.46"
"Mon 06 Apr '26   12:00","4,677.99","4,686.80","4,659.72","4,675.93","−2.08 (−0.04%)","0.00","0.00","4,667.37","4,675.33","4,667.17","4,662.32","4,657.56"
"Mon 06 Apr '26   11:00","4,689.80","4,696.83","4,677.09","4,678.01","−11.79 (−0.25%)","0.00","0.00","4,666.47","4,675.18","4,666.29","4,661.76","4,656.20"
"Mon 06 Apr '26   10:00","4,693.68","4,697.64","4,684.88","4,689.80","−3.84 (−0.08%)","0.00","0.00","4,665.26","4,674.47","4,665.12","4,661.10","4,654.77"
"Mon 06 Apr '26   09:00","4,695.89","4,706.59","4,690.95","4,693.64","−2.23 (−0.05%)","0.00","0.00","4,662.67","4,670.64","4,662.65","4,659.93","4,652.17"
"Mon 06 Apr '26   08:00","4,684.78","4,698.18","4,681.23","4,695.87","+11.08 (+0.24%)","0.00","0.00","4,659.41","4,664.89","4,659.55","4,658.55","4,648.77"
"Mon 06 Apr '26   07:00","4,666.01","4,688.40","4,645.02","4,684.79","+18.79 (+0.40%)","1.00","0.00","4,655.58","4,657.15","4,655.92","4,657.03","4,644.26"
"Mon 06 Apr '26   06:00","4,652.66","4,667.67","4,643.64","4,666.00","+13.34 (+0.29%)","0.00","0.00","4,652.50","4,650.23","4,653.03","4,655.90","4,639.59"
"Mon 06 Apr '26   05:00","4,659.10","4,678.76","4,651.49","4,652.66","−6.44 (−0.14%)","0.00","0.00","4,651.08","4,646.29","4,651.74","4,655.49","4,636.70"
"Mon 06 Apr '26   04:00","4,640.52","4,659.91","4,639.99","4,659.10","+18.58 (+0.40%)","0.00","0.00","4,650.91","4,644.70","4,651.64","4,655.60","4,634.99"
"Mon 06 Apr '26   03:00","4,647.99","4,648.01","4,625.45","4,640.52","−7.48 (−0.16%)","0.00","0.00","4,650.05","4,641.10","4,650.90","4,655.46","4,632.35"
"Mon 06 Apr '26   02:00","4,625.97","4,671.90","4,623.68","4,648.00","+22.06 (+0.48%)","0.00","0.00","4,651.05","4,641.25","4,651.93","4,656.07","4,630.91"
"Mon 06 Apr '26   01:00","4,622.28","4,643.20","4,620.49","4,625.94","+3.69 (+0.08%)","0.00","0.00","4,651.38","4,639.56","4,652.33","4,656.40","4,626.57"
"Mon 06 Apr '26   00:00","4,610.62","4,629.33","4,600.80","4,622.25","+11.64 (+0.25%)","0.00","0.00","4,654.05","4,642.96","4,654.97","4,657.64","4,626.77"
"Sun 05 Apr '26   23:00","4,646.03","4,651.24","4,605.25","4,610.61","−35.37 (−0.76%)","0.00","1.00","4,657.40","4,648.14","4,658.24","4,659.08","4,629.21"
"Sun 05 Apr '26   22:00","4,653.83","4,666.19","4,608.30","4,645.98","−29.73 (−0.64%)","0.00","0.00","4,662.33","4,657.52","4,663.00","4,661.06","4,645.98"
"Thu 02 Apr '26   20:00","4,672.18","4,676.82","4,664.45","4,675.71","+3.59 (+0.08%)","0.00","0.00","4,664.05","4,660.41","4,664.70","4,661.68","4,660.57"
"Thu 02 Apr '26   19:00","4,668.58","4,681.82","4,661.56","4,672.12","+3.53 (+0.08%)","0.00","0.00","4,662.82","4,656.58","4,663.60","4,661.11","4,660.23"
"Thu 02 Apr '26   18:00","4,648.82","4,672.12","4,647.48","4,668.59","+19.85 (+0.43%)","0.00","0.00","4,661.84","4,652.70","4,662.75","4,660.66","4,659.67"
"Thu 02 Apr '26   17:00","4,659.16","4,668.49","4,645.82","4,648.74","−10.42 (−0.22%)","0.00","0.00","4,661.13","4,648.72","4,662.17","4,660.33","4,659.28"
"Thu 02 Apr '26   16:00","4,661.08","4,670.67","4,643.04","4,659.16","−1.91 (−0.04%)","0.00","0.00","4,662.43","4,648.72","4,663.51","4,660.81","4,659.87"
"Thu 02 Apr '26   15:00","4,681.60","4,684.10","4,652.72","4,661.07","−20.37 (−0.44%)","0.00","0.00","4,662.78","4,646.11","4,663.95","4,660.87","4,659.91"
"Thu 02 Apr '26   14:00","4,646.37","4,699.67","4,631.75","4,681.44","+35.09 (+0.76%)","1.00","0.00","4,662.96","4,642.37","4,664.23","4,660.86","4,659.82"
"Thu 02 Apr '26   13:00","4,601.90","4,651.44","4,580.80","4,646.35","+44.43 (+0.97%)","0.00","0.00","4,661.01","4,632.60","4,662.51","4,660.02","4,657.85"
"Thu 02 Apr '26   12:00","4,600.23","4,630.23","4,594.66","4,601.92","+1.69 (+0.04%)","0.00","0.00","4,662.56","4,629.16","4,664.13","4,660.58","4,658.96"
"Thu 02 Apr '26   11:00","4,620.53","4,630.75","4,592.75","4,600.23","−20.29 (−0.44%)","0.00","0.00","4,668.94","4,635.97","4,670.35","4,662.98","4,663.42"
"Thu 02 Apr '26   10:00","4,621.76","4,635.15","4,604.12","4,620.52","−1.24 (−0.03%)","0.00","0.00","4,676.17","4,644.91","4,677.36","4,665.54","4,668.16"
"Thu 02 Apr '26   09:00","4,620.83","4,631.96","4,613.32","4,621.76","+0.87 (+0.02%)","0.00","0.00","4,682.03","4,651.01","4,683.05","4,667.38","4,671.82"
"Thu 02 Apr '26   08:00","4,642.72","4,648.77","4,617.27","4,620.89","−21.82 (−0.47%)","0.00","0.00","4,688.38","4,658.32","4,689.18","4,669.24","4,675.82"
"Thu 02 Apr '26   07:00","4,598.77","4,651.17","4,597.26","4,642.71","+43.43 (+0.94%)","0.00","0.00","4,695.48","4,667.67","4,696.00","4,671.21","4,681.31"
"Thu 02 Apr '26   06:00","4,594.18","4,608.66","4,554.12","4,599.28","+5.17 (+0.11%)","0.00","0.00","4,701.03","4,673.91","4,701.33","4,672.37","4,685.70"
"Thu 02 Apr '26   05:00","4,672.63","4,680.58","4,586.18","4,594.11","−78.51 (−1.68%)","0.00","0.00","4,711.74","4,692.57","4,711.54","4,675.36","4,699.94"
"Thu 02 Apr '26   04:00","4,676.21","4,681.54","4,657.31","4,672.62","−3.54 (−0.08%)","0.00","0.00","4,724.13","4,717.19","4,723.28","4,678.67","4,717.32"
"Thu 02 Apr '26   03:00","4,686.89","4,699.37","4,675.75","4,676.16","−10.78 (−0.23%)","0.00","0.00","4,729.55","4,728.33","4,728.35","4,678.92","4,723.74"
"Thu 02 Apr '26   02:00","4,696.53","4,704.27","4,655.55","4,686.94","−9.83 (−0.21%)","0.00","0.00","4,735.17","4,741.37","4,733.57","4,679.03","4,732.68"
"Thu 02 Apr '26   01:00","4,784.66","4,786.54","4,650.69","4,696.77","−87.84 (−1.84%)","0.00","1.00","4,740.25","4,754.98","4,738.23","4,678.71","4,748.18"
"Thu 02 Apr '26   00:00","4,784.13","4,798.71","4,775.24","4,784.61","+0.49 (+0.01%)","0.00","0.00","4,744.82","4,769.53","4,742.37","4,677.97","4,782.54"
"Wed 01 Apr '26   23:00","4,776.48","4,800.38","4,773.68","4,784.12","+7.64 (+0.16%)","0.00","0.00","4,740.63","4,765.77","4,738.15","4,673.62","4,780.94"
"Wed 01 Apr '26   22:00","4,757.33","4,782.83","4,752.15","4,776.48","+19.68 (+0.41%)","0.00","0.00","4,736.06","4,761.18","4,733.55","4,669.11","4,776.48"
"Wed 01 Apr '26   20:00","4,765.98","4,771.24","4,754.41","4,756.80","−9.35 (−0.20%)","0.00","0.00","4,731.80","4,757.35","4,729.26","4,664.73","4,730.81"
"Wed 01 Apr '26   19:00","4,753.21","4,778.22","4,751.23","4,766.15","+12.99 (+0.27%)","0.00","0.00","4,729.17","4,757.49","4,726.51","4,660.97","4,730.17"
"Wed 01 Apr '26   18:00","4,774.43","4,775.29","4,742.25","4,753.16","−21.27 (−0.45%)","0.00","0.00","4,725.28","4,755.32","4,722.54","4,656.68","4,728.30"
"Wed 01 Apr '26   17:00","4,787.32","4,792.96","4,773.89","4,774.43","−12.91 (−0.27%)","0.00","0.00","4,722.34","4,755.86","4,719.48","4,652.74","4,726.69"
"Wed 01 Apr '26   16:00","4,786.57","4,790.75","4,774.34","4,787.34","+0.80 (+0.02%)","0.00","0.00","4,716.86","4,751.22","4,713.99","4,647.77","4,724.20"
"Wed 01 Apr '26   15:00","4,760.77","4,788.19","4,758.53","4,786.54","+25.78 (+0.54%)","0.00","0.00","4,709.44","4,742.19","4,706.65","4,642.08","4,720.53"
"Wed 01 Apr '26   14:00","4,738.31","4,768.75","4,724.17","4,760.76","+22.29 (+0.47%)","0.00","0.00","4,701.32","4,731.11","4,698.66","4,636.18","4,715.74"
"Wed 01 Apr '26   13:00","4,724.85","4,749.58","4,716.31","4,738.47","+13.58 (+0.29%)","0.00","0.00","4,695.07","4,723.69","4,692.45","4,631.09","4,711.65"
"Wed 01 Apr '26   12:00","4,752.53","4,753.76","4,724.39","4,724.89","−27.64 (−0.58%)","0.00","0.00","4,690.50","4,720.00","4,687.85","4,626.71","4,709.09"
"Wed 01 Apr '26   11:00","4,731.38","4,762.93","4,728.24","4,752.53","+21.14 (+0.45%)","0.00","0.00","4,686.88","4,718.78","4,684.15","4,622.70","4,707.68"
"Wed 01 Apr '26   10:00","4,723.23","4,738.80","4,715.36","4,731.39","+8.15 (+0.17%)","0.00","0.00","4,679.97","4,710.34","4,677.31","4,617.41","4,704.24"
"Wed 01 Apr '26   09:00","4,728.66","4,730.23","4,713.16","4,723.24","−5.39 (−0.11%)","0.00","0.00","4,674.55","4,705.08","4,671.90","4,612.75","4,702.24"
"Wed 01 Apr '26   08:00","4,713.07","4,740.37","4,710.51","4,728.63","+15.56 (+0.33%)","0.00","0.00","4,669.43","4,700.54","4,666.77","4,608.24","4,700.41"
"Wed 01 Apr '26   07:00","4,730.60","4,747.74","4,709.72","4,713.07","−17.53 (−0.37%)","0.00","0.00","4,663.20","4,693.51","4,660.58","4,603.33","4,697.36"
"Wed 01 Apr '26   06:00","4,684.30","4,733.19","4,682.80","4,730.60","+46.33 (+0.99%)","0.00","0.00","4,657.95","4,688.62","4,655.33","4,598.85","4,695.17"
"Wed 01 Apr '26   05:00","4,676.45","4,703.50","4,674.92","4,684.27","+7.75 (+0.17%)","0.00","0.00","4,650.30","4,678.13","4,647.80","4,593.47","4,689.74"
"Wed 01 Apr '26   04:00","4,681.96","4,682.09","4,667.10","4,676.52","−5.44 (−0.12%)","0.00","0.00","4,646.72","4,676.59","4,644.16","4,589.77","4,690.49"
"Wed 01 Apr '26   03:00","4,684.52","4,694.29","4,679.71","4,681.96","−2.59 (−0.06%)","0.00","0.00","4,643.59","4,676.61","4,640.92","4,586.23","4,692.10"
"Wed 01 Apr '26   02:00","4,692.75","4,700.59","4,678.16","4,684.55","−8.17 (−0.17%)","0.00","0.00","4,639.55","4,675.28","4,636.82","4,582.32","4,693.65"
"Wed 01 Apr '26   01:00","4,710.97","4,724.21","4,681.50","4,692.72","−18.24 (−0.39%)","0.00","0.00","4,634.81","4,672.96","4,632.04","4,578.15","4,695.94"
"Wed 01 Apr '26   00:00","4,696.38","4,722.53","4,693.54","4,710.96","+14.54 (+0.31%)","0.00","0.00","4,628.72","4,668.02","4,625.98","4,573.47","4,697.47"
"Tue 31 Mar '26   23:00","4,681.07","4,699.89","4,672.14","4,696.42","+15.64 (+0.33%)","0.00","0.00","4,620.06","4,657.28","4,617.48","4,567.86","4,688.44"
"Tue 31 Mar '26   22:00","4,671.94","4,695.88","4,661.78","4,680.78","+12.56 (+0.27%)","0.00","0.00","4,612.02","4,647.50","4,609.58","4,562.61","4,680.78"
"Tue 31 Mar '26   20:00","4,682.84","4,687.22","4,664.88","4,668.22","−14.50 (−0.31%)","0.00","0.00","4,604.78","4,639.17","4,602.47","4,557.79","4,592.49"
"Tue 31 Mar '26   19:00","4,667.44","4,685.64","4,661.81","4,682.72","+15.28 (+0.33%)","0.00","0.00","4,598.10","4,631.91","4,595.89","4,553.28","4,590.42"
"Tue 31 Mar '26   18:00","4,654.59","4,671.15","4,653.70","4,667.44","+12.76 (+0.27%)","0.00","0.00","4,589.20","4,619.21","4,587.21","4,548.00","4,585.72"
"Tue 31 Mar '26   17:00","4,638.29","4,667.43","4,636.41","4,654.68","+16.34 (+0.35%)","0.00","0.00","4,580.96","4,607.16","4,579.18","4,543.12","4,581.24"
"Tue 31 Mar '26   16:00","4,609.59","4,651.57","4,607.07","4,638.34","+28.77 (+0.62%)","0.00","0.00","4,573.20","4,595.27","4,571.63","4,538.57","4,576.13"
"Tue 31 Mar '26   15:00","4,599.17","4,625.36","4,599.17","4,609.57","+10.41 (+0.23%)","0.00","0.00","4,566.34","4,584.51","4,564.96","4,534.50","4,571.86"
"Tue 31 Mar '26   14:00","4,607.99","4,630.11","4,595.02","4,599.16","−8.83 (−0.19%)","0.00","0.00","4,561.79","4,578.24","4,560.50","4,531.43","4,569.05"
"Tue 31 Mar '26   13:00","4,574.97","4,609.78","4,567.96","4,607.99","+33.07 (+0.72%)","0.00","0.00","4,557.86","4,573.01","4,556.64","4,528.67","4,566.37"
"Tue 31 Mar '26   12:00","4,582.38","4,597.58","4,569.27","4,574.92","−7.46 (−0.16%)","0.00","0.00","4,552.59","4,564.27","4,551.50","4,525.43","4,562.84"
"Tue 31 Mar '26   11:00","4,547.13","4,593.19","4,541.24","4,582.38","+35.26 (+0.78%)","0.00","0.00","4,550.23","4,561.60","4,549.16","4,523.41","4,561.79"
"Tue 31 Mar '26   10:00","4,555.60","4,561.99","4,529.64","4,547.12","−8.50 (−0.19%)","0.00","0.00","4,546.85","4,556.41","4,545.84","4,521.00","4,559.78"
"Tue 31 Mar '26   09:00","4,568.69","4,572.55","4,550.36","4,555.62","−13.07 (−0.29%)","0.00","0.00","4,546.82","4,558.73","4,545.71","4,519.94","4,560.76"
"Tue 31 Mar '26   08:00","4,564.49","4,575.28","4,560.58","4,568.69","+4.18 (+0.09%)","0.00","0.00","4,545.90","4,559.51","4,544.72","4,518.48","4,561.22"
"Tue 31 Mar '26   07:00","4,557.34","4,565.84","4,543.66","4,564.51","+7.23 (+0.16%)","0.00","0.00","4,543.50","4,557.22","4,542.32","4,516.43","4,560.47"
"Tue 31 Mar '26   06:00","4,568.80","4,569.01","4,553.35","4,557.28","−11.51 (−0.25%)","0.00","0.00","4,541.28","4,555.39","4,540.10","4,514.47","4,560.03"
"Tue 31 Mar '26   05:00","4,564.77","4,581.67","4,547.73","4,568.79","+4.02 (+0.09%)","0.00","0.00","4,539.60","4,554.92","4,538.38","4,512.72","4,560.39"
"Tue 31 Mar '26   04:00","4,557.32","4,569.40","4,557.20","4,564.77","+7.45 (+0.16%)","0.00","0.00","4,536.53","4,551.46","4,535.34","4,510.43","4,559.16"
"Tue 31 Mar '26   03:00","4,568.08","4,577.10","4,550.31","4,557.32","−10.86 (−0.24%)","0.00","0.00","4,533.56","4,548.13","4,532.40","4,508.21","4,558.46"
"Tue 31 Mar '26   02:00","4,605.37","4,607.51","4,565.71","4,568.18","−37.17 (−0.81%)","0.00","0.00","4,531.05","4,545.83","4,529.91","4,506.21","4,558.68"
"Tue 31 Mar '26   01:00","4,547.59","4,619.40","4,532.23","4,605.35","+57.67 (+1.27%)","1.00","0.00","4,527.15","4,540.24","4,526.08","4,503.68","4,555.78"
"Tue 31 Mar '26   00:00","4,513.70","4,548.10","4,482.70","4,547.68","+33.98 (+0.75%)","0.00","0.00","4,518.91","4,523.97","4,518.15","4,499.53","4,528.87"
"Mon 30 Mar '26   23:00","4,510.80","4,521.40","4,492.72","4,513.70","+2.83 (+0.06%)","0.00","0.00","4,515.89","4,518.04","4,515.20","4,497.56","4,512.49"
"Mon 30 Mar '26   22:00","4,514.32","4,523.78","4,502.35","4,510.87","−0.25 (−0.01%)","0.00","0.00","4,516.12","4,519.12","4,515.35","4,496.91","4,510.87"
"Mon 30 Mar '26   20:00","4,513.55","4,516.51","4,501.05","4,511.12","−2.40 (−0.05%)","0.00","0.00","4,516.67","4,521.19","4,515.80","4,496.34","4,513.31"
"Mon 30 Mar '26   19:00","4,499.05","4,518.50","4,493.11","4,513.52","+14.49 (+0.32%)","0.00","0.00","4,517.25","4,523.70","4,516.27","4,495.73","4,513.36"
"Mon 30 Mar '26   18:00","4,515.09","4,523.16","4,498.45","4,499.03","−16.01 (−0.35%)","0.00","1.00","4,517.65","4,526.25","4,516.54","4,495.01","4,513.35"
"Mon 30 Mar '26   17:00","4,539.90","4,542.29","4,511.47","4,515.04","−24.91 (−0.55%)","0.00","0.00","4,519.60","4,533.05","4,518.29","4,494.84","4,514.08"
"Mon 30 Mar '26   16:00","4,548.31","4,549.76","4,532.59","4,539.95","−8.37 (−0.18%)","0.00","0.00","4,520.09","4,537.56","4,518.62","4,494.02","4,514.03"
"Mon 30 Mar '26   15:00","4,538.65","4,556.84","4,524.83","4,548.32","+9.62 (+0.21%)","0.00","0.00","4,517.99","4,536.96","4,516.49","4,492.14","4,512.46"
"Mon 30 Mar '26   14:00","4,523.37","4,541.26","4,512.45","4,538.70","+15.36 (+0.34%)","0.00","0.00","4,514.80","4,534.12","4,513.30","4,489.85","4,509.92"
"Mon 30 Mar '26   13:00","4,569.42","4,578.74","4,516.77","4,523.34","−46.06 (−1.01%)","0.00","0.00","4,512.29","4,532.98","4,510.76","4,487.86","4,507.46"
"Mon 30 Mar '26   12:00","4,559.63","4,577.89","4,545.43","4,569.40","+9.76 (+0.21%)","0.00","0.00","4,511.12","4,535.38","4,509.51","4,486.41","4,506.05"
"Mon 30 Mar '26   11:00","4,532.46","4,580.83","4,525.62","4,559.64","+27.18 (+0.60%)","0.00","0.00","4,504.99","4,526.88","4,503.52","4,483.02","4,501.29"
"Mon 30 Mar '26   10:00","4,532.45","4,540.06","4,527.75","4,532.46","+0.12 (+0.00%)","0.00","0.00","4,499.24","4,518.69","4,497.90","4,479.89","4,496.38"
"Mon 30 Mar '26   09:00","4,538.30","4,540.63","4,523.68","4,532.34","−5.96 (−0.13%)","0.00","0.00","4,495.74","4,515.25","4,494.45","4,477.75","4,494.08"
"Mon 30 Mar '26   08:00","4,527.28","4,540.48","4,525.04","4,538.30","+11.01 (+0.24%)","0.00","0.00","4,491.89","4,510.98","4,490.66","4,475.52","4,490.93"
"Mon 30 Mar '26   07:00","4,532.59","4,534.70","4,515.91","4,527.29","−5.33 (−0.12%)","0.00","0.00","4,487.00","4,504.14","4,485.90","4,472.96","4,486.97"
"Mon 30 Mar '26   06:00","4,522.38","4,550.64","4,517.13","4,532.62","+10.24 (+0.23%)","0.00","0.00","4,482.76","4,498.36","4,481.76","4,470.74","4,483.00"
"Mon 30 Mar '26   05:00","4,496.86","4,528.54","4,496.86","4,522.38","+25.51 (+0.57%)","1.00","0.00","4,477.51","4,489.79","4,476.67","4,468.21","4,476.56"
"Mon 30 Mar '26   04:00","4,496.15","4,498.79","4,486.39","4,496.87","+0.72 (+0.02%)","0.00","0.00","4,472.79","4,481.65","4,472.10","4,466.00","4,470.42"
"Mon 30 Mar '26   03:00","4,481.22","4,517.61","4,478.92","4,496.15","+14.79 (+0.33%)","0.00","0.00","4,470.25","4,477.84","4,469.62","4,464.74","4,467.52"
"Mon 30 Mar '26   02:00","4,469.62","4,499.23","4,459.00","4,481.36","+11.62 (+0.26%)","0.00","0.00","4,467.53","4,473.26","4,466.97","4,463.46","4,462.50"
"Mon 30 Mar '26   01:00","4,432.14","4,475.95","4,432.06","4,469.74","+37.60 (+0.85%)","0.00","0.00","4,466.07","4,471.24","4,465.53","4,462.73","4,457.87"
"Mon 30 Mar '26   00:00","4,448.83","4,466.75","4,419.93","4,432.14","−16.62 (−0.37%)","0.00","0.00","4,465.68","4,471.61","4,465.11","4,462.44","4,453.08"
"Sun 29 Mar '26   23:00","4,484.55","4,492.66","4,443.84","4,448.76","−35.80 (−0.80%)","0.00","1.00","4,469.21","4,481.48","4,468.40","4,463.68","4,466.45"
"Sun 29 Mar '26   22:00","4,478.27","4,515.05","4,467.70","4,484.56","−11.00 (−0.24%)","0.00","0.00","4,471.37","4,489.66","4,470.37","4,464.29","4,484.56"
"Fri 27 Mar '26   20:00","4,514.42","4,520.17","4,491.20","4,495.56","−18.85 (−0.42%)","0.00","0.00","4,469.98","4,490.94","4,468.95","4,463.46","4,458.12"
"Fri 27 Mar '26   19:00","4,516.85","4,526.20","4,500.79","4,514.41","−2.45 (−0.05%)","0.00","0.00","4,467.28","4,489.78","4,466.29","4,462.15","4,457.00"
"Fri 27 Mar '26   18:00","4,486.68","4,528.77","4,486.63","4,516.86","+30.17 (+0.67%)","0.00","0.00","4,462.32","4,483.62","4,461.48","4,460.02","4,453.89"
"Fri 27 Mar '26   17:00","4,516.18","4,521.86","4,486.59","4,486.69","−29.44 (−0.65%)","0.00","0.00","4,456.58","4,475.32","4,455.94","4,457.70","4,450.23"
"Fri 27 Mar '26   16:00","4,524.11","4,533.78","4,505.61","4,516.13","−7.74 (−0.17%)","0.00","0.00","4,453.41","4,472.47","4,452.86","4,456.52","4,447.79"
"Fri 27 Mar '26   15:00","4,509.93","4,555.39","4,501.80","4,523.87","+13.94 (+0.31%)","0.00","0.00","4,446.81","4,461.56","4,446.54","4,454.08","4,442.92"
"Fri 27 Mar '26   14:00","4,431.08","4,514.80","4,430.85","4,509.93","+78.77 (+1.78%)","0.00","0.00","4,438.70","4,445.98","4,438.80","4,451.24","4,435.67"
"Fri 27 Mar '26   13:00","4,437.96","4,443.84","4,413.76","4,431.16","−6.76 (−0.15%)","0.00","0.00","4,431.20","4,429.99","4,431.69","4,448.84","4,428.36"
"Fri 27 Mar '26   12:00","4,420.09","4,445.24","4,412.70","4,437.92","+17.82 (+0.40%)","0.00","0.00","4,431.21","4,429.70","4,431.74","4,449.56","4,428.09"
"Fri 27 Mar '26   11:00","4,414.84","4,426.24","4,404.40","4,420.10","+5.29 (+0.12%)","0.00","0.00","4,430.50","4,427.65","4,431.13","4,450.04","4,427.25"
"Fri 27 Mar '26   10:00","4,428.84","4,432.95","4,410.92","4,414.81","−14.04 (−0.32%)","0.00","0.00","4,431.60","4,429.53","4,432.23","4,451.26","4,427.84"
"Fri 27 Mar '26   09:00","4,424.21","4,438.35","4,420.88","4,428.85","+4.62 (+0.10%)","0.00","0.00","4,433.36","4,433.21","4,433.97","4,452.75","4,429.00"
"Fri 27 Mar '26   08:00","4,447.72","4,450.85","4,423.77","4,424.23","−23.48 (−0.53%)","0.00","0.00","4,433.84","4,434.30","4,434.48","4,453.72","4,429.02"
"Fri 27 Mar '26   07:00","4,459.65","4,463.14","4,442.91","4,447.71","−11.87 (−0.27%)","0.00","0.00","4,434.85","4,436.82","4,435.51","4,454.93","4,429.59"
"Fri 27 Mar '26   06:00","4,454.52","4,472.96","4,451.73","4,459.58","+5.01 (+0.11%)","0.00","0.00","4,433.50","4,434.10","4,434.29","4,455.22","4,427.61"
"Fri 27 Mar '26   05:00","4,446.00","4,475.11","4,440.51","4,454.57","+8.41 (+0.19%)","0.00","0.00","4,430.75","4,427.73","4,431.76","4,455.04","4,423.07"
"Fri 27 Mar '26   04:00","4,437.67","4,449.56","4,431.46","4,446.16","+8.49 (+0.19%)","1.00","0.00","4,428.24","4,421.02","4,429.48","4,455.06","4,417.89"
"Fri 27 Mar '26   03:00","4,432.03","4,446.31","4,421.29","4,437.67","+5.60 (+0.13%)","0.00","0.00","4,426.36","4,414.73","4,427.81","4,455.42","4,414.73"
"Fri 27 Mar '26   02:00","4,417.56","4,440.61","4,417.11","4,432.07","+14.65 (+0.33%)","0.00","0.00","4,425.16","4,409.00","4,426.82","4,456.15","4,410.14"
"Fri 27 Mar '26   01:00","4,378.70","4,420.55","4,377.41","4,417.42","+38.72 (+0.88%)","0.00","0.00","4,424.44","4,403.23","4,426.30","4,457.13","4,403.39"
"Fri 27 Mar '26   00:00","4,405.15","4,411.14","4,375.58","4,378.70","−26.46 (−0.60%)","0.00","0.00","4,425.18","4,399.68","4,427.19","4,458.75","4,396.36"
"Thu 26 Mar '26   23:00","4,411.50","4,414.58","4,389.99","4,405.16","−6.12 (−0.14%)","0.00","0.00","4,430.07","4,404.93","4,432.04","4,462.02","4,408.29"
"Thu 26 Mar '26   22:00","4,390.02","4,415.38","4,377.40","4,411.28","+30.27 (+0.69%)","0.00","0.00","4,432.69","4,404.87","4,434.72","4,464.34","4,411.28"
"Thu 26 Mar '26   20:00","4,363.91","4,420.82","4,351.15","4,381.01","+17.04 (+0.39%)","0.00","0.00","4,434.94","4,403.26","4,437.07","4,466.51","4,446.80"
"Thu 26 Mar '26   19:00","4,394.56","4,399.33","4,359.24","4,363.97","−30.54 (−0.69%)","0.00","0.00","4,440.62","4,408.83","4,442.67","4,470.00","4,449.93"
"Thu 26 Mar '26   18:00","4,381.44","4,397.83","4,367.68","4,394.51","+12.98 (+0.30%)","0.00","0.00","4,448.69","4,420.04","4,450.55","4,474.32","4,454.14"
"Thu 26 Mar '26   17:00","4,389.26","4,402.65","4,377.32","4,381.53","−7.77 (−0.18%)","0.00","0.00","4,454.39","4,426.42","4,456.15","4,477.58","4,457.33"
"Thu 26 Mar '26   16:00","4,438.31","4,442.72","4,366.87","4,389.30","−49.02 (−1.10%)","0.00","0.00","4,462.06","4,437.65","4,463.61","4,481.50","4,461.98"
"Thu 26 Mar '26   15:00","4,465.10","4,469.06","4,434.14","4,438.32","−26.76 (−0.60%)","0.00","0.00","4,469.72","4,449.74","4,471.04","4,485.27","4,467.12"
"Thu 26 Mar '26   14:00","4,452.90","4,479.36","4,437.36","4,465.08","+12.17 (+0.27%)","0.00","0.00","4,473.03","4,452.59","4,474.31","4,487.18","4,469.26"
"Thu 26 Mar '26   13:00","4,429.14","4,460.53","4,420.27","4,452.91","+23.51 (+0.53%)","0.00","0.00","4,473.87","4,449.47","4,475.24","4,488.08","4,469.63"
"Thu 26 Mar '26   12:00","4,423.09","4,445.74","4,416.65","4,429.40","+6.35 (+0.14%)","0.00","0.00","4,476.07","4,448.61","4,477.47","4,489.52","4,471.12"
"Thu 26 Mar '26   11:00","4,443.78","4,456.73","4,419.06","4,423.05","−20.54 (−0.46%)","0.00","0.00","4,480.98","4,453.41","4,482.28","4,491.97","4,474.58"
"Thu 26 Mar '26   10:00","4,423.58","4,448.14","4,417.10","4,443.59","+20.02 (+0.45%)","0.00","0.00","4,487.08","4,461.00","4,488.20","4,494.79","4,478.72"
"Thu 26 Mar '26   09:00","4,427.89","4,436.97","4,414.57","4,423.57","−4.37 (−0.10%)","0.00","0.00","4,491.66","4,465.35","4,492.66","4,496.88","4,481.82"
"Thu 26 Mar '26   08:00","4,452.48","4,459.23","4,412.79","4,427.94","−24.67 (−0.55%)","0.00","0.00","4,498.83","4,475.79","4,499.57","4,499.87","4,487.90"
"Thu 26 Mar '26   07:00","4,456.34","4,463.93","4,439.08","4,452.61","−3.74 (−0.08%)","0.00","0.00","4,506.29","4,487.76","4,506.73","4,502.81","4,495.60"
"Thu 26 Mar '26   06:00","4,439.19","4,459.38","4,415.85","4,456.35","+17.16 (+0.39%)","0.00","0.00","4,511.94","4,496.54","4,512.14","4,504.85","4,500.77"
"Thu 26 Mar '26   05:00","4,520.52","4,522.29","4,439.06","4,439.19","−81.33 (−1.80%)","0.00","0.00","4,517.79","4,506.59","4,517.72","4,506.83","4,508.25"
"Thu 26 Mar '26   04:00","4,516.74","4,524.31","4,511.63","4,520.52","+3.86 (+0.09%)","0.00","0.00","4,526.06","4,523.44","4,525.58","4,509.60","4,519.92"
"Thu 26 Mar '26   03:00","4,508.97","4,518.92","4,500.04","4,516.66","+7.70 (+0.17%)","0.00","0.00","4,526.65","4,524.18","4,526.08","4,509.15","4,519.85"
"Thu 26 Mar '26   02:00","4,535.72","4,535.83","4,505.79","4,508.96","−26.73 (−0.59%)","0.00","0.00","4,527.70","4,526.05","4,527.02","4,508.84","4,520.46"
"Thu 26 Mar '26   01:00","4,535.79","4,544.44","4,522.54","4,535.69","−0.11 (−0.00%)","0.00","0.00","4,529.67","4,530.33","4,528.83","4,508.84","4,523.59"
"Thu 26 Mar '26   00:00","4,498.30","4,539.32","4,498.18","4,535.80","+37.51 (+0.83%)","0.00","0.00","4,529.04","4,528.99","4,528.15","4,507.74","4,518.31"
"Wed 25 Mar '26   23:00","4,517.59","4,518.16","4,489.03","4,498.29","−19.31 (−0.43%)","0.00","0.00","4,528.33","4,527.28","4,527.38","4,506.60","4,507.80"
"Wed 25 Mar '26   22:00","4,510.78","4,534.60","4,505.64","4,517.60","+11.85 (+0.26%)","0.00","0.00","4,531.49","4,534.53","4,530.29","4,506.94","4,517.60"
"Wed 25 Mar '26   20:00","4,531.00","4,542.12","4,494.80","4,505.75","−25.18 (−0.56%)","0.00","1.00","4,532.95","4,538.77","4,531.56","4,506.50","4,552.71"
"Wed 25 Mar '26   19:00","4,538.22","4,539.57","4,486.93","4,530.93","−7.33 (−0.16%)","0.00","0.00","4,535.81","4,547.02","4,534.14","4,506.53","4,554.13"
"Wed 25 Mar '26   18:00","4,550.76","4,569.03","4,531.12","4,538.26","−12.53 (−0.28%)","0.00","0.00","4,536.33","4,551.04","4,534.46","4,505.54","4,555.43"
"Wed 25 Mar '26   17:00","4,555.26","4,564.05","4,542.84","4,550.79","−4.61 (−0.10%)","0.00","0.00","4,536.13","4,554.24","4,534.08","4,504.20","4,556.34"
"Wed 25 Mar '26   16:00","4,559.05","4,564.94","4,545.30","4,555.40","−3.63 (−0.08%)","0.00","0.00","4,534.58","4,555.10","4,532.41","4,502.30","4,556.65"
"Wed 25 Mar '26   15:00","4,567.30","4,568.91","4,525.14","4,559.03","−8.21 (−0.18%)","0.00","0.00","4,532.39","4,555.03","4,530.11","4,500.13","4,556.74"
"Wed 25 Mar '26   14:00","4,544.98","4,579.28","4,533.19","4,567.24","+22.36 (+0.49%)","0.00","0.00","4,529.59","4,554.02","4,527.22","4,497.73","4,556.56"
"Wed 25 Mar '26   13:00","4,544.02","4,576.37","4,540.97","4,544.88","+0.87 (+0.02%)","0.00","0.00","4,525.62","4,550.72","4,523.22","4,494.89","4,555.64"
"Wed 25 Mar '26   12:00","4,578.72","4,583.71","4,522.04","4,544.01","−34.75 (−0.76%)","0.00","0.00","4,523.60","4,552.18","4,521.05","4,492.85","4,556.63"
"Wed 25 Mar '26   11:00","4,558.81","4,585.42","4,556.17","4,578.76","+19.94 (+0.44%)","0.00","0.00","4,521.45","4,554.22","4,518.75","4,490.76","4,557.79"
"Wed 25 Mar '26   10:00","4,551.86","4,562.44","4,551.19","4,558.82","+6.95 (+0.15%)","0.00","0.00","4,515.41","4,548.09","4,512.75","4,487.17","4,556.25"
"Wed 25 Mar '26   09:00","4,556.15","4,567.64","4,527.74","4,551.87","−4.28 (−0.09%)","0.00","0.00","4,510.85","4,545.41","4,508.15","4,484.24","4,556.05"
"Wed 25 Mar '26   08:00","4,539.49","4,567.79","4,535.94","4,556.15","+16.63 (+0.37%)","0.00","0.00","4,506.53","4,543.79","4,503.77","4,481.48","4,556.45"
"Wed 25 Mar '26   07:00","4,545.53","4,563.24","4,537.06","4,539.52","−6.03 (−0.13%)","0.00","0.00","4,501.30","4,540.70","4,498.54","4,478.44","4,556.48"
"Wed 25 Mar '26   06:00","4,555.77","4,557.02","4,533.16","4,545.55","−10.17 (−0.22%)","0.00","0.00","4,497.28","4,541.00","4,494.44","4,475.94","4,558.28"
"Wed 25 Mar '26   05:00","4,572.87","4,573.34","4,549.48","4,555.72","−17.05 (−0.37%)","0.00","0.00","4,492.20","4,539.86","4,489.33","4,473.10","4,559.96"
"Wed 25 Mar '26   04:00","4,570.14","4,574.58","4,565.70","4,572.77","+2.64 (+0.06%)","0.00","0.00","4,485.51","4,535.89","4,482.69","4,469.73","4,560.54"
"Wed 25 Mar '26   03:00","4,583.68","4,586.23","4,567.72","4,570.13","−13.54 (−0.30%)","0.00","0.00","4,476.33","4,526.67","4,473.68","4,465.52","4,559.35"
"Wed 25 Mar '26   02:00","4,594.83","4,602.58","4,580.07","4,583.67","−11.15 (−0.24%)","0.00","0.00","4,466.45","4,515.81","4,464.03","4,461.25","4,557.55"
"Wed 25 Mar '26   01:00","4,563.20","4,601.05","4,552.42","4,594.82","+31.62 (+0.69%)","0.00","0.00","4,454.12","4,498.84","4,452.07","4,456.26","4,551.06"
"Wed 25 Mar '26   00:00","4,546.86","4,572.06","4,537.54","4,563.20","+16.37 (+0.36%)","0.00","0.00","4,439.30","4,474.84","4,437.79","4,450.60","4,534.49"
"Tue 24 Mar '26   23:00","4,484.53","4,551.63","4,472.62","4,546.83","+62.28 (+1.39%)","0.00","0.00","4,426.26","4,452.76","4,425.25","4,446.01","4,518.15"
"Tue 24 Mar '26   22:00","4,474.41","4,485.31","4,456.07","4,484.55","+7.77 (+0.17%)","0.00","0.00","4,413.57","4,429.24","4,413.09","4,441.89","4,484.55"
"Tue 24 Mar '26   20:00","4,400.35","4,484.18","4,397.37","4,476.78","+76.34 (+1.73%)","0.00","0.00","4,406.10","4,415.41","4,405.95","4,440.15","4,394.63"
"Tue 24 Mar '26   19:00","4,389.63","4,411.42","4,388.71","4,400.44","+10.73 (+0.24%)","0.00","0.00","4,398.66","4,400.07","4,398.87","4,438.65","4,391.42"
"Tue 24 Mar '26   18:00","4,388.64","4,423.42","4,384.05","4,389.71","+1.06 (+0.02%)","0.00","0.00","4,398.47","4,399.97","4,398.71","4,440.21","4,391.03"
"Tue 24 Mar '26   17:00","4,421.34","4,426.38","4,372.43","4,388.65","−32.71 (−0.74%)","0.00","0.00","4,399.40","4,402.54","4,399.61","4,442.28","4,391.10"
"Tue 24 Mar '26   16:00","4,411.65","4,427.52","4,402.81","4,421.36","+9.72 (+0.22%)","0.00","0.00","4,400.53","4,406.01","4,400.70","4,444.46","4,391.25"
"Tue 24 Mar '26   15:00","4,416.12","4,430.94","4,396.30","4,411.64","−4.36 (−0.10%)","0.00","0.00","4,398.33","4,402.17","4,398.64","4,445.41","4,389.50"
"Tue 24 Mar '26   14:00","4,381.43","4,433.51","4,380.69","4,416.00","+34.51 (+0.79%)","0.00","0.00","4,396.93","4,399.81","4,397.34","4,446.79","4,387.98"
"Tue 24 Mar '26   13:00","4,378.96","4,389.89","4,351.53","4,381.49","+2.51 (+0.06%)","0.00","0.00","4,394.93","4,395.76","4,395.47","4,448.04","4,385.79"
"Tue 24 Mar '26   12:00","4,408.11","4,427.50","4,362.28","4,378.98","−29.11 (−0.66%)","0.00","0.00","4,396.34","4,399.32","4,396.87","4,450.76","4,386.15"
"Tue 24 Mar '26   11:00","4,438.68","4,442.04","4,374.93","4,408.09","−30.59 (−0.69%)","0.00","0.00","4,398.17","4,404.41","4,398.66","4,453.69","4,386.73"
"Tue 24 Mar '26   10:00","4,426.42","4,441.71","4,414.71","4,438.68","+12.28 (+0.28%)","0.00","0.00","4,397.12","4,403.49","4,397.72","4,455.55","4,385.01"
"Tue 24 Mar '26   09:00","4,412.16","4,430.91","4,396.03","4,426.40","+14.41 (+0.33%)","0.00","0.00","4,392.75","4,394.69","4,393.62","4,456.24","4,381.04"
"Tue 24 Mar '26   08:00","4,417.28","4,420.91","4,391.31","4,411.99","−5.33 (−0.12%)","0.00","0.00","4,389.21","4,386.76","4,390.34","4,457.46","4,377.29"
"Tue 24 Mar '26   07:00","4,402.12","4,432.69","4,399.79","4,417.32","+15.10 (+0.34%)","1.00","0.00","4,386.81","4,380.46","4,388.18","4,459.31","4,373.65"
"Tue 24 Mar '26   06:00","4,347.25","4,405.17","4,342.95","4,402.22","+54.93 (+1.26%)","0.00","0.00","4,383.60","4,371.24","4,385.27","4,461.03","4,368.51"
"Tue 24 Mar '26   05:00","4,333.43","4,374.22","4,319.90","4,347.29","+13.91 (+0.32%)","0.00","0.00","4,381.64","4,363.50","4,383.57","4,463.43","4,363.81"
"Tue 24 Mar '26   04:00","4,347.11","4,357.27","4,326.54","4,333.38","−13.74 (−0.32%)","0.00","0.00","4,385.25","4,367.55","4,387.20","4,468.17","4,366.38"
"Tue 24 Mar '26   03:00","4,366.04","4,368.24","4,335.10","4,347.12","−18.95 (−0.43%)","0.00","0.00","4,390.71","4,376.09","4,392.58","4,473.67","4,371.07"
"Tue 24 Mar '26   02:00","4,322.20","4,379.39","4,305.74","4,366.07","+43.90 (+1.02%)","0.00","0.00","4,395.30","4,383.34","4,397.13","4,478.83","4,375.76"
"Tue 24 Mar '26   01:00","4,364.74","4,374.35","4,307.97","4,322.17","−42.59 (−0.98%)","0.00","0.00","4,398.38","4,387.65","4,400.23","4,483.44","4,378.71"
"Tue 24 Mar '26   00:00","4,441.23","4,446.67","4,331.52","4,364.76","−76.49 (−1.72%)","0.00","1.00","4,406.40","4,404.02","4,408.04","4,490.02","4,405.16"
"Mon 23 Mar '26   23:00","4,426.95","4,448.37","4,421.88","4,441.25","+14.30 (+0.32%)","0.00","0.00","4,410.78","4,413.84","4,412.36","4,495.13","4,434.01"
"Mon 23 Mar '26   22:00","4,413.92","4,431.43","4,361.74","4,426.95","+20.13 (+0.46%)","0.00","0.00","4,407.58","4,406.98","4,409.48","4,497.33","4,426.95"
"Mon 23 Mar '26   20:00","4,398.05","4,413.04","4,383.00","4,406.82","+9.05 (+0.21%)","0.00","0.00","4,405.54","4,401.99","4,407.73","4,500.20","4,367.07"
"Mon 23 Mar '26   19:00","4,449.03","4,450.64","4,393.04","4,397.77","−51.28 (−1.15%)","0.00","0.00","4,405.40","4,400.79","4,407.82","4,504.01","4,366.03"
"Mon 23 Mar '26   18:00","4,426.45","4,467.05","4,402.76","4,449.05","+22.71 (+0.51%)","1.00","0.00","4,406.21","4,401.54","4,408.82","4,508.35","4,364.52"
"Mon 23 Mar '26   17:00","4,375.67","4,438.85","4,371.04","4,426.34","+50.78 (+1.16%)","0.00","0.00","4,401.70","4,389.66","4,404.80","4,510.77","4,360.32"
"Mon 23 Mar '26   16:00","4,363.94","4,391.67","4,352.66","4,375.56","+11.52 (+0.26%)","0.00","0.00","4,399.10","4,380.49","4,402.65","4,514.22","4,356.68"
"Mon 23 Mar '26   15:00","4,461.87","4,487.04","4,351.35","4,364.04","−97.83 (−2.19%)","0.00","1.00","4,401.58","4,381.73","4,405.36","4,519.88","4,355.50"
"Mon 23 Mar '26   14:00","4,454.20","4,512.90","4,453.50","4,461.87","+7.66 (+0.17%)","0.00","0.00","4,405.53","4,386.15","4,409.49","4,526.24","4,354.92"
"Mon 23 Mar '26   13:00","4,478.61","4,485.34","4,402.12","4,454.21","−24.47 (−0.55%)","0.00","0.00","4,399.60","4,367.22","4,404.25","4,528.86","4,347.19"
"Mon 23 Mar '26   12:00","4,379.23","4,492.61","4,336.86","4,478.68","+99.40 (+2.27%)","0.00","0.00","4,393.86","4,345.47","4,399.25","4,531.91","4,338.85"
"Mon 23 Mar '26   11:00","4,269.09","4,462.49","4,269.09","4,379.28","+110.20 (+2.58%)","1.00","0.00","4,384.93","4,312.17","4,391.31","4,534.08","4,327.19"
"Mon 23 Mar '26   10:00","4,253.97","4,281.81","4,241.16","4,269.08","+15.50 (+0.36%)","0.00","0.00","4,385.52","4,295.39","4,392.51","4,540.40","4,322.46"
"Mon 23 Mar '26   09:00","4,251.30","4,308.34","4,223.81","4,253.58","+2.29 (+0.05%)","0.00","0.00","4,397.78","4,301.97","4,404.86","4,551.48","4,326.84"
"Mon 23 Mar '26   08:00","4,204.16","4,270.58","4,203.37","4,251.29","+47.07 (+1.12%)","0.00","0.00","4,412.96","4,314.07","4,419.99","4,563.64","4,333.81"
"Mon 23 Mar '26   07:00","4,220.28","4,232.59","4,098.87","4,204.22","−16.06 (−0.38%)","0.00","0.00","4,429.98","4,329.77","4,436.86","4,576.38","4,343.06"
"Mon 23 Mar '26   06:00","4,310.31","4,310.35","4,163.27","4,220.28","−90.02 (−2.09%)","0.00","0.00","4,453.74","4,361.15","4,460.12","4,591.57","4,361.68"
"Mon 23 Mar '26   05:00","4,367.59","4,380.18","4,302.44","4,310.30","−57.31 (−1.31%)","0.00","0.00","4,478.31","4,396.37","4,484.10","4,606.73","4,383.11"
"Mon 23 Mar '26   04:00","4,352.85","4,381.95","4,350.09","4,367.61","+14.76 (+0.34%)","0.00","0.00","4,496.00","4,417.89","4,501.48","4,618.83","4,393.64"
"Mon 23 Mar '26   03:00","4,360.65","4,377.92","4,335.06","4,352.85","−7.77 (−0.18%)","0.00","0.00","4,509.51","4,430.46","4,514.87","4,629.08","4,397.12"
"Mon 23 Mar '26   02:00","4,387.49","4,422.03","4,354.93","4,360.62","−26.81 (−0.61%)","0.00","0.00","4,526.00","4,449.86","4,531.07","4,640.36","4,405.51"
"Mon 23 Mar '26   01:00","4,354.40","4,454.26","4,330.51","4,387.43","+33.13 (+0.76%)","0.00","0.00","4,543.41","4,472.17","4,548.12","4,651.78","4,417.66"
"Mon 23 Mar '26   00:00","4,464.79","4,473.29","4,319.96","4,354.30","−110.48 (−2.47%)","0.00","0.00","4,559.83","4,493.35","4,564.19","4,662.56","4,430.48"
"Sun 22 Mar '26   23:00","4,498.27","4,510.78","4,452.32","4,464.78","−33.43 (−0.74%)","0.00","0.00","4,581.47","4,528.12","4,585.18","4,675.15","4,481.33"
"Sun 22 Mar '26   22:00","4,473.06","4,536.30","4,449.48","4,498.21","+0.20 (+0.00%)","0.00","0.00","4,593.75","4,543.95","4,597.22","4,683.73","4,498.21"
"Fri 20 Mar '26   20:00","4,501.49","4,514.68","4,493.78","4,498.01","−3.48 (−0.08%)","0.00","0.00","4,603.81","4,555.39","4,607.12","4,691.31","4,623.19"
"Fri 20 Mar '26   19:00","4,499.88","4,516.64","4,485.45","4,501.49","+1.61 (+0.04%)","0.00","0.00","4,614.94","4,569.73","4,618.03","4,699.20","4,627.66"
"Fri 20 Mar '26   18:00","4,573.52","4,578.48","4,477.33","4,499.88","−73.64 (−1.61%)","0.00","0.00","4,626.89","4,586.79","4,629.68","4,707.27","4,635.63"
"Fri 20 Mar '26   17:00","4,583.22","4,600.60","4,554.39","4,573.52","−9.77 (−0.21%)","0.00","0.00","4,640.26","4,608.52","4,642.66","4,715.73","4,644.37"
"Fri 20 Mar '26   16:00","4,553.51","4,613.86","4,552.02","4,583.29","+29.82 (+0.65%)","0.00","0.00","4,647.28","4,617.27","4,649.57","4,721.53","4,649.18"
"Fri 20 Mar '26   15:00","4,563.93","4,580.32","4,540.73","4,553.47","−10.60 (−0.23%)","0.00","0.00","4,654.02","4,625.76","4,656.20","4,727.18","4,654.07"
"Fri 20 Mar '26   14:00","4,616.47","4,622.53","4,548.10","4,564.07","−52.38 (−1.13%)","0.00","0.00","4,664.60","4,643.83","4,666.48","4,734.27","4,662.55"
"Fri 20 Mar '26   13:00","4,678.24","4,679.39","4,612.87","4,616.45","−61.78 (−1.32%)","0.00","0.00","4,675.18","4,663.77","4,676.72","4,741.21","4,672.29"
"Fri 20 Mar '26   12:00","4,671.71","4,695.61","4,662.01","4,678.23","+6.52 (+0.14%)","0.00","0.00","4,681.37","4,675.60","4,682.74","4,746.31","4,677.96"
"Fri 20 Mar '26   11:00","4,645.32","4,674.29","4,637.16","4,671.71","+26.40 (+0.57%)","0.00","0.00","4,681.70","4,674.95","4,683.19","4,749.08","4,677.93"
"Fri 20 Mar '26   10:00","4,667.71","4,670.11","4,638.20","4,645.31","−22.40 (−0.48%)","0.00","0.00","4,682.75","4,675.76","4,684.34","4,752.24","4,678.45"
"Fri 20 Mar '26   09:00","4,693.76","4,700.47","4,659.89","4,667.71","−26.05 (−0.55%)","0.00","0.00","4,686.69","4,683.37","4,688.25","4,756.61","4,681.65"
"Fri 20 Mar '26   08:00","4,706.37","4,734.77","4,684.83","4,693.76","−12.62 (−0.27%)","0.00","0.00","4,688.69","4,687.28","4,690.30","4,760.24","4,682.96"
"Fri 20 Mar '26   07:00","4,669.28","4,707.93","4,668.05","4,706.38","+37.19 (+0.80%)","0.00","0.00","4,688.15","4,685.66","4,689.95","4,762.95","4,681.76"
"Fri 20 Mar '26   06:00","4,688.40","4,701.08","4,661.36","4,669.19","−19.22 (−0.41%)","0.00","1.00","4,686.23","4,680.48","4,688.31","4,765.26","4,679.30"
"Fri 20 Mar '26   05:00","4,721.76","4,723.60","4,685.77","4,688.41","−33.30 (−0.71%)","0.00","0.00","4,688.03","4,683.30","4,690.22","4,769.18","4,680.93"
"Fri 20 Mar '26   04:00","4,725.71","4,727.62","4,715.55","4,721.71","−4.01 (−0.08%)","0.00","0.00","4,687.99","4,682.03","4,690.40","4,772.48","4,679.74"
"Fri 20 Mar '26   03:00","4,698.43","4,735.74","4,693.28","4,725.72","+27.36 (+0.58%)","0.00","0.00","4,684.44","4,672.11","4,687.27","4,774.55","4,675.28"
"Fri 20 Mar '26   02:00","4,677.49","4,703.67","4,670.39","4,698.36","+21.01 (+0.45%)","0.00","0.00","4,680.09","4,658.70","4,683.43","4,776.54","4,664.43"
"Fri 20 Mar '26   01:00","4,648.61","4,699.49","4,639.22","4,677.35","+28.74 (+0.62%)","0.00","0.00","4,678.17","4,648.79","4,681.93","4,779.73","4,654.93"
"Fri 20 Mar '26   00:00","4,643.53","4,665.07","4,642.19","4,648.61","+5.08 (+0.11%)","0.00","0.00","4,678.25","4,641.65","4,682.39","4,783.91","4,642.82"
"Thu 19 Mar '26   23:00","4,636.40","4,647.90","4,634.23","4,643.53","+7.14 (+0.15%)","0.00","0.00","4,681.37","4,639.91","4,685.77","4,789.43","4,639.68"
"Thu 19 Mar '26   22:00","4,656.57","4,677.10","4,636.23","4,636.39","−21.30 (−0.46%)","0.00","0.00","4,685.36","4,639.01","4,689.99","4,795.39","4,636.39"
"Thu 19 Mar '26   20:00","4,643.65","4,661.99","4,642.86","4,657.69","+13.97 (+0.30%)","0.00","0.00","4,690.51","4,639.66","4,695.36","4,801.88","4,697.26"
"Thu 19 Mar '26   19:00","4,623.00","4,663.28","4,623.00","4,643.72","+20.72 (+0.45%)","0.00","0.00","4,693.97","4,635.15","4,699.12","4,807.76","4,698.36"
"Thu 19 Mar '26   18:00","4,616.17","4,623.13","4,596.22","4,623.00","+6.83 (+0.15%)","0.00","0.00","4,699.26","4,633.01","4,704.66","4,814.46","4,701.62"
"Thu 19 Mar '26   17:00","4,584.89","4,629.87","4,573.90","4,616.17","+31.23 (+0.68%)","0.00","0.00","4,707.28","4,635.51","4,712.83","4,822.27","4,705.72"
"Thu 19 Mar '26   16:00","4,596.42","4,626.49","4,576.84","4,584.94","−11.52 (−0.25%)","0.00","0.00","4,716.87","4,640.35","4,722.49","4,830.69","4,711.23"
"Thu 19 Mar '26   15:00","4,601.53","4,638.64","4,566.27","4,596.46","−5.39 (−0.12%)","0.00","0.00","4,730.76","4,654.20","4,736.25","4,840.72","4,720.09"
"Thu 19 Mar '26   14:00","4,621.00","4,649.13","4,581.18","4,601.85","−19.26 (−0.42%)","0.00","0.00","4,744.90","4,668.63","4,750.23","4,850.69","4,729.84"
"Thu 19 Mar '26   13:00","4,574.34","4,621.30","4,502.60","4,621.11","+46.78 (+1.02%)","1.00","0.00","4,759.96","4,685.33","4,765.07","4,860.84","4,741.49"
"Thu 19 Mar '26   12:00","4,651.70","4,653.90","4,531.60","4,574.33","−77.45 (−1.66%)","0.00","0.00","4,774.57","4,701.39","4,779.46","4,870.63","4,753.94"
"Thu 19 Mar '26   11:00","4,679.16","4,699.76","4,650.87","4,651.78","−27.37 (−0.58%)","0.00","0.00","4,795.65","4,733.15","4,799.97","4,882.72","4,772.17"
"Thu 19 Mar '26   10:00","4,698.93","4,719.89","4,666.67","4,679.15","−19.80 (−0.42%)","0.00","0.00","4,810.79","4,753.49","4,814.79","4,892.15","4,783.01"
"Thu 19 Mar '26   09:00","4,709.24","4,725.87","4,687.78","4,698.95","−10.23 (−0.22%)","0.00","0.00","4,824.65","4,772.08","4,828.36","4,900.84","4,793.40"
"Thu 19 Mar '26   08:00","4,728.04","4,740.36","4,686.85","4,709.18","−18.85 (−0.40%)","0.00","0.00","4,837.88","4,790.36","4,841.30","4,909.08","4,805.14"
"Thu 19 Mar '26   07:00","4,763.83","4,784.33","4,727.44","4,728.03","−35.77 (−0.75%)","0.00","0.00","4,851.43","4,810.66","4,854.51","4,917.24","4,818.76"
"Thu 19 Mar '26   06:00","4,827.57","4,842.29","4,747.87","4,763.80","−63.77 (−1.32%)","0.00","1.00","4,864.42","4,831.31","4,867.16","4,924.97","4,831.18"
"Thu 19 Mar '26   05:00","4,849.81","4,853.84","4,827.08","4,827.57","−22.25 (−0.46%)","0.00","0.00","4,875.01","4,848.19","4,877.50","4,931.54","4,843.78"
"Thu 19 Mar '26   04:00","4,850.89","4,853.67","4,845.80","4,849.82","−1.05 (−0.02%)","0.00","0.00","4,880.00","4,853.35","4,882.49","4,935.79","4,846.23"
"Thu 19 Mar '26   03:00","4,858.79","4,866.14","4,850.85","4,850.87","−7.93 (−0.16%)","0.00","0.00","4,883.18","4,854.23","4,885.76","4,939.30","4,845.82"
"Thu 19 Mar '26   02:00","4,849.99","4,862.06","4,841.78","4,858.80","+8.82 (+0.18%)","1.00","0.00","4,886.58","4,855.07","4,889.24","4,942.91","4,844.98"
"Thu 19 Mar '26   01:00","4,841.35","4,867.23","4,832.99","4,849.98","+8.64 (+0.18%)","0.00","0.00","4,889.51","4,854.13","4,892.29","4,946.34","4,841.35"
"Thu 19 Mar '26   00:00","4,836.69","4,848.78","4,835.33","4,841.34","+4.63 (+0.10%)","0.00","0.00","4,893.67","4,855.17","4,896.52","4,950.27","4,837.47"
"Wed 18 Mar '26   23:00","4,834.59","4,842.60","4,828.30","4,836.71","+2.12 (+0.04%)","0.00","0.00","4,899.18","4,858.63","4,902.04","4,954.72","4,835.51"
"Wed 18 Mar '26   22:00","4,828.71","4,839.01","4,804.41","4,834.59","+15.92 (+0.33%)","0.00","0.00","4,905.75","4,864.11","4,908.57","4,959.53","4,834.59"
"Wed 18 Mar '26   20:00","4,843.04","4,848.61","4,806.97","4,818.67","−24.44 (−0.50%)","0.00","0.00","4,913.24","4,871.49","4,915.97","4,964.63","4,923.07"
"Wed 18 Mar '26   19:00","4,852.98","4,865.25","4,838.33","4,843.11","−9.85 (−0.20%)","0.00","0.00","4,923.20","4,884.69","4,925.70","4,970.59","4,927.73"
"Wed 18 Mar '26   18:00","4,891.00","4,899.24","4,852.40","4,852.96","−37.97 (−0.78%)","0.00","0.00","4,931.63","4,895.09","4,933.96","4,975.79","4,933.60"
"Wed 18 Mar '26   17:00","4,886.88","4,899.02","4,883.90","4,890.93","+4.04 (+0.08%)","0.00","0.00","4,939.91","4,905.62","4,942.06","4,980.81","4,939.77"
"Wed 18 Mar '26   16:00","4,862.44","4,890.33","4,860.96","4,886.89","+24.43 (+0.50%)","0.00","0.00","4,945.06","4,909.29","4,947.17","4,984.48","4,942.85"
"Wed 18 Mar '26   15:00","4,869.58","4,880.00","4,861.19","4,862.46","−7.11 (−0.15%)","0.00","0.00","4,951.19","4,914.89","4,953.20","4,988.46","4,946.69"
"Wed 18 Mar '26   14:00","4,878.29","4,894.62","4,856.73","4,869.57","−8.70 (−0.18%)","0.00","0.00","4,960.52","4,928.00","4,962.27","4,993.60","4,953.50"
"Wed 18 Mar '26   13:00","4,881.57","4,885.45","4,834.28","4,878.27","−3.32 (−0.07%)","0.00","0.00","4,970.10","4,942.61","4,971.54","4,998.67","4,962.39"
"Wed 18 Mar '26   12:00","4,930.20","4,932.48","4,870.90","4,881.59","−48.63 (−0.99%)","0.00","0.00","4,979.77","4,958.69","4,980.87","5,003.58","4,973.81"
"Wed 18 Mar '26   11:00","4,967.95","4,974.01","4,925.08","4,930.22","−37.74 (−0.76%)","0.00","0.00","4,990.10","4,977.97","4,990.79","5,008.56","4,986.39"
"Wed 18 Mar '26   10:00","4,992.18","4,992.21","4,959.01","4,967.96","−24.22 (−0.49%)","0.00","0.00","4,996.40","4,989.91","4,996.85","5,011.76","4,993.72"
"Wed 18 Mar '26   09:00","4,987.57","4,995.65","4,984.83","4,992.18","+4.60 (+0.09%)","0.00","0.00","4,999.40","4,995.39","4,999.74","5,013.54","4,996.20"
"Wed 18 Mar '26   08:00","4,995.05","4,996.90","4,977.42","4,987.58","−7.47 (−0.15%)","0.00","0.00","5,000.16","4,996.20","5,000.50","5,014.42","4,996.52"
"Wed 18 Mar '26   07:00","5,009.38","5,014.90","4,990.41","4,995.05","−14.32 (−0.29%)","0.00","0.00","5,001.48","4,998.35","5,001.79","5,015.51","4,997.56"
"Wed 18 Mar '26   06:00","4,997.68","5,016.34","4,996.42","5,009.37","+11.70 (+0.23%)","0.00","0.00","5,002.16","4,999.17","5,002.46","5,016.35","4,997.83"
"Wed 18 Mar '26   05:00","4,987.06","5,002.61","4,984.74","4,997.67","+10.61 (+0.21%)","0.00","0.00","5,001.40","4,996.63","5,001.77","5,016.63","4,995.99"
"Wed 18 Mar '26   04:00","4,991.26","4,993.58","4,981.90","4,987.06","−4.22 (−0.08%)","0.00","0.00","5,001.79","4,996.36","5,002.18","5,017.40","4,995.68"
"Wed 18 Mar '26   03:00","4,991.98","4,997.67","4,986.22","4,991.28","−0.73 (−0.01%)","0.00","0.00","5,003.34","4,998.69","5,003.69","5,018.64","4,997.00"
"Wed 18 Mar '26   02:00","4,998.65","5,007.02","4,990.58","4,992.01","−6.65 (−0.13%)","0.00","1.00","5,004.61","5,000.54","5,004.94","5,019.76","4,998.44"
"Wed 18 Mar '26   01:00","5,004.24","5,015.85","4,991.38","4,998.66","−5.58 (−0.11%)","0.00","0.00","5,005.94","5,002.68","5,006.23","5,020.89","5,000.91"
"Wed 18 Mar '26   00:00","5,002.93","5,012.36","5,000.20","5,004.24","+1.27 (+0.03%)","0.00","0.00","5,006.70","5,003.68","5,006.99","5,021.80","5,002.70"
"Tue 17 Mar '26   23:00","4,999.92","5,003.83","4,998.87","5,002.97","+3.07 (+0.06%)","0.00","0.00","5,006.96","5,003.54","5,007.26","5,022.52","5,001.30"
"Tue 17 Mar '26   22:00","5,005.84","5,005.86","4,993.36","4,999.90","−3.53 (−0.07%)","0.00","0.00","5,007.38","5,003.68","5,007.69","5,023.31","4,999.90"
"Tue 17 Mar '26   20:00","5,000.32","5,006.40","4,999.93","5,003.43","+3.15 (+0.06%)","0.00","0.00","5,008.17","5,004.63","5,008.47","5,024.27","5,011.68"
"Tue 17 Mar '26   19:00","5,003.76","5,005.61","4,996.46","5,000.28","−3.51 (−0.07%)","0.00","0.00","5,008.67","5,004.93","5,008.97","5,025.12","5,011.83"
"Tue 17 Mar '26   18:00","5,002.47","5,009.02","4,999.78","5,003.79","+1.33 (+0.03%)","0.00","0.00","5,009.55","5,006.09","5,009.84","5,026.14","5,012.36"
"Tue 17 Mar '26   17:00","5,001.90","5,008.72","4,996.47","5,002.46","+0.46 (+0.01%)","0.00","0.00","5,010.16","5,006.66","5,010.45","5,027.05","5,012.72"
"Tue 17 Mar '26   16:00","4,997.84","5,005.85","4,991.59","5,002.00","+4.20 (+0.08%)","0.00","0.00","5,010.97","5,007.72","5,011.24","5,028.05","5,013.26"
"Tue 17 Mar '26   15:00","5,007.68","5,017.54","4,973.61","4,997.80","−9.88 (−0.20%)","0.00","0.00","5,011.91","5,009.14","5,012.17","5,029.11","5,014.06"
"Tue 17 Mar '26   14:00","5,016.65","5,020.56","5,002.96","5,007.68","−8.97 (−0.18%)","0.00","0.00","5,013.39","5,011.98","5,013.61","5,030.39","5,015.49"
"Tue 17 Mar '26   13:00","5,011.78","5,031.49","5,005.60","5,016.65","+4.87 (+0.10%)","0.00","0.00","5,014.00","5,013.06","5,014.20","5,031.32","5,016.21"
"Tue 17 Mar '26   12:00","5,003.31","5,023.90","4,999.44","5,011.78","+8.46 (+0.17%)","0.00","0.00","5,013.72","5,012.16","5,013.95","5,031.92","5,016.17"
"Tue 17 Mar '26   11:00","5,000.23","5,011.47","4,996.75","5,003.32","+3.05 (+0.06%)","0.00","0.00","5,013.92","5,012.25","5,014.17","5,032.74","5,016.53"
"Tue 17 Mar '26   10:00","5,010.52","5,016.51","4,992.14","5,000.27","−10.33 (−0.21%)","0.00","0.00","5,015.04","5,014.49","5,015.26","5,033.94","5,017.37"
"Tue 17 Mar '26   09:00","5,024.81","5,025.91","5,010.11","5,010.60","−14.21 (−0.28%)","0.00","0.00","5,016.59","5,018.04","5,016.75","5,035.32","5,018.87"
"Tue 17 Mar '26   08:00","5,021.26","5,029.65","5,018.51","5,024.81","+3.54 (+0.07%)","0.00","0.00","5,017.22","5,019.90","5,017.37","5,036.32","5,019.55"
"Tue 17 Mar '26   07:00","5,009.91","5,028.07","5,008.99","5,021.27","+11.34 (+0.23%)","0.00","0.00","5,016.42","5,018.67","5,016.63","5,036.79","5,019.05"
"Tue 17 Mar '26   06:00","5,020.84","5,022.84","5,005.16","5,009.93","−10.86 (−0.22%)","0.00","0.00","5,015.91","5,018.02","5,016.16","5,037.43","5,018.84"
"Tue 17 Mar '26   05:00","5,037.96","5,044.57","5,020.15","5,020.79","−17.15 (−0.34%)","0.00","0.00","5,016.54","5,020.05","5,016.79","5,038.55","5,020.30"
"Tue 17 Mar '26   04:00","5,027.61","5,041.94","5,026.31","5,037.94","+10.34 (+0.21%)","1.00","0.00","5,016.10","5,019.86","5,016.38","5,039.27","5,020.22"
"Tue 17 Mar '26   03:00","5,022.59","5,033.58","5,020.61","5,027.60","+5.00 (+0.10%)","0.00","0.00","5,013.80","5,015.34","5,014.23","5,039.33","5,017.65"
"Tue 17 Mar '26   02:00","5,027.82","5,029.76","5,019.96","5,022.60","−5.23 (−0.10%)","0.00","0.00","5,012.34","5,012.27","5,012.89","5,039.81","5,015.73"
"Tue 17 Mar '26   01:00","5,002.98","5,027.92","4,994.87","5,027.83","+24.88 (+0.50%)","0.00","0.00","5,011.26","5,009.69","5,011.92","5,040.51","5,013.65"
"Tue 17 Mar '26   00:00","5,012.89","5,014.13","4,998.21","5,002.95","−9.99 (−0.20%)","0.00","0.00","5,009.52","5,005.16","5,010.33","5,041.03","5,005.46"
"Mon 16 Mar '26   23:00","5,002.32","5,015.58","5,002.06","5,012.94","+10.62 (+0.21%)","0.00","0.00","5,010.21","5,005.71","5,011.07","5,042.58","5,007.36"
"Mon 16 Mar '26   22:00","5,006.92","5,016.02","4,998.61","5,002.32","−4.12 (−0.08%)","0.00","0.00","5,009.92","5,003.90","5,010.88","5,043.79","5,002.32"
"Mon 16 Mar '26   20:00","5,012.96","5,021.62","5,004.75","5,006.44","−6.52 (−0.13%)","0.00","0.00","5,010.72","5,004.30","5,011.74","5,045.48","5,005.84"
"Mon 16 Mar '26   19:00","5,012.69","5,020.26","5,008.14","5,012.96","+0.25 (+0.00%)","0.00","0.00","5,011.18","5,003.76","5,012.27","5,047.08","5,005.83"
"Mon 16 Mar '26   18:00","4,991.31","5,017.79","4,990.04","5,012.71","+21.43 (+0.43%)","0.00","0.00","5,010.99","5,001.46","5,012.20","5,048.47","5,005.52"
"Mon 16 Mar '26   17:00","4,990.46","5,003.89","4,984.05","4,991.28","+0.83 (+0.02%)","0.00","0.00","5,010.81","4,998.65","5,012.15","5,049.93","5,005.19"
"Mon 16 Mar '26   16:00","4,987.04","4,998.83","4,974.11","4,990.45","+3.40 (+0.07%)","0.00","0.00","5,012.86","5,000.49","5,014.23","5,052.32","5,005.95"
"Mon 16 Mar '26   15:00","4,996.09","5,005.72","4,983.94","4,987.05","−9.03 (−0.18%)","0.00","1.00","5,015.22","5,003.00","5,016.61","5,054.85","5,006.90"
"Mon 16 Mar '26   14:00","5,029.83","5,037.96","4,987.99","4,996.08","−33.74 (−0.67%)","0.00","0.00","5,018.19","5,006.99","5,019.57","5,057.62","5,008.20"
"Mon 16 Mar '26   13:00","5,019.94","5,034.33","5,013.94","5,029.82","+9.89 (+0.20%)","0.00","0.00","5,020.51","5,009.71","5,021.92","5,060.13","5,009.19"
"Mon 16 Mar '26   12:00","4,997.09","5,025.02","4,994.47","5,019.93","+22.85 (+0.46%)","1.00","0.00","5,019.53","5,004.69","5,021.13","5,061.37","5,007.49"
"Mon 16 Mar '26   11:00","4,998.77","5,022.67","4,992.90","4,997.08","−1.68 (−0.03%)","0.00","0.00","5,019.49","5,000.88","5,021.25","5,063.06","5,006.58"
"Mon 16 Mar '26   10:00","4,975.37","4,999.50","4,970.22","4,998.76","+23.38 (+0.47%)","0.00","0.00","5,021.85","5,001.83","5,023.66","5,065.75","5,007.24"
"Mon 16 Mar '26   09:00","4,991.21","4,991.66","4,972.69","4,975.38","−15.80 (−0.32%)","0.00","0.00","5,024.28","5,002.59","5,026.15","5,068.48","5,007.89"
"Mon 16 Mar '26   08:00","4,995.62","5,003.54","4,985.04","4,991.18","−4.32 (−0.09%)","0.00","0.00","5,029.43","5,009.40","5,031.23","5,072.28","5,010.48"
"Mon 16 Mar '26   07:00","5,012.24","5,016.43","4,991.95","4,995.50","−16.73 (−0.33%)","0.00","0.00","5,033.46","5,013.95","5,035.24","5,075.60","5,012.30"
"Mon 16 Mar '26   06:00","5,017.38","5,035.99","5,005.50","5,012.23","−5.18 (−0.10%)","0.00","0.00","5,037.45","5,018.57","5,039.21","5,078.86","5,013.93"
"Mon 16 Mar '26   05:00","5,012.84","5,020.05","5,003.26","5,017.41","+4.55 (+0.09%)","0.00","0.00","5,040.11","5,020.15","5,041.91","5,081.58","5,014.14"
"Mon 16 Mar '26   04:00","5,019.23","5,026.26","5,012.49","5,012.86","−6.37 (−0.13%)","0.00","0.00","5,042.50","5,020.83","5,044.36","5,084.20","5,013.75"
"Mon 16 Mar '26   03:00","5,003.57","5,020.69","4,998.13","5,019.23","+15.66 (+0.31%)","0.00","0.00","5,045.62","5,022.83","5,047.51","5,087.12","5,013.83"
"Mon 16 Mar '26   02:00","5,016.07","5,018.83","4,997.95","5,003.57","−12.51 (−0.25%)","0.00","0.00","5,048.39","5,023.73","5,050.34","5,089.89","5,012.97"
"Mon 16 Mar '26   01:00","5,025.89","5,026.53","4,982.70","5,016.08","−9.70 (−0.19%)","0.00","0.00","5,053.11","5,028.77","5,055.01","5,093.41","5,015.24"
"Mon 16 Mar '26   00:00","4,997.60","5,030.86","4,996.85","5,025.78","+28.21 (+0.56%)","0.00","0.00","5,057.01","5,031.94","5,058.91","5,096.57","5,014.88"
"Sun 15 Mar '26   23:00","5,024.99","5,026.21","4,967.67","4,997.57","−27.44 (−0.55%)","0.00","0.00","5,060.30","5,033.48","5,062.22","5,099.45","5,009.37"
"Sun 15 Mar '26   22:00","4,998.82","5,030.54","4,998.14","5,025.01","+6.26 (+0.12%)","0.00","0.00","5,066.90","5,042.45","5,068.68","5,103.61","5,025.01"
"Fri 13 Mar '26   20:00","5,016.99","5,025.46","5,012.43","5,018.75","+2.24 (+0.04%)","0.00","0.00","5,071.31","5,046.81","5,073.05","5,106.82","5,078.22"
"Fri 13 Mar '26   19:00","5,046.45","5,049.86","5,009.73","5,016.51","−29.93 (−0.59%)","0.00","0.00","5,076.84","5,053.83","5,078.48","5,110.42","5,080.17"
"Fri 13 Mar '26   18:00","5,046.38","5,051.72","5,036.18","5,046.44","+0.06 (+0.00%)","0.00","0.00","5,083.19","5,063.16","5,084.68","5,114.25","5,083.76"
"Fri 13 Mar '26   17:00","5,046.02","5,063.85","5,043.47","5,046.38","+0.36 (+0.01%)","0.00","0.00","5,087.06","5,067.34","5,088.50","5,117.02","5,085.89"
"Fri 13 Mar '26   16:00","5,034.81","5,053.00","5,019.09","5,046.02","+11.19 (+0.22%)","0.00","0.00","5,091.34","5,072.58","5,092.71","5,119.90","5,088.60"
"Fri 13 Mar '26   15:00","5,041.77","5,071.39","5,032.17","5,034.83","−6.93 (−0.14%)","0.00","0.00","5,096.12","5,079.22","5,097.38","5,122.92","5,091.97"
"Fri 13 Mar '26   14:00","5,101.75","5,107.97","5,036.06","5,041.76","−60.10 (−1.18%)","0.00","1.00","5,102.57","5,090.32","5,103.64","5,126.51","5,097.08"
"Fri 13 Mar '26   13:00","5,118.32","5,121.22","5,096.68","5,101.86","−16.47 (−0.32%)","0.00","0.00","5,108.97","5,102.46","5,109.82","5,129.97","5,102.50"
"Fri 13 Mar '26   12:00","5,107.62","5,121.87","5,104.45","5,118.33","+10.59 (+0.21%)","0.00","0.00","5,109.72","5,102.61","5,110.62","5,131.12","5,102.56"
"Fri 13 Mar '26   11:00","5,094.91","5,107.80","5,086.34","5,107.74","+12.83 (+0.25%)","0.00","0.00","5,108.81","5,098.67","5,109.85","5,131.64","5,101.12"
"Fri 13 Mar '26   10:00","5,089.72","5,098.36","5,080.02","5,094.91","+5.20 (+0.10%)","0.00","0.00","5,108.92","5,096.41","5,110.06","5,132.62","5,100.63"
"Fri 13 Mar '26   09:00","5,087.54","5,097.12","5,083.35","5,089.71","+2.17 (+0.04%)","0.00","0.00","5,110.40","5,096.78","5,111.58","5,134.15","5,101.09"
"Fri 13 Mar '26   08:00","5,085.22","5,088.03","5,061.61","5,087.54","+2.33 (+0.05%)","0.00","0.00","5,112.57","5,098.55","5,113.76","5,135.97","5,102.12"
"Fri 13 Mar '26   07:00","5,088.24","5,094.22","5,071.76","5,085.21","−3.05 (−0.06%)","0.00","0.00","5,115.21","5,101.30","5,116.39","5,137.95","5,103.87"
"Fri 13 Mar '26   06:00","5,103.09","5,107.78","5,085.85","5,088.26","−14.82 (−0.29%)","0.00","0.00","5,118.37","5,105.33","5,119.50","5,140.10","5,106.24"
"Fri 13 Mar '26   05:00","5,104.37","5,111.00","5,098.27","5,103.08","−1.28 (−0.03%)","0.00","0.00","5,121.54","5,109.59","5,122.63","5,142.21","5,109.40"
"Fri 13 Mar '26   04:00","5,115.68","5,117.98","5,102.73","5,104.36","−11.32 (−0.22%)","0.00","0.00","5,123.48","5,111.22","5,124.58","5,143.81","5,110.38"
"Fri 13 Mar '26   03:00","5,112.05","5,116.78","5,106.39","5,115.68","+3.61 (+0.07%)","0.00","0.00","5,125.49","5,112.94","5,126.60","5,145.42","5,111.17"
"Fri 13 Mar '26   02:00","5,124.22","5,128.46","5,110.47","5,112.07","−12.17 (−0.24%)","0.00","0.00","5,126.52","5,112.25","5,127.70","5,146.63","5,110.27"
"Fri 13 Mar '26   01:00","5,113.75","5,124.27","5,108.89","5,124.24","+10.49 (+0.21%)","1.00","0.00","5,128.04","5,112.29","5,129.26","5,148.05","5,109.76"
"Fri 13 Mar '26   00:00","5,098.10","5,115.34","5,097.41","5,113.75","+15.63 (+0.31%)","0.00","0.00","5,128.45","5,109.31","5,129.76","5,149.02","5,102.66"
"Thu 12 Mar '26   23:00","5,095.87","5,101.32","5,089.00","5,098.12","+2.30 (+0.05%)","0.00","0.00","5,129.99","5,108.20","5,131.36","5,150.46","5,096.97"
"Thu 12 Mar '26   22:00","5,080.78","5,095.98","5,073.03","5,095.82","+16.04 (+0.32%)","0.00","0.00","5,133.35","5,110.72","5,134.69","5,152.59","5,095.82"
"Thu 12 Mar '26   20:00","5,084.86","5,090.56","5,055.11","5,079.78","−4.94 (−0.10%)","0.00","0.00","5,137.30","5,114.44","5,138.57","5,154.91","5,143.80"
"Thu 12 Mar '26   19:00","5,094.37","5,096.87","5,079.58","5,084.72","−9.69 (−0.19%)","0.00","0.00","5,143.35","5,123.11","5,144.45","5,157.98","5,146.28"
"Thu 12 Mar '26   18:00","5,105.33","5,112.59","5,090.93","5,094.41","−10.90 (−0.21%)","0.00","0.00","5,149.52","5,132.70","5,150.43","5,160.97","5,149.66"
"Thu 12 Mar '26   17:00","5,123.31","5,129.60","5,102.61","5,105.31","−18.15 (−0.35%)","0.00","0.00","5,155.32","5,142.28","5,156.03","5,163.68","5,152.79"
"Thu 12 Mar '26   16:00","5,132.37","5,138.06","5,121.35","5,123.46","−8.93 (−0.17%)","0.00","0.00","5,160.59","5,151.52","5,161.10","5,166.07","5,155.94"
"Thu 12 Mar '26   15:00","5,142.95","5,144.91","5,109.69","5,132.39","−10.56 (−0.21%)","0.00","0.00","5,164.50","5,158.53","5,164.86","5,167.81","5,158.31"
"Thu 12 Mar '26   14:00","5,151.40","5,163.65","5,138.42","5,142.95","−8.43 (−0.16%)","0.00","1.00","5,167.88","5,165.07","5,168.11","5,169.25","5,160.55"
"Thu 12 Mar '26   13:00","5,181.47","5,186.16","5,146.17","5,151.38","−30.10 (−0.58%)","0.00","0.00","5,170.50","5,170.60","5,170.63","5,170.32","5,162.22"
"Thu 12 Mar '26   12:00","5,179.03","5,185.58","5,163.90","5,181.48","+2.44 (+0.05%)","0.00","0.00","5,172.51","5,175.41","5,172.55","5,171.10","5,163.36"
"Thu 12 Mar '26   11:00","5,182.40","5,183.90","5,172.84","5,179.04","−3.35 (−0.06%)","0.00","0.00","5,171.57","5,173.89","5,171.66","5,170.67","5,161.76"
"Thu 12 Mar '26   10:00","5,188.34","5,191.74","5,176.31","5,182.39","−5.96 (−0.11%)","0.00","0.00","5,170.78","5,172.60","5,170.92","5,170.33","5,160.67"
"Thu 12 Mar '26   09:00","5,178.18","5,190.43","5,174.46","5,188.35","+10.17 (+0.20%)","0.00","0.00","5,169.56","5,170.15","5,169.77","5,169.84","5,159.10"
"Thu 12 Mar '26   08:00","5,182.39","5,189.80","5,176.02","5,178.18","−4.02 (−0.08%)","0.00","0.00","5,167.58","5,165.60","5,167.92","5,169.08","5,156.74"
"Thu 12 Mar '26   07:00","5,166.25","5,185.16","5,164.54","5,182.20","+15.96 (+0.31%)","1.00","0.00","5,166.47","5,162.46","5,166.89","5,168.71","5,154.85"
"Thu 12 Mar '26   06:00","5,154.54","5,170.31","5,147.31","5,166.24","+11.70 (+0.23%)","0.00","0.00","5,164.81","5,157.52","5,165.36","5,168.16","5,152.38"
"Thu 12 Mar '26   05:00","5,142.65","5,157.72","5,137.25","5,154.54","+11.88 (+0.23%)","0.00","0.00","5,164.66","5,155.34","5,165.27","5,168.24","5,150.68"
"Thu 12 Mar '26   04:00","5,153.17","5,153.97","5,140.57","5,142.66","−10.54 (−0.20%)","0.00","0.00","5,165.73","5,155.54","5,166.34","5,168.80","5,150.13"
"Thu 12 Mar '26   03:00","5,150.65","5,155.62","5,147.37","5,153.20","+2.53 (+0.05%)","0.00","0.00","5,168.16","5,158.76","5,168.71","5,169.87","5,150.94"
"Thu 12 Mar '26   02:00","5,168.65","5,175.21","5,145.74","5,150.67","−17.98 (−0.35%)","0.00","0.00","5,169.73","5,160.15","5,170.26","5,170.55","5,150.53"
"Thu 12 Mar '26   01:00","5,152.96","5,172.92","5,151.56","5,168.65","+15.75 (+0.31%)","0.00","0.00","5,171.74","5,162.52","5,172.22","5,171.36","5,150.50"
"Thu 12 Mar '26   00:00","5,134.30","5,161.59","5,125.52","5,152.90","+18.58 (+0.36%)","0.00","0.00","5,172.06","5,160.99","5,172.58","5,171.47","5,142.68"
"Wed 11 Mar '26   23:00","5,139.06","5,157.96","5,133.09","5,134.32","−4.74 (−0.09%)","0.00","0.00","5,174.08","5,163.01","5,174.55","5,172.23","5,136.46"
"Wed 11 Mar '26   22:00","5,179.09","5,183.51","5,129.77","5,139.06","−38.15 (−0.74%)","0.00","0.00","5,178.27","5,170.18","5,178.57","5,173.77","5,139.06"
"Wed 11 Mar '26   20:00","5,183.22","5,183.60","5,175.25","5,177.21","−6.10 (−0.12%)","0.00","0.00","5,182.39","5,177.96","5,182.52","5,175.19","5,187.82"
"Wed 11 Mar '26   19:00","5,172.61","5,183.62","5,169.32","5,183.31","+10.71 (+0.21%)","0.00","0.00","5,182.94","5,178.15","5,183.05","5,175.11","5,188.03"
"Wed 11 Mar '26   18:00","5,169.81","5,178.37","5,169.27","5,172.60","+2.68 (+0.05%)","0.00","0.00","5,182.90","5,176.85","5,183.03","5,174.77","5,188.23"