<DATE>	<TIME>	<OPEN>	<HIGH>	<LOW>	<CLOSE>	<TICKVOL>	<VOL>	<SPREAD>
2026.01.02	01:00:00	4325.84	4333.76	4322.16	4327.42	1765	0	19
2026.01.02	01:05:00	4327.43	4333.55	4327.36	4333.25	892	0	19
2026.01.02	01:10:00	4333.25	4335.40	4329.43	4330.89	1053	0	19
2026.01.02	01:15:00	4330.90	4334.37	4328.31	4334.34	949	0	19
2026.01.02	01:20:00	4334.34	4340.76	4332.95	4339.97	1288	0	19
2026.01.02	01:25:00	4339.94	4342.53	4338.20	4340.94	1545	0	19
2026.01.02	01:30:00	4340.96	4341.67	4340.57	4341.51	809	0	19
2026.01.02	01:35:00	4341.50	4344.09	4340.18	4340.66	1199	0	19
2026.01.02	01:40:00	4340.66	4345.53	4339.16	4345.36	1043	0	19
2026.01.02	01:45:00	4345.39	4346.00	4342.27	4343.02	1212	0	19
2026.01.02	01:50:00	4343.02	4347.50	4341.84	4347.48	1314	0	19
2026.01.02	01:55:00	4347.49	4351.37	4346.89	4348.36	1406	0	19
2026.01.02	02:00:00	4348.33	4349.11	4345.24	4346.48	1204	0	19
2026.01.02	02:05:00	4346.49	4350.46	4344.53	4350.18	1209	0	19
2026.01.02	02:10:00	4350.17	4353.03	4347.50	4348.00	1335	0	19
2026.01.02	02:15:00	4348.00	4349.32	4344.61	4344.63	1054	0	19
2026.01.02	02:20:00	4344.63	4347.37	4342.74	4343.49	1516	0	19
2026.01.02	02:25:00	4343.49	4347.57	4341.40	4347.27	1492	0	19
2026.01.02	02:30:00	4347.27	4349.36	4346.91	4348.42	1570	0	19
2026.01.02	02:35:00	4348.43	4350.83	4347.66	4348.63	1966	0	19
2026.01.02	02:40:00	4348.64	4350.65	4346.68	4349.68	1878	0	19
2026.01.02	02:45:00	4349.65	4353.27	4349.65	4351.89	1745	0	19
2026.01.02	02:50:00	4351.90	4353.08	4350.80	4352.26	1615	0	19
2026.01.02	02:55:00	4352.30	4355.95	4351.13	4354.10	1567	0	19
2026.01.02	03:00:00	4354.11	4356.01	4347.28	4347.97	1934	0	19
2026.01.02	03:05:00	4347.98	4350.22	4345.32	4346.27	2010	0	19
2026.01.02	03:10:00	4346.26	4350.95	4345.96	4346.60	1902	0	19
2026.01.02	03:15:00	4346.60	4349.66	4344.97	4349.14	1935	0	19
2026.01.02	03:20:00	4349.15	4349.83	4346.31	4346.37	2011	0	19
2026.01.02	03:25:00	4346.33	4349.54	4344.63	4349.17	2179	0	19
2026.01.02	03:30:00	4349.17	4351.36	4348.91	4349.69	2262	0	19
2026.01.02	03:35:00	4349.69	4351.46	4348.10	4348.94	2033	0	19
2026.01.02	03:40:00	4348.94	4349.73	4345.74	4346.65	1836	0	19
2026.01.02	03:45:00	4346.66	4352.20	4346.10	4352.17	1804	0	19
2026.01.02	03:50:00	4352.17	4354.49	4350.30	4350.30	2036	0	19
2026.01.02	03:55:00	4350.30	4350.58	4347.59	4348.00	1368	0	19
2026.01.02	04:00:00	4347.99	4351.94	4347.63	4350.05	1358	0	19
2026.01.02	04:05:00	4350.06	4350.07	4346.78	4347.76	1248	0	19
2026.01.02	04:10:00	4347.76	4347.76	4345.65	4346.97	1176	0	19
2026.01.02	04:15:00	4347.00	4347.97	4345.32	4347.58	1496	0	19
2026.01.02	04:20:00	4347.55	4347.78	4345.04	4346.64	1384	0	19
2026.01.02	04:25:00	4346.64	4348.36	4344.99	4347.76	2094	0	19
2026.01.02	04:30:00	4347.76	4350.43	4345.79	4346.91	2072	0	19
2026.01.02	04:35:00	4346.88	4353.35	4346.88	4352.19	2131	0	19
2026.01.02	04:40:00	4352.17	4352.45	4350.74	4351.50	1504	0	19
2026.01.02	04:45:00	4351.48	4355.71	4351.17	4354.96	1520	0	19
2026.01.02	04:50:00	4354.95	4359.87	4354.95	4359.25	1894	0	19
2026.01.02	04:55:00	4359.25	4363.18	4358.09	4362.92	2239	0	19
2026.01.02	05:00:00	4362.92	4364.51	4362.15	4363.99	1700	0	19
2026.01.02	05:05:00	4363.99	4366.51	4363.91	4365.34	1469	0	19
2026.01.02	05:10:00	4365.34	4371.78	4365.26	4369.02	2037	0	19
2026.01.02	05:15:00	4369.05	4369.10	4365.55	4366.56	1876	0	19
2026.01.02	05:20:00	4366.56	4370.70	4365.74	4369.88	1708	0	19
2026.01.02	05:25:00	4369.88	4369.96	4367.52	4369.07	1750	0	19
2026.01.02	05:30:00	4369.07	4373.10	4368.02	4371.18	1879	0	19
2026.01.02	05:35:00	4371.18	4372.10	4369.35	4371.14	1887	0	19
2026.01.02	05:40:00	4371.14	4374.57	4370.69	4373.73	1703	0	19
2026.01.02	05:45:00	4373.74	4375.65	4372.72	4373.43	1561	0	19
2026.01.02	05:50:00	4373.41	4375.39	4372.68	4373.96	1669	0	19
2026.01.02	05:55:00	4373.97	4375.52	4372.08	4375.14	1919	0	19
2026.01.02	06:00:00	4375.14	4377.67	4373.91	4377.52	1883	0	19
2026.01.02	06:05:00	4377.50	4378.40	4375.73	4375.93	1763	0	19
2026.01.02	06:10:00	4375.95	4377.40	4374.56	4374.81	1538	0	19
2026.01.02	06:15:00	4374.81	4375.74	4374.03	4375.03	1674	0	19
2026.01.02	06:20:00	4375.03	4375.45	4371.42	4372.81	1881	0	19
2026.01.02	06:25:00	4372.77	4375.99	4372.56	4373.60	1603	0	19
2026.01.02	06:30:00	4373.56	4374.62	4371.59	4373.31	1415	0	19
2026.01.02	06:35:00	4373.32	4373.84	4371.86	4373.13	1569	0	19
2026.01.02	06:40:00	4373.13	4375.47	4372.74	4375.37	1398	0	19
2026.01.02	06:45:00	4375.36	4375.85	4373.85	4374.55	1328	0	19
2026.01.02	06:50:00	4374.55	4375.35	4372.40	4372.58	1296	0	19
2026.01.02	06:55:00	4372.59	4373.25	4371.27	4373.20	1359	0	19
2026.01.02	07:00:00	4373.19	4373.59	4371.05	4371.56	1286	0	19
2026.01.02	07:05:00	4371.54	4378.04	4371.48	4377.54	1665	0	19
2026.01.02	07:10:00	4377.55	4380.11	4377.50	4377.74	1770	0	19
2026.01.02	07:15:00	4377.75	4378.95	4376.43	4376.97	1843	0	19
2026.01.02	07:20:00	4376.96	4380.04	4375.25	4378.31	1929	0	19
2026.01.02	07:25:00	4378.28	4378.68	4377.62	4378.46	1431	0	19
2026.01.02	07:30:00	4378.46	4379.60	4377.99	4379.08	1345	0	19
2026.01.02	07:35:00	4379.09	4379.84	4378.08	4379.61	1347	0	19
2026.01.02	07:40:00	4379.60	4379.62	4377.83	4378.80	1247	0	19
2026.01.02	07:45:00	4378.81	4379.95	4378.38	4379.51	1245	0	19
2026.01.02	07:50:00	4379.51	4381.68	4378.66	4381.23	1394	0	19
2026.01.02	07:55:00	4381.22	4381.65	4379.20	4380.72	1634	0	19
2026.01.02	08:00:00	4380.72	4380.99	4376.77	4377.38	1495	0	19
2026.01.02	08:05:00	4377.37	4377.41	4373.95	4374.94	1337	0	19
2026.01.02	08:10:00	4374.92	4377.70	4374.50	4375.10	1517	0	19
2026.01.02	08:15:00	4375.09	4377.97	4373.62	4377.57	2137	0	19
2026.01.02	08:20:00	4377.56	4379.33	4376.29	4378.06	1935	0	19
2026.01.02	08:25:00	4378.05	4379.98	4377.48	4379.77	1554	0	19
2026.01.02	08:30:00	4379.76	4379.81	4377.06	4378.46	1442	0	19
2026.01.02	08:35:00	4378.46	4379.00	4376.35	4376.42	1357	0	19
2026.01.02	08:40:00	4376.42	4376.87	4374.41	4374.42	1329	0	19
2026.01.02	08:45:00	4374.42	4376.19	4373.38	4375.78	1734	0	19
2026.01.02	08:50:00	4375.80	4376.25	4373.54	4374.41	2002	0	19
2026.01.02	08:55:00	4374.41	4375.75	4373.35	4374.70	1585	0	19
2026.01.02	09:00:00	4374.69	4376.08	4373.28	4373.96	1736	0	19
2026.01.02	09:05:00	4373.95	4375.78	4373.21	4373.21	1503	0	19
2026.01.02	09:10:00	4373.08	4377.95	4372.36	4377.17	1908	0	19
2026.01.02	09:15:00	4377.18	4377.49	4374.35	4374.89	2109	0	19
2026.01.02	09:20:00	4374.88	4375.61	4371.98	4372.55	1912	0	19
2026.01.02	09:25:00	4372.54	4375.32	4372.46	4373.79	1767	0	19
2026.01.02	09:30:00	4373.78	4380.00	4372.24	4378.91	1974	0	19
2026.01.02	09:35:00	4378.89	4380.69	4378.52	4379.72	1729	0	19
2026.01.02	09:40:00	4379.74	4379.78	4375.54	4375.73	1507	0	19
2026.01.02	09:45:00	4375.73	4377.74	4375.26	4377.01	1930	0	19
2026.01.02	09:50:00	4376.99	4381.37	4376.28	4380.43	1685	0	19
2026.01.02	09:55:00	4380.44	4383.36	4380.34	4382.77	2135	0	19
2026.01.02	10:00:00	4382.81	4384.78	4380.79	4382.86	2047	0	19
2026.01.02	10:05:00	4382.86	4385.92	4381.55	4385.92	1610	0	19
2026.01.02	10:10:00	4385.92	4386.59	4384.14	4385.06	1238	0	19
2026.01.02	10:15:00	4385.05	4385.23	4382.70	4383.04	1529	0	19
2026.01.02	10:20:00	4383.09	4383.94	4381.65	4383.57	1635	0	19
2026.01.02	10:25:00	4383.57	4385.72	4383.20	4385.35	1575	0	19
2026.01.02	10:30:00	4385.34	4389.18	4384.22	4388.75	1969	0	19
2026.01.02	10:35:00	4388.77	4389.22	4387.45	4388.69	1897	0	19
2026.01.02	10:40:00	4388.67	4390.58	4388.04	4390.53	2155	0	19
2026.01.02	10:45:00	4390.53	4397.49	4390.52	4394.98	2497	0	19
2026.01.02	10:50:00	4394.95	4395.79	4391.57	4392.47	1978	0	19
2026.01.02	10:55:00	4392.48	4392.87	4386.88	4387.00	1694	0	19
2026.01.02	11:00:00	4386.99	4389.66	4386.18	4388.59	2018	0	19
2026.01.02	11:05:00	4388.58	4391.11	4387.94	4390.90	1928	0	19
2026.01.02	11:10:00	4390.91	4391.04	4387.46	4390.12	2132	0	19
2026.01.02	11:15:00	4390.11	4391.61	4387.95	4388.71	2001	0	19
2026.01.02	11:20:00	4388.73	4388.78	4383.35	4386.16	2322	0	19
2026.01.02	11:25:00	4386.16	4388.97	4385.33	4388.70	1649	0	19
2026.01.02	11:30:00	4388.69	4389.82	4388.22	4388.28	1603	0	19
2026.01.02	11:35:00	4388.28	4389.37	4386.79	4387.07	1341	0	19
2026.01.02	11:40:00	4387.06	4389.35	4386.91	4388.71	1581	0	19
2026.01.02	11:45:00	4388.72	4389.51	4386.56	4388.27	1578	0	19
2026.01.02	11:50:00	4388.26	4389.35	4386.96	4389.25	1510	0	19
2026.01.02	11:55:00	4389.25	4389.30	4385.05	4385.51	1828	0	19
2026.01.02	12:00:00	4385.51	4388.01	4384.62	4387.88	1509	0	19
2026.01.02	12:05:00	4387.91	4388.51	4386.12	4386.79	1972	0	19
2026.01.02	12:10:00	4386.78	4388.19	4386.22	4388.13	1630	0	19
2026.01.02	12:15:00	4388.13	4388.32	4386.57	4387.70	1541	0	19
2026.01.02	12:20:00	4387.70	4390.07	4387.62	4389.04	1558	0	19
2026.01.02	12:25:00	4389.02	4389.74	4385.62	4386.41	1779	0	19
2026.01.02	12:30:00	4386.38	4388.82	4384.93	4388.68	2031	0	19
2026.01.02	12:35:00	4388.69	4394.79	4388.54	4394.53	2041	0	19
2026.01.02	12:40:00	4394.53	4396.50	4393.06	4393.67	1954	0	19
2026.01.02	12:45:00	4393.67	4396.71	4393.67	4394.90	1493	0	19
2026.01.02	12:50:00	4394.90	4398.51	4394.90	4396.80	1752	0	19
2026.01.02	12:55:00	4396.82	4398.50	4396.12	4396.12	1801	0	19
2026.01.02	13:00:00	4396.12	4397.87	4395.23	4396.95	1663	0	19
2026.01.02	13:05:00	4396.97	4397.48	4395.37	4395.59	1513	0	19
2026.01.02	13:10:00	4395.59	4395.87	4393.98	4395.17	1615	0	19
2026.01.02	13:15:00	4395.16	4397.14	4395.04	4396.95	1098	0	19
2026.01.02	13:20:00	4396.95	4398.14	4396.03	4398.06	1119	0	19
2026.01.02	13:25:00	4398.07	4399.30	4394.28	4394.43	1553	0	19
2026.01.02	13:30:00	4394.43	4395.05	4391.94	4393.98	1808	0	19
2026.01.02	13:35:00	4393.97	4394.82	4391.79	4393.21	1596	0	19
2026.01.02	13:40:00	4393.21	4395.68	4392.58	4395.03	1514	0	19
2026.01.02	13:45:00	4395.03	4395.59	4393.38	4394.29	1560	0	19
2026.01.02	13:50:00	4394.30	4394.34	4391.06	4391.78	1799	0	19
2026.01.02	13:55:00	4391.78	4393.21	4390.78	4392.95	2072	0	19
2026.01.02	14:00:00	4392.95	4393.06	4391.23	4391.43	1913	0	19
2026.01.02	14:05:00	4391.43	4396.61	4391.37	4396.14	1539	0	19
2026.01.02	14:10:00	4396.15	4397.27	4393.61	4395.29	1914	0	19
2026.01.02	14:15:00	4395.29	4398.00	4394.23	4397.43	1566	0	19
2026.01.02	14:20:00	4397.43	4398.25	4395.57	4395.58	1469	0	19
2026.01.02	14:25:00	4395.58	4395.83	4393.03	4393.28	1462	0	19
2026.01.02	14:30:00	4393.27	4394.53	4392.24	4393.93	1540	0	19
2026.01.02	14:35:00	4393.93	4394.18	4391.38	4392.58	2066	0	19
2026.01.02	14:40:00	4392.59	4392.76	4385.26	4388.04	2607	0	19
2026.01.02	14:45:00	4388.07	4389.07	4385.46	4387.90	2186	0	19
2026.01.02	14:50:00	4387.90	4390.18	4387.24	4390.02	2000	0	19
2026.01.02	14:55:00	4390.00	4394.74	4390.00	4394.39	2061	0	19
2026.01.02	15:00:00	4394.39	4397.75	4392.65	4397.52	2463	0	19
2026.01.02	15:05:00	4397.51	4398.15	4395.52	4397.22	1936	0	19
2026.01.02	15:10:00	4397.25	4401.07	4396.82	4399.77	1932	0	19
2026.01.02	15:15:00	4399.77	4402.33	4397.99	4398.90	2141	0	19
2026.01.02	15:20:00	4398.86	4399.07	4379.80	4381.44	3336	0	19
2026.01.02	15:25:00	4381.44	4384.23	4373.05	4374.50	3189	0	19
2026.01.02	15:30:00	4374.49	4377.07	4368.62	4372.57	3250	0	19
2026.01.02	15:35:00	4372.70	4374.75	4366.03	4369.68	3017	0	19
2026.01.02	15:40:00	4369.73	4372.72	4368.33	4372.56	2545	0	19
2026.01.02	15:45:00	4372.56	4377.82	4370.43	4370.66	2520	0	19
2026.01.02	15:50:00	4370.67	4371.77	4365.74	4366.79	2965	0	19
2026.01.02	15:55:00	4366.72	4370.18	4361.90	4365.95	2717	0	19
2026.01.02	16:00:00	4365.98	4372.03	4364.65	4371.62	3019	0	19
2026.01.02	16:05:00	4371.61	4372.66	4368.86	4370.72	2288	0	19
2026.01.02	16:10:00	4370.72	4371.88	4368.74	4370.32	1930	0	19
2026.01.02	16:15:00	4370.34	4372.08	4367.06	4372.04	2428	0	19
2026.01.02	16:20:00	4372.04	4373.68	4368.38	4368.68	2582	0	19
2026.01.02	16:25:00	4368.76	4371.48	4367.75	4368.34	2687	0	19
2026.01.02	16:30:00	4368.38	4370.15	4354.73	4355.24	4109	0	19
2026.01.02	16:35:00	4355.28	4359.90	4350.14	4351.19	4327	0	19
2026.01.02	16:40:00	4351.18	4356.53	4348.17	4356.39	3866	0	19
2026.01.02	16:45:00	4356.38	4363.12	4353.94	4361.58	3569	0	19
2026.01.02	16:50:00	4361.58	4363.06	4355.02	4359.11	3759	0	19
2026.01.02	16:55:00	4359.03	4359.45	4352.29	4353.43	3642	0	19
2026.01.02	17:00:00	4353.43	4357.00	4341.98	4342.28	3798	0	19
2026.01.02	17:05:00	4342.20	4350.39	4339.24	4347.34	3568	0	19
2026.01.02	17:10:00	4347.33	4349.06	4333.75	4340.56	3818	0	19
2026.01.02	17:15:00	4340.69	4342.69	4334.91	4339.46	3749	0	19
2026.01.02	17:20:00	4339.54	4341.41	4330.29	4334.14	3794	0	19
2026.01.02	17:25:00	4334.14	4340.28	4334.02	4336.54	3630	0	19
2026.01.02	17:30:00	4336.59	4339.80	4331.74	4339.14	3462	0	19
2026.01.02	17:35:00	4339.16	4341.68	4337.34	4340.21	2945	0	19
2026.01.02	17:40:00	4340.23	4346.75	4340.23	4346.10	3244	0	19
2026.01.02	17:45:00	4346.01	4347.02	4340.97	4342.80	3326	0	19
2026.01.02	17:50:00	4342.81	4343.93	4338.68	4341.53	3620	0	19
2026.01.02	17:55:00	4341.49	4341.52	4333.75	4335.36	3374	0	19
2026.01.02	18:00:00	4335.37	4337.36	4324.24	4327.59	3758	0	19
2026.01.02	18:05:00	4327.58	4329.53	4322.46	4326.68	3927	0	19
2026.01.02	18:10:00	4326.66	4326.76	4320.51	4322.50	3797	0	19
2026.01.02	18:15:00	4322.50	4324.95	4315.39	4317.29	3885	0	19
2026.01.02	18:20:00	4317.27	4321.01	4315.10	4318.66	3634	0	19
2026.01.02	18:25:00	4318.67	4324.22	4318.39	4321.60	3364	0	19
2026.01.02	18:30:00	4321.60	4321.95	4315.34	4316.27	2964	0	19
2026.01.02	18:35:00	4316.26	4325.00	4315.28	4322.26	3133	0	19
2026.01.02	18:40:00	4322.26	4328.15	4321.11	4325.83	2940	0	19
2026.01.02	18:45:00	4325.86	4328.27	4323.09	4324.63	2889	0	19
2026.01.02	18:50:00	4324.62	4326.80	4322.30	4323.70	2838	0	19
2026.01.02	18:55:00	4323.72	4326.49	4321.48	4326.49	3079	0	19
2026.01.02	19:00:00	4326.45	4332.35	4324.93	4332.20	3057	0	19
2026.01.02	19:05:00	4332.20	4333.52	4327.49	4328.31	2953	0	19
2026.01.02	19:10:00	4328.33	4331.46	4327.68	4330.17	2779	0	19
2026.01.02	19:15:00	4330.20	4332.97	4328.45	4329.24	2384	0	19
2026.01.02	19:20:00	4329.28	4330.78	4325.79	4326.04	2459	0	19
2026.01.02	19:25:00	4326.05	4329.11	4324.01	4328.81	2311	0	19
2026.01.02	19:30:00	4328.80	4331.24	4326.73	4328.62	2843	0	19
2026.01.02	19:35:00	4328.63	4329.91	4324.77	4325.58	2467	0	19
2026.01.02	19:40:00	4325.60	4327.24	4323.61	4326.37	2746	0	19
2026.01.02	19:45:00	4326.37	4328.09	4324.81	4326.02	2840	0	19
2026.01.02	19:50:00	4326.02	4327.84	4323.97	4325.21	2923	0	19
2026.01.02	19:55:00	4325.21	4326.21	4322.76	4323.01	3026	0	19
2026.01.02	20:00:00	4323.02	4323.66	4320.74	4321.99	2409	0	19
2026.01.02	20:05:00	4322.00	4323.24	4316.09	4316.59	2495	0	19
2026.01.02	20:10:00	4316.57	4316.71	4312.63	4314.56	2584	0	19
2026.01.02	20:15:00	4314.50	4318.45	4310.80	4318.42	2751	0	19
2026.01.02	20:20:00	4318.41	4320.17	4315.98	4319.29	2874	0	19
2026.01.02	20:25:00	4319.28	4321.69	4317.71	4318.59	2889	0	19
2026.01.02	20:30:00	4318.61	4319.49	4315.03	4316.07	2312	0	19
2026.01.02	20:35:00	4316.10	4318.43	4311.99	4315.57	2371	0	19
2026.01.02	20:40:00	4315.57	4316.26	4309.84	4312.43	2422	0	19
2026.01.02	20:45:00	4312.43	4315.01	4312.32	4313.26	2522	0	19
2026.01.02	20:50:00	4313.25	4315.19	4312.05	4315.00	2364	0	19
2026.01.02	20:55:00	4315.00	4315.70	4313.83	4315.15	2295	0	19
2026.01.02	21:00:00	4315.15	4320.49	4315.15	4319.81	2399	0	19
2026.01.02	21:05:00	4319.80	4321.90	4317.94	4320.90	2399	0	19
2026.01.02	21:10:00	4320.90	4322.15	4320.04	4321.49	2280	0	19
2026.01.02	21:15:00	4321.49	4323.11	4321.19	4322.06	2411	0	19
2026.01.02	21:20:00	4322.06	4322.06	4316.41	4316.70	2160	0	19
2026.01.02	21:25:00	4316.71	4319.01	4316.53	4318.54	2154	0	19
2026.01.02	21:30:00	4318.54	4321.58	4318.19	4320.59	2315	0	19
2026.01.02	21:35:00	4320.59	4326.13	4320.30	4323.78	2353	0	19
2026.01.02	21:40:00	4323.76	4326.27	4321.83	4322.74	2604	0	19
2026.01.02	21:45:00	4322.74	4322.92	4319.58	4321.10	2393	0	19
2026.01.02	21:50:00	4321.07	4321.16	4317.52	4319.93	2344	0	19
2026.01.02	21:55:00	4319.92	4320.86	4317.87	4318.13	2211	0	19
2026.01.02	22:00:00	4318.13	4320.32	4317.18	4318.74	2269	0	19
2026.01.02	22:05:00	4318.72	4320.18	4318.04	4319.25	2181	0	19
2026.01.02	22:10:00	4319.27	4321.44	4319.26	4319.95	2121	0	19
2026.01.02	22:15:00	4319.97	4322.24	4318.73	4322.23	2329	0	19
2026.01.02	22:20:00	4322.24	4326.32	4322.23	4326.18	2360	0	19
2026.01.02	22:25:00	4326.18	4329.38	4324.63	4328.47	2172	0	19
2026.01.02	22:30:00	4328.46	4328.49	4325.27	4327.63	2233	0	19
2026.01.02	22:35:00	4327.63	4329.06	4326.23	4327.58	1795	0	19
2026.01.02	22:40:00	4327.58	4329.27	4326.80	4326.84	1842	0	19
2026.01.02	22:45:00	4326.84	4328.10	4326.38	4327.24	1822	0	19
2026.01.02	22:50:00	4327.23	4329.66	4326.82	4328.06	1967	0	19
2026.01.02	22:55:00	4328.05	4331.52	4328.05	4331.49	2440	0	19
2026.01.02	23:00:00	4331.48	4331.82	4328.23	4330.66	1748	0	19
2026.01.02	23:05:00	4330.66	4331.21	4327.06	4329.57	1188	0	19
2026.01.02	23:10:00	4329.58	4331.32	4328.60	4328.97	921	0	19
2026.01.02	23:15:00	4328.97	4329.21	4327.82	4328.47	530	0	19
2026.01.02	23:20:00	4328.47	4329.45	4327.88	4329.11	613	0	19
2026.01.02	23:25:00	4329.12	4329.72	4328.02	4328.86	1044	0	19
2026.01.02	23:30:00	4328.86	4329.67	4328.22	4329.52	583	0	19
2026.01.02	23:35:00	4329.53	4330.46	4328.23	4328.32	784	0	19
2026.01.02	23:40:00	4328.34	4328.77	4327.31	4328.59	904	0	19
2026.01.02	23:45:00	4328.58	4331.37	4328.49	4330.50	948	0	19
2026.01.02	23:50:00	4330.51	4333.33	4330.41	4333.00	1162	0	19
2026.01.02	23:55:00	4333.00	4333.39	4332.64	4332.77	377	0	19
2026.01.05	01:00:00	4359.64	4361.68	4345.53	4356.66	3137	0	19
2026.01.05	01:05:00	4356.66	4359.79	4349.88	4359.69	2555	0	19
2026.01.05	01:10:00	4359.65	4370.62	4359.04	4370.14	2284	0	19
2026.01.05	01:15:00	4370.19	4372.58	4361.17	4365.30	2410	0	19
2026.01.05	01:20:00	4365.29	4368.90	4364.32	4365.00	1792	0	19
2026.01.05	01:25:00	4364.99	4368.06	4363.43	4366.93	1454	0	19
2026.01.05	01:30:00	4366.93	4366.96	4354.37	4356.76	2009	0	19
2026.01.05	01:35:00	4356.75	4362.28	4354.56	4361.59	2043	0	19
2026.01.05	01:40:00	4361.62	4363.46	4360.68	4362.19	1251	0	19
2026.01.05	01:45:00	4362.19	4370.77	4361.36	4370.69	1903	0	19
2026.01.05	01:50:00	4370.68	4375.55	4370.68	4373.48	2664	0	19
2026.01.05	01:55:00	4373.51	4375.88	4371.89	4372.49	1920	0	19
2026.01.05	02:00:00	4372.52	4375.24	4370.60	4370.71	1997	0	19
2026.01.05	02:05:00	4370.70	4375.30	4370.27	4375.14	1595	0	19
2026.01.05	02:10:00	4375.14	4379.83	4375.14	4378.07	1949	0	19
2026.01.05	02:15:00	4377.99	4383.44	4377.72	4383.44	1913	0	19
2026.01.05	02:20:00	4383.44	4385.80	4382.02	4384.61	2002	0	19
2026.01.05	02:25:00	4384.61	4389.48	4383.33	4387.17	1830	0	19
2026.01.05	02:30:00	4387.09	4392.24	4386.33	4388.91	2340	0	19
2026.01.05	02:35:00	4388.90	4396.65	4387.76	4395.16	2753	0	19
2026.01.05	02:40:00	4395.24	4395.37	4385.72	4387.92	2415	0	19
2026.01.05	02:45:00	4387.94	4391.81	4385.08	4391.80	2666	0	19
2026.01.05	02:50:00	4391.90	4392.54	4389.55	4392.02	2509	0	19
2026.01.05	02:55:00	4392.03	4396.04	4389.46	4394.85	2996	0	19
2026.01.05	03:00:00	4395.01	4416.88	4394.45	4416.86	4313	0	19
2026.01.05	03:05:00	4416.93	4421.06	4404.95	4410.71	3889	0	19
2026.01.05	03:10:00	4410.71	4416.84	4396.96	4403.00	3946	0	19
2026.01.05	03:15:00	4402.92	4404.51	4395.58	4396.02	3588	0	19
2026.01.05	03:20:00	4396.01	4401.78	4394.33	4397.73	3333	0	19
2026.01.05	03:25:00	4397.82	4405.28	4394.23	4396.07	3392	0	19
2026.01.05	03:30:00	4396.07	4400.86	4393.10	4395.75	3425	0	19
2026.01.05	03:35:00	4395.76	4404.89	4394.47	4404.39	3616	0	19
2026.01.05	03:40:00	4404.38	4405.17	4397.96	4404.08	3261	0	19
2026.01.05	03:45:00	4404.03	4406.76	4399.03	4399.65	3570	0	19
2026.01.05	03:50:00	4399.72	4400.51	4391.33	4398.52	3744	0	19
2026.01.05	03:55:00	4398.51	4402.18	4397.20	4401.86	3140	0	19
2026.01.05	04:00:00	4401.91	4404.94	4395.67	4399.13	3267	0	19
2026.01.05	04:05:00	4399.11	4400.01	4388.65	4390.98	3346	0	19
2026.01.05	04:10:00	4390.99	4394.62	4390.08	4394.21	2687	0	19
2026.01.05	04:15:00	4394.20	4398.30	4392.59	4394.55	2673	0	19
2026.01.05	04:20:00	4394.57	4397.33	4394.21	4397.21	1917	0	19
2026.01.05	04:25:00	4397.21	4402.91	4397.19	4402.27	2751	0	19
2026.01.05	04:30:00	4402.25	4406.92	4401.11	4402.70	3249	0	19
2026.01.05	04:35:00	4402.63	4404.98	4401.61	4402.39	2956	0	19
2026.01.05	04:40:00	4402.40	4404.96	4399.78	4399.83	3112	0	19
2026.01.05	04:45:00	4399.83	4405.19	4398.72	4403.27	3039	0	19
2026.01.05	04:50:00	4403.27	4408.40	4402.76	4407.27	3208	0	19
2026.01.05	04:55:00	4407.23	4409.66	4404.36	4405.43	3087	0	19
2026.01.05	05:00:00	4405.46	4412.28	4405.40	4411.61	3418	0	19
2026.01.05	05:05:00	4411.61	4413.98	4409.38	4410.25	3093	0	19
2026.01.05	05:10:00	4410.25	4413.32	4408.51	4410.65	2938	0	19
2026.01.05	05:15:00	4410.61	4412.57	4407.94	4408.12	2838	0	19
2026.01.05	05:20:00	4408.13	4409.99	4407.91	4409.99	2484	0	19
2026.01.05	05:25:00	4409.98	4410.07	4406.02	4407.47	2593	0	19
2026.01.05	05:30:00	4407.46	4407.47	4403.60	4404.15	2453	0	19
2026.01.05	05:35:00	4404.14	4409.33	4403.62	4408.87	2184	0	19
2026.01.05	05:40:00	4408.86	4410.66	4407.95	4409.68	2823	0	19
2026.01.05	05:45:00	4409.67	4410.26	4406.24	4406.84	2451	0	19
2026.01.05	05:50:00	4406.83	4409.08	4406.53	4406.60	1997	0	19
2026.01.05	05:55:00	4406.59	4406.97	4399.40	4399.75	2207	0	19
2026.01.05	06:00:00	4399.65	4403.05	4397.29	4402.71	2363	0	19
2026.01.05	06:05:00	4402.70	4404.36	4400.26	4400.30	1873	0	19
2026.01.05	06:10:00	4400.13	4401.17	4398.69	4400.03	1431	0	19
2026.01.05	06:15:00	4400.03	4403.73	4400.00	4402.95	1249	0	19
2026.01.05	06:20:00	4402.95	4406.28	4402.94	4405.20	1239	0	19
2026.01.05	06:25:00	4405.19	4405.80	4404.26	4404.79	1314	0	19
2026.01.05	06:30:00	4404.78	4405.89	4404.34	4405.03	1065	0	19
2026.01.05	06:35:00	4405.04	4406.58	4404.25	4405.69	1274	0	19
2026.01.05	06:40:00	4405.69	4407.62	4405.46	4405.74	1491	0	19
2026.01.05	06:45:00	4405.75	4407.31	4405.51	4406.96	1259	0	19
2026.01.05	06:50:00	4406.99	4408.33	4403.66	4403.97	1638	0	19
2026.01.05	06:55:00	4403.98	4405.65	4403.55	4404.26	1379	0	19
2026.01.05	07:00:00	4404.26	4405.98	4403.65	4405.64	1456	0	19
2026.01.05	07:05:00	4405.63	4407.19	4405.12	4405.19	1499	0	19
2026.01.05	07:10:00	4405.17	4408.92	4404.94	4408.06	1435	0	19
2026.01.05	07:15:00	4408.08	4409.57	4407.62	4408.60	1384	0	19
2026.01.05	07:20:00	4408.60	4408.75	4406.86	4408.19	1256	0	19
2026.01.05	07:25:00	4408.14	4412.71	4407.41	4412.56	1423	0	19
2026.01.05	07:30:00	4412.54	4414.47	4408.61	4409.58	2295	0	19
2026.01.05	07:35:00	4409.58	4411.38	4408.48	4409.27	2554	0	19
2026.01.05	07:40:00	4409.25	4411.10	4401.85	4401.86	3125	0	19
2026.01.05	07:45:00	4401.87	4407.44	4401.07	4405.88	2732	0	19
2026.01.05	07:50:00	4405.88	4410.76	4405.83	4410.02	2394	0	19
2026.01.05	07:55:00	4410.03	4412.39	4407.81	4412.36	2632	0	19
2026.01.05	08:00:00	4412.36	4416.45	4411.30	4413.89	2890	0	19
2026.01.05	08:05:00	4413.89	4415.55	4412.87	4414.77	2984	0	19
2026.01.05	08:10:00	4414.77	4420.11	4412.93	4418.28	2796	0	19
2026.01.05	08:15:00	4418.33	4419.81	4415.66	4419.16	2305	0	19
2026.01.05	08:20:00	4419.16	4420.53	4418.40	4419.68	2548	0	19
2026.01.05	08:25:00	4419.68	4426.13	4419.37	4424.08	2940	0	19
2026.01.05	08:30:00	4424.09	4426.39	4420.14	4420.55	2675	0	19
2026.01.05	08:35:00	4420.55	4424.75	4416.26	4424.29	2766	0	19
2026.01.05	08:40:00	4424.29	4425.40	4420.12	4420.14	2519	0	19
2026.01.05	08:45:00	4420.11	4422.02	4419.67	4421.76	2521	0	19
2026.01.05	08:50:00	4421.80	4421.84	4418.25	4419.67	1803	0	19
2026.01.05	08:55:00	4419.64	4420.57	4419.15	4420.24	1685	0	19
2026.01.05	09:00:00	4420.24	4423.14	4419.34	4421.77	1897	0	19
2026.01.05	09:05:00	4421.73	4423.95	4416.77	4419.43	2301	0	19
2026.01.05	09:10:00	4419.43	4419.93	4417.10	4419.79	1610	0	19
2026.01.05	09:15:00	4419.89	4423.26	4419.38	4422.73	1750	0	19
2026.01.05	09:20:00	4422.73	4422.76	4420.41	4420.89	1837	0	19
2026.01.05	09:25:00	4420.89	4421.58	4418.96	4420.38	1618	0	19
2026.01.05	09:30:00	4420.39	4422.37	4418.62	4421.30	1770	0	19
2026.01.05	09:35:00	4421.30	4423.75	4420.97	4422.15	2017	0	19
2026.01.05	09:40:00	4422.14	4425.10	4421.23	4424.63	2382	0	19
2026.01.05	09:45:00	4424.63	4424.67	4420.45	4421.66	2232	0	19
2026.01.05	09:50:00	4421.66	4421.90	4419.97	4420.94	1972	0	19
2026.01.05	09:55:00	4420.93	4422.50	4420.17	4421.84	1544	0	19
2026.01.05	10:00:00	4421.84	4423.63	4419.41	4421.20	1903	0	19
2026.01.05	10:05:00	4421.19	4422.53	4419.84	4420.64	1965	0	19
2026.01.05	10:10:00	4420.63	4425.24	4419.60	4424.34	1893	0	19
2026.01.05	10:15:00	4424.30	4430.21	4424.28	4427.67	2520	0	19
2026.01.05	10:20:00	4427.67	4428.52	4425.95	4428.12	1978	0	19
2026.01.05	10:25:00	4428.19	4430.02	4426.58	4426.59	1600	0	19
2026.01.05	10:30:00	4426.60	4427.26	4423.63	4425.03	2197	0	19
2026.01.05	10:35:00	4425.03	4426.19	4424.47	4425.87	2128	0	19
2026.01.05	10:40:00	4425.87	4430.82	4425.47	4429.92	2349	0	19
2026.01.05	10:45:00	4430.00	4432.47	4429.88	4432.02	2009	0	19
2026.01.05	10:50:00	4432.02	4433.83	4430.61	4431.12	1713	0	19
2026.01.05	10:55:00	4431.11	4432.37	4429.97	4430.07	1351	0	19
2026.01.05	11:00:00	4430.07	4432.15	4427.42	4428.22	1964	0	19
2026.01.05	11:05:00	4428.23	4428.93	4426.45	4426.85	1873	0	19
2026.01.05	11:10:00	4426.85	4431.03	4426.19	4430.43	1933	0	19
2026.01.05	11:15:00	4430.43	4431.89	4429.75	4431.64	1839	0	19
2026.01.05	11:20:00	4431.64	4434.32	4431.04	4433.66	1995	0	19
2026.01.05	11:25:00	4433.67	4434.48	4432.44	4432.65	1719	0	19
2026.01.05	11:30:00	4432.61	4433.41	4431.42	4432.99	1565	0	19
2026.01.05	11:35:00	4432.99	4433.22	4431.04	4432.59	2075	0	19
2026.01.05	11:40:00	4432.58	4438.08	4432.42	4437.61	2307	0	19
2026.01.05	11:45:00	4437.62	4438.15	4434.41	4434.85	2356	0	19
2026.01.05	11:50:00	4434.86	4437.37	4434.63	4435.09	2108	0	19
2026.01.05	11:55:00	4435.08	4436.89	4433.94	4434.89	1953	0	19
2026.01.05	12:00:00	4434.89	4435.37	4431.18	4432.07	1919	0	19
2026.01.05	12:05:00	4432.06	4433.54	4430.85	4432.81	1764	0	19
2026.01.05	12:10:00	4432.82	4433.51	4431.70	4433.19	1402	0	19
2026.01.05	12:15:00	4433.19	4433.38	4431.45	4431.74	1210	0	19
2026.01.05	12:20:00	4431.74	4434.23	4431.71	4433.90	1340	0	19
2026.01.05	12:25:00	4433.90	4436.56	4432.45	4433.21	1778	0	19
2026.01.05	12:30:00	4433.21	4437.08	4432.66	4436.53	1772	0	19
2026.01.05	12:35:00	4436.53	4438.85	4435.32	4436.05	1856	0	19
2026.01.05	12:40:00	4436.05	4436.28	4434.74	4435.00	1501	0	19
2026.01.05	12:45:00	4435.01	4437.12	4434.19	4436.67	1579	0	19
2026.01.05	12:50:00	4436.67	4439.84	4436.54	4438.39	1996	0	19
2026.01.05	12:55:00	4438.39	4438.43	4435.25	4436.22	2266	0	19
2026.01.05	13:00:00	4436.23	4437.39	4431.63	4432.10	2534	0	19
2026.01.05	13:05:00	4432.09	4433.54	4430.13	4431.43	2447	0	19
2026.01.05	13:10:00	4431.43	4433.67	4430.73	4433.29	1896	0	19
2026.01.05	13:15:00	4433.30	4433.71	4427.42	4427.73	2467	0	19
2026.01.05	13:20:00	4427.73	4430.66	4426.81	4427.91	2172	0	19
2026.01.05	13:25:00	4427.90	4428.10	4410.69	4417.23	3362	0	19
2026.01.05	13:30:00	4417.25	4421.77	4415.26	4419.95	2727	0	19
2026.01.05	13:35:00	4419.95	4422.87	4418.48	4421.60	2190	0	19
2026.01.05	13:40:00	4421.61	4424.57	4421.39	4424.08	2351	0	19
2026.01.05	13:45:00	4424.07	4425.86	4422.26	4425.86	1916	0	19
2026.01.05	13:50:00	4425.85	4426.08	4420.69	4420.73	2179	0	19
2026.01.05	13:55:00	4420.71	4421.33	4418.19	4419.36	2729	0	19
2026.01.05	14:00:00	4419.34	4421.43	4418.38	4419.33	2467	0	19
2026.01.05	14:05:00	4419.33	4419.86	4416.79	4418.95	2659	0	19
2026.01.05	14:10:00	4418.99	4420.59	4417.19	4417.88	2232	0	19
2026.01.05	14:15:00	4417.82	4418.47	4416.70	4418.01	2423	0	19
2026.01.05	14:20:00	4418.02	4418.36	4413.86	4414.35	2408	0	19
2026.01.05	14:25:00	4414.35	4416.96	4414.11	4415.71	2046	0	19
2026.01.05	14:30:00	4415.71	4417.15	4414.04	4415.48	1973	0	19
2026.01.05	14:35:00	4415.52	4416.07	4413.58	4415.25	1980	0	19
2026.01.05	14:40:00	4415.25	4415.41	4406.25	4409.89	2759	0	19
2026.01.05	14:45:00	4409.87	4412.40	4406.67	4407.37	2468	0	19
2026.01.05	14:50:00	4407.38	4411.84	4405.56	4410.61	2511	0	19
2026.01.05	14:55:00	4410.59	4411.10	4408.15	4409.68	2514	0	19
2026.01.05	15:00:00	4409.66	4416.06	4407.52	4415.35	3560	0	19
2026.01.05	15:05:00	4415.34	4418.86	4407.32	4408.95	3286	0	19
2026.01.05	15:10:00	4408.99	4412.34	4407.33	4409.17	3157	0	19
2026.01.05	15:15:00	4409.16	4412.54	4407.71	4411.57	3265	0	19
2026.01.05	15:20:00	4411.56	4413.14	4402.68	4405.88	3509	0	19
2026.01.05	15:25:00	4405.88	4407.71	4397.01	4399.57	3642	0	19
2026.01.05	15:30:00	4399.57	4408.71	4395.99	4408.71	3602	0	19
2026.01.05	15:35:00	4408.84	4412.27	4407.31	4410.86	3432	0	19
2026.01.05	15:40:00	4410.89	4414.40	4410.89	4412.11	3004	0	19
2026.01.05	15:45:00	4412.10	4415.19	4411.62	4414.01	2905	0	19
2026.01.05	15:50:00	4414.05	4415.04	4412.62	4412.99	2562	0	19
2026.01.05	15:55:00	4413.02	4417.22	4411.40	4416.83	2732	0	19
2026.01.05	16:00:00	4416.83	4423.30	4416.83	4422.47	3383	0	19
2026.01.05	16:05:00	4422.47	4424.69	4420.51	4423.27	3260	0	19
2026.01.05	16:10:00	4423.26	4428.39	4423.25	4426.26	3119	0	19
2026.01.05	16:15:00	4426.26	4427.64	4423.39	4427.19	3230	0	19
2026.01.05	16:20:00	4427.20	4429.71	4421.29	4421.99	3162	0	19
2026.01.05	16:25:00	4421.99	4423.46	4420.27	4421.05	3130	0	19
2026.01.05	16:30:00	4421.06	4427.36	4418.12	4425.66	4038	0	19
2026.01.05	16:35:00	4425.67	4427.71	4417.98	4427.47	4230	0	19
2026.01.05	16:40:00	4427.43	4430.00	4421.93	4429.70	3787	0	19
2026.01.05	16:45:00	4429.68	4438.57	4428.13	4436.79	3825	0	19
2026.01.05	16:50:00	4436.80	4439.48	4432.89	4439.48	3754	0	19
2026.01.05	16:55:00	4439.88	4442.78	4435.02	4436.73	3295	0	19
2026.01.05	17:00:00	4436.78	4453.49	4436.78	4451.93	3872	0	19
2026.01.05	17:05:00	4451.93	4455.69	4449.67	4454.32	3994	0	19
2026.01.05	17:10:00	4454.33	4454.73	4443.89	4449.20	3872	0	19
2026.01.05	17:15:00	4449.17	4451.64	4447.03	4451.25	3490	0	19
2026.01.05	17:20:00	4451.24	4452.36	4448.16	4448.63	3269	0	19
2026.01.05	17:25:00	4448.64	4449.86	4442.46	4444.57	3328	0	19
2026.01.05	17:30:00	4444.62	4445.43	4440.59	4443.01	3346	0	19
2026.01.05	17:35:00	4443.00	4444.51	4435.59	4439.96	3274	0	19
2026.01.05	17:40:00	4439.94	4447.84	4437.01	4447.37	3226	0	19
2026.01.05	17:45:00	4447.36	4449.75	4442.46	4443.47	3171	0	19
2026.01.05	17:50:00	4443.49	4445.31	4440.64	4444.92	2789	0	19
2026.01.05	17:55:00	4444.94	4449.98	4444.65	4448.55	2657	0	19
2026.01.05	18:00:00	4448.52	4451.38	4445.45	4448.38	2850	0	19
2026.01.05	18:05:00	4448.39	4448.86	4438.49	4441.72	2845	0	19
2026.01.05	18:10:00	4441.61	4446.77	4439.51	4446.38	2847	0	19
2026.01.05	18:15:00	4446.40	4448.73	4444.89	4446.46	2686	0	19
2026.01.05	18:20:00	4446.47	4447.13	4443.46	4443.74	2083	0	19
2026.01.05	18:25:00	4443.74	4444.07	4440.33	4440.87	2156	0	19
2026.01.05	18:30:00	4440.86	4445.93	4440.17	4445.20	2371	0	19
2026.01.05	18:35:00	4445.27	4445.95	4443.32	4444.30	1856	0	19
2026.01.05	18:40:00	4444.30	4445.74	4444.12	4445.12	1699	0	19
2026.01.05	18:45:00	4445.11	4451.07	4444.17	4450.93	2062	0	19
2026.01.05	18:50:00	4450.94	4454.40	4450.85	4452.59	2533	0	19
2026.01.05	18:55:00	4452.55	4452.55	4440.84	4441.80	3058	0	19
2026.01.05	19:00:00	4441.82	4442.29	4433.21	4433.59	3606	0	19
2026.01.05	19:05:00	4433.54	4439.86	4432.35	4439.46	3067	0	19
2026.01.05	19:10:00	4439.46	4442.45	4436.08	4442.39	2754	0	19
2026.01.05	19:15:00	4442.40	4446.45	4442.32	4445.27	2575	0	19
2026.01.05	19:20:00	4445.27	4447.31	4443.57	4446.76	2308	0	19
2026.01.05	19:25:00	4446.74	4449.03	4445.07	4445.89	2321	0	19
2026.01.05	19:30:00	4445.90	4446.85	4443.27	4444.06	2352	0	19
2026.01.05	19:35:00	4444.05	4447.50	4442.53	4444.78	2246	0	19
2026.01.05	19:40:00	4444.78	4444.91	4437.69	4439.54	2575	0	19
2026.01.05	19:45:00	4439.52	4444.43	4439.20	4444.26	2722	0	19
2026.01.05	19:50:00	4444.27	4445.59	4441.98	4444.67	2649	0	19
2026.01.05	19:55:00	4444.65	4445.68	4442.96	4443.51	2486	0	19
2026.01.05	20:00:00	4443.52	4444.45	4441.83	4443.33	2596	0	19
2026.01.05	20:05:00	4443.32	4446.73	4442.84	4445.39	2376	0	19
2026.01.05	20:10:00	4445.40	4448.22	4445.19	4447.27	1892	0	19
2026.01.05	20:15:00	4447.29	4448.50	4444.03	4445.05	1961	0	19
2026.01.05	20:20:00	4445.06	4446.81	4441.92	4446.29	2294	0	19
2026.01.05	20:25:00	4446.22	4446.26	4439.82	4441.31	2404	0	19
2026.01.05	20:30:00	4441.31	4444.41	4441.09	4442.51	1953	0	19
2026.01.05	20:35:00	4442.52	4445.45	4441.69	4444.51	1565	0	19
2026.01.05	20:40:00	4444.50	4445.81	4442.95	4443.62	1646	0	19
2026.01.05	20:45:00	4443.62	4445.93	4442.68	4445.51	1450	0	19
2026.01.05	20:50:00	4445.51	4447.30	4443.46	4446.76	1615	0	19
2026.01.05	20:55:00	4446.73	4448.51	4445.57	4448.51	1676	0	19
2026.01.05	21:00:00	4448.55	4449.35	4446.27	4448.16	2249	0	19
2026.01.05	21:05:00	4448.15	4448.15	4435.27	4437.39	2820	0	19
2026.01.05	21:10:00	4437.38	4440.58	4434.81	4440.03	2711	0	19
2026.01.05	21:15:00	4440.02	4441.20	4437.74	4439.91	2250	0	19
2026.01.05	21:20:00	4439.92	4441.86	4439.37	4441.10	2028	0	19
2026.01.05	21:25:00	4441.09	4442.92	4440.11	4441.70	1827	0	19
2026.01.05	21:30:00	4441.67	4445.83	4441.10	4445.09	1686	0	19
2026.01.05	21:35:00	4445.08	4445.58	4443.90	4444.90	1528	0	19
2026.01.05	21:40:00	4444.89	4445.37	4442.49	4442.67	1634	0	19
2026.01.05	21:45:00	4442.67	4444.11	4441.77	4443.50	1319	0	19
2026.01.05	21:50:00	4443.51	4443.55	4440.56	4441.95	1607	0	19
2026.01.05	21:55:00	4441.95	4442.72	4438.61	4439.79	1935	0	19
2026.01.05	22:00:00	4439.79	4443.78	4439.12	4443.02	2265	0	19
2026.01.05	22:05:00	4443.02	4443.43	4439.90	4441.19	2028	0	19
2026.01.05	22:10:00	4441.20	4445.42	4440.25	4443.93	2303	0	19
2026.01.05	22:15:00	4443.94	4445.39	4442.82	4445.02	2076	0	19
2026.01.05	22:20:00	4445.01	4447.00	4443.81	4444.72	2118	0	19
2026.01.05	22:25:00	4444.73	4446.10	4443.89	4445.59	2367	0	19
2026.01.05	22:30:00	4445.58	4445.60	4441.45	4441.68	2175	0	19
2026.01.05	22:35:00	4441.70	4443.37	4439.13	4441.04	2349	0	19
2026.01.05	22:40:00	4441.07	4441.53	4437.99	4438.04	1858	0	19
2026.01.05	22:45:00	4438.04	4442.87	4438.04	4440.59	1736	0	19
2026.01.05	22:50:00	4440.56	4442.97	4439.78	4442.04	2299	0	19
2026.01.05	22:55:00	4442.03	4445.99	4441.51	4444.89	2748	0	19
2026.01.05	23:00:00	4444.89	4447.64	4444.89	4446.39	1990	0	19
2026.01.05	23:05:00	4446.40	4447.37	4445.04	4447.35	1295	0	19
2026.01.05	23:10:00	4447.36	4448.19	4446.63	4447.06	1177	0	19
2026.01.05	23:15:00	4447.08	4447.09	4443.36	4443.68	969	0	19
2026.01.05	23:20:00	4443.68	4444.83	4443.43	4444.34	782	0	19
2026.01.05	23:25:00	4444.34	4445.56	4444.16	4445.56	543	0	19
2026.01.05	23:30:00	4445.55	4448.33	4445.44	4447.80	797	0	19
2026.01.05	23:35:00	4447.80	4447.80	4446.09	4446.16	590	0	19
2026.01.05	23:40:00	4446.17	4447.09	4445.81	4445.96	596	0	19
2026.01.05	23:45:00	4445.97	4448.68	4445.38	4448.45	795	0	19
2026.01.05	23:50:00	4448.49	4448.88	4448.01	4448.54	614	0	19
2026.01.05	23:55:00	4448.54	4449.20	4448.19	4448.96	441	0	19
2026.01.06	01:00:00	4448.91	4454.92	4448.91	4454.39	1321	0	19
2026.01.06	01:05:00	4454.38	4458.24	4453.11	4457.58	892	0	19
2026.01.06	01:10:00	4457.57	4460.05	4451.43	4451.60	1546	0	19
2026.01.06	01:15:00	4451.59	4453.48	4448.78	4451.91	1417	0	19
2026.01.06	01:20:00	4451.91	4453.22	4450.61	4450.64	1026	0	19
2026.01.06	01:25:00	4450.65	4451.05	4448.72	4449.01	999	0	19
2026.01.06	01:30:00	4449.01	4450.27	4438.72	4441.27	1863	0	19
2026.01.06	01:35:00	4441.26	4446.29	4441.24	4444.03	1438	0	19
2026.01.06	01:40:00	4444.03	4444.67	4441.56	4442.96	1134	0	19
2026.01.06	01:45:00	4442.96	4444.06	4439.98	4441.26	1065	0	19
2026.01.06	01:50:00	4441.26	4441.26	4439.14	4439.53	1021	0	19
2026.01.06	01:55:00	4439.52	4441.81	4436.96	4440.58	1417	0	19
2026.01.06	02:00:00	4440.58	4441.18	4436.69	4440.32	1772	0	19
2026.01.06	02:05:00	4440.35	4441.73	4436.94	4438.92	1299	0	19
2026.01.06	02:10:00	4438.93	4440.94	4437.82	4440.53	1121	0	19
2026.01.06	02:15:00	4440.52	4442.54	4439.40	4441.56	1371	0	19
2026.01.06	02:20:00	4441.56	4442.07	4439.81	4440.98	1155	0	19
2026.01.06	02:25:00	4441.00	4441.35	4439.60	4440.80	922	0	19
2026.01.06	02:30:00	4440.80	4444.76	4436.42	4436.57	1850	0	19
2026.01.06	02:35:00	4436.58	4437.45	4433.85	4434.71	1865	0	19
2026.01.06	02:40:00	4434.72	4436.73	4430.39	4436.52	2140	0	19
2026.01.06	02:45:00	4436.52	4438.16	4436.27	4436.56	1554	0	19
2026.01.06	02:50:00	4436.55	4437.12	4434.59	4435.54	1767	0	19
2026.01.06	02:55:00	4435.54	4438.02	4435.34	4436.41	2066	0	19
2026.01.06	03:00:00	4436.41	4440.10	4427.80	4434.12	3716	0	19
2026.01.06	03:05:00	4434.19	4439.43	4431.97	4436.28	3028	0	19
2026.01.06	03:10:00	4436.29	4442.28	4436.29	4441.78	2998	0	19
2026.01.06	03:15:00	4441.78	4444.23	4439.58	4440.87	3018	0	19
2026.01.06	03:20:00	4440.82	4442.58	4435.40	4435.87	2752	0	19
2026.01.06	03:25:00	4435.88	4436.88	4433.94	4434.96	2858	0	19
2026.01.06	03:30:00	4434.95	4436.62	4432.74	4436.17	2843	0	19
2026.01.06	03:35:00	4436.19	4440.51	4434.30	4440.16	2847	0	19
2026.01.06	03:40:00	4440.17	4443.28	4439.01	4439.17	2436	0	19
2026.01.06	03:45:00	4439.18	4442.63	4438.37	4440.54	2607	0	19
2026.01.06	03:50:00	4440.55	4448.27	4439.63	4447.71	2870	0	19
2026.01.06	03:55:00	4447.71	4452.21	4447.40	4450.55	3098	0	19
2026.01.06	04:00:00	4450.54	4455.02	4448.71	4452.84	3095	0	19
2026.01.06	04:05:00	4452.88	4457.59	4451.40	4457.26	3056	0	19
2026.01.06	04:10:00	4457.21	4460.48	4456.66	4459.40	3238	0	19
2026.01.06	04:15:00	4459.44	4459.48	4456.51	4457.92	2194	0	19
2026.01.06	04:20:00	4457.92	4460.02	4457.13	4459.79	2087	0	19
2026.01.06	04:25:00	4459.79	4460.66	4457.66	4460.32	2038	0	19
2026.01.06	04:30:00	4460.25	4461.03	4456.97	4458.70	2791	0	19
2026.01.06	04:35:00	4458.72	4459.63	4452.38	4452.50	2801	0	19
2026.01.06	04:40:00	4452.47	4453.82	4448.77	4453.60	2919	0	19
2026.01.06	04:45:00	4453.60	4457.54	4453.27	4456.04	2315	0	19
2026.01.06	04:50:00	4456.04	4456.18	4452.84	4454.57	1863	0	19
2026.01.06	04:55:00	4454.58	4455.57	4451.84	4454.92	2111	0	19
2026.01.06	05:00:00	4454.90	4457.24	4454.18	4456.63	2082	0	19
2026.01.06	05:05:00	4456.64	4458.66	4454.92	4458.60	1989	0	19
2026.01.06	05:10:00	4458.61	4465.66	4458.56	4462.58	2495	0	19
2026.01.06	05:15:00	4462.57	4467.22	4462.12	4465.13	2848	0	19
2026.01.06	05:20:00	4465.13	4468.00	4462.40	4467.65	2503	0	19
2026.01.06	05:25:00	4467.65	4467.75	4463.62	4463.69	2452	0	19
2026.01.06	05:30:00	4463.69	4465.20	4463.20	4464.69	1922	0	19
2026.01.06	05:35:00	4464.69	4467.59	4464.51	4467.16	948	0	19
2026.01.06	05:40:00	4467.16	4467.42	4464.94	4466.23	1564	0	19
2026.01.06	05:45:00	4466.24	4467.80	4465.65	4465.94	1529	0	19
2026.01.06	05:50:00	4465.94	4467.24	4464.64	4466.73	1246	0	19
2026.01.06	05:55:00	4466.73	4468.06	4466.38	4467.66	1207	0	19
2026.01.06	06:00:00	4467.64	4467.65	4465.27	4466.44	1351	0	19
2026.01.06	06:05:00	4466.43	4466.46	4464.71	4465.45	932	0	19
2026.01.06	06:10:00	4465.43	4468.53	4465.30	4465.79	1542	0	19
2026.01.06	06:15:00	4465.70	4467.41	4463.33	4465.63	1812	0	19
2026.01.06	06:20:00	4465.63	4466.75	4465.03	4465.03	1340	0	19
2026.01.06	06:25:00	4465.05	4465.42	4463.46	4464.80	1439	0	19
2026.01.06	06:30:00	4464.80	4466.34	4464.79	4465.90	1052	0	19
2026.01.06	06:35:00	4465.90	4466.09	4465.04	4466.08	1054	0	19
2026.01.06	06:40:00	4466.08	4466.25	4461.83	4462.69	1759	0	19
2026.01.06	06:45:00	4462.69	4466.28	4462.60	4465.94	1459	0	19
2026.01.06	06:50:00	4465.94	4467.44	4465.73	4467.19	1330	0	19
2026.01.06	06:55:00	4467.19	4468.40	4466.60	4467.38	1575	0	19
2026.01.06	07:00:00	4467.39	4469.28	4467.06	4468.99	1750	0	19
2026.01.06	07:05:00	4468.98	4469.56	4467.50	4467.74	1716	0	19
2026.01.06	07:10:00	4467.73	4469.26	4467.38	4467.41	1634	0	19
2026.01.06	07:15:00	4467.41	4469.89	4466.86	4468.76	1751	0	19
2026.01.06	07:20:00	4468.75	4469.55	4467.99	4468.17	1624	0	19
2026.01.06	07:25:00	4468.17	4470.70	4467.70	4469.71	1910	0	19
2026.01.06	07:30:00	4469.72	4474.16	4469.46	4471.34	3065	0	19
2026.01.06	07:35:00	4471.35	4471.99	4463.56	4463.71	2709	0	19
2026.01.06	07:40:00	4463.71	4466.17	4461.87	4463.11	3407	0	19
2026.01.06	07:45:00	4463.12	4464.74	4457.85	4459.78	2999	0	19
2026.01.06	07:50:00	4459.80	4460.18	4454.91	4455.99	3023	0	19
2026.01.06	07:55:00	4455.99	4456.21	4449.48	4452.52	3348	0	19
2026.01.06	08:00:00	4452.61	4456.66	4451.57	4455.19	2688	0	19
2026.01.06	08:05:00	4455.21	4456.68	4451.81	4455.66	2757	0	19
2026.01.06	08:10:00	4455.67	4458.35	4455.53	4456.87	2227	0	19
2026.01.06	08:15:00	4456.87	4458.85	4455.47	4457.93	2126	0	19
2026.01.06	08:20:00	4457.93	4458.68	4456.15	4458.08	2323	0	19
2026.01.06	08:25:00	4458.08	4461.15	4457.88	4461.04	2626	0	19
2026.01.06	08:30:00	4461.03	4464.96	4458.98	4464.54	2563	0	19
2026.01.06	08:35:00	4464.55	4465.75	4462.70	4464.26	2131	0	19
2026.01.06	08:40:00	4464.27	4464.95	4461.47	4463.63	2765	0	19
2026.01.06	08:45:00	4463.60	4463.68	4461.14	4463.18	2141	0	19
2026.01.06	08:50:00	4463.18	4464.96	4461.68	4464.64	2652	0	19
2026.01.06	08:55:00	4464.65	4466.90	4464.16	4465.76	2062	0	19
2026.01.06	09:00:00	4465.76	4468.31	4464.52	4465.30	2261	0	19
2026.01.06	09:05:00	4465.30	4470.40	4464.32	4469.16	2126	0	19
2026.01.06	09:10:00	4469.14	4470.26	4467.55	4468.42	1817	0	19
2026.01.06	09:15:00	4468.41	4469.69	4467.26	4467.36	1643	0	19
2026.01.06	09:20:00	4467.39	4467.78	4461.95	4463.39	1834	0	19
2026.01.06	09:25:00	4463.38	4465.24	4461.58	4464.62	1441	0	19
2026.01.06	09:30:00	4464.62	4467.20	4464.47	4465.54	1303	0	19
2026.01.06	09:35:00	4465.53	4466.06	4463.48	4465.41	1604	0	19
2026.01.06	09:40:00	4465.39	4465.96	4464.18	4464.54	1233	0	19
2026.01.06	09:45:00	4464.54	4465.80	4463.60	4465.53	1574	0	19
2026.01.06	09:50:00	4465.53	4466.38	4460.03	4461.08	2088	0	19
2026.01.06	09:55:00	4461.08	4461.08	4457.18	4459.46	2601	0	19
2026.01.06	10:00:00	4459.43	4461.13	4457.49	4461.08	2571	0	19
2026.01.06	10:05:00	4461.08	4463.40	4460.75	4462.96	2219	0	19
2026.01.06	10:10:00	4462.96	4463.16	4460.13	4461.93	1508	0	19
2026.01.06	10:15:00	4461.94	4465.92	4461.62	4465.88	1378	0	19
2026.01.06	10:20:00	4465.89	4470.16	4465.60	4469.14	1369	0	19
2026.01.06	10:25:00	4469.13	4475.87	4469.13	4471.04	2554	0	19
2026.01.06	10:30:00	4471.04	4472.60	4465.87	4467.24	2538	0	19
2026.01.06	10:35:00	4467.23	4469.09	4466.84	4466.93	1977	0	19
2026.01.06	10:40:00	4466.93	4467.70	4464.44	4465.80	2013	0	19
2026.01.06	10:45:00	4465.80	4468.36	4465.03	4466.37	2042	0	19
2026.01.06	10:50:00	4466.40	4467.93	4465.12	4466.94	1563	0	19
2026.01.06	10:55:00	4467.06	4469.38	4466.61	4468.38	1725	0	19
2026.01.06	11:00:00	4468.30	4468.47	4463.14	4463.96	2103	0	19
2026.01.06	11:05:00	4463.95	4464.34	4460.79	4461.56	2089	0	19
2026.01.06	11:10:00	4461.50	4462.13	4453.84	4458.02	2424	0	19
2026.01.06	11:15:00	4458.00	4458.20	4452.09	4454.25	2427	0	19
2026.01.06	11:20:00	4454.25	4457.20	4452.71	4457.19	2155	0	19
2026.01.06	11:25:00	4457.17	4457.21	4454.27	4456.75	1611	0	19
2026.01.06	11:30:00	4456.75	4456.93	4455.44	4456.82	1562	0	19
2026.01.06	11:35:00	4456.81	4457.08	4455.16	4456.08	1526	0	19
2026.01.06	11:40:00	4456.08	4456.23	4453.82	4455.98	1452	0	19
2026.01.06	11:45:00	4455.98	4456.20	4445.52	4447.73	2787	0	19
2026.01.06	11:50:00	4447.72	4450.34	4444.83	4449.40	2488	0	19
2026.01.06	11:55:00	4449.44	4451.95	4446.24	4446.35	2600	0	19
2026.01.06	12:00:00	4446.35	4448.73	4442.61	4445.28	2304	0	19
2026.01.06	12:05:00	4445.32	4449.83	4445.23	4449.83	1990	0	19
2026.01.06	12:10:00	4449.86	4452.33	4448.85	4450.24	1995	0	19
2026.01.06	12:15:00	4450.24	4452.59	4449.89	4452.17	1613	0	19
2026.01.06	12:20:00	4452.18	4452.26	4448.76	4449.92	1797	0	19
2026.01.06	12:25:00	4449.93	4450.53	4448.72	4450.15	1661	0	19
2026.01.06	12:30:00	4450.11	4453.41	4448.46	4451.38	1830	0	19
2026.01.06	12:35:00	4451.44	4455.97	4451.28	4453.99	1620	0	19
2026.01.06	12:40:00	4453.99	4454.45	4449.34	4451.09	1805	0	19
2026.01.06	12:45:00	4451.09	4451.86	4449.33	4451.17	1628	0	19
2026.01.06	12:50:00	4451.16	4451.72	4450.00	4451.41	1325	0	19
2026.01.06	12:55:00	4451.42	4453.18	4451.23	4451.72	1386	0	19
2026.01.06	13:00:00	4451.72	4453.00	4451.21	4452.22	1194	0	19
2026.01.06	13:05:00	4452.22	4452.36	4449.91	4451.44	1427	0	19
2026.01.06	13:10:00	4451.44	4452.40	4450.69	4450.74	1416	0	19
2026.01.06	13:15:00	4450.73	4451.19	4448.72	4450.55	1421	0	19
2026.01.06	13:20:00	4450.54	4453.73	4450.31	4453.62	1676	0	19
2026.01.06	13:25:00	4453.63	4455.73	4452.28	4455.53	1517	0	19
2026.01.06	13:30:00	4455.53	4460.80	4454.84	4460.48	1895	0	19
2026.01.06	13:35:00	4460.49	4462.43	4459.15	4459.52	2243	0	19
2026.01.06	13:40:00	4459.52	4462.19	4457.93	4462.17	1744	0	19
2026.01.06	13:45:00	4462.18	4462.37	4459.83	4460.51	1803	0	19
2026.01.06	13:50:00	4460.52	4463.06	4459.86	4462.67	1511	0	19
2026.01.06	13:55:00	4462.67	4464.48	4462.40	4463.33	1843	0	19
2026.01.06	14:00:00	4463.32	4464.70	4461.68	4461.95	2211	0	19
2026.01.06	14:05:00	4461.99	4464.33	4461.94	4463.36	1638	0	19
2026.01.06	14:10:00	4463.37	4463.63	4462.00	4462.15	1253	0	19
2026.01.06	14:15:00	4462.15	4464.77	4461.68	4461.69	1722	0	19
2026.01.06	14:20:00	4461.69	4465.69	4461.52	4465.13	1917	0	19
2026.01.06	14:25:00	4465.11	4465.62	4463.21	4464.50	1560	0	19
2026.01.06	14:30:00	4464.51	4466.25	4460.75	4461.01	1900	0	19
2026.01.06	14:35:00	4461.01	4462.56	4459.83	4460.39	2122	0	19
2026.01.06	14:40:00	4460.38	4462.06	4458.88	4462.03	2144	0	19
2026.01.06	14:45:00	4462.03	4462.93	4460.33	4460.40	1908	0	19
2026.01.06	14:50:00	4460.40	4462.70	4459.65	4462.57	1807	0	19
2026.01.06	14:55:00	4462.58	4464.84	4462.05	4463.67	1521	0	19
2026.01.06	15:00:00	4463.68	4465.70	4459.73	4464.37	3439	0	19
2026.01.06	15:05:00	4464.39	4464.98	4461.12	4464.72	2850	0	19
2026.01.06	15:10:00	4464.71	4468.14	4464.57	4465.52	3115	0	19
2026.01.06	15:15:00	4465.52	4470.44	4465.09	4468.75	2671	0	19
2026.01.06	15:20:00	4468.75	4468.76	4459.45	4459.78	3264	0	19
2026.01.06	15:25:00	4459.80	4461.49	4457.55	4459.14	3029	0	19
2026.01.06	15:30:00	4459.15	4461.53	4455.67	4458.47	3097	0	19
2026.01.06	15:35:00	4458.46	4460.40	4455.90	4458.81	2918	0	19
2026.01.06	15:40:00	4458.77	4462.24	4458.77	4461.18	2368	0	19
2026.01.06	15:45:00	4461.18	4463.81	4456.81	4458.11	2566	0	19
2026.01.06	15:50:00	4458.14	4465.11	4454.07	4465.04	2847	0	19
2026.01.06	15:55:00	4465.02	4468.28	4465.02	4467.98	2963	0	19
2026.01.06	16:00:00	4467.98	4471.36	4467.43	4467.52	2889	0	19
2026.01.06	16:05:00	4467.52	4472.56	4466.32	4471.39	2688	0	19
2026.01.06	16:10:00	4471.38	4472.44	4469.70	4471.81	2654	0	19
2026.01.06	16:15:00	4471.81	4473.29	4466.77	4467.23	2716	0	19
2026.01.06	16:20:00	4467.22	4468.79	4464.55	4466.36	2749	0	19
2026.01.06	16:25:00	4466.39	4468.44	4465.02	4466.77	2500	0	19
2026.01.06	16:30:00	4466.77	4479.06	4465.24	4478.95	3877	0	19
2026.01.06	16:35:00	4478.96	4482.94	4476.78	4479.15	3696	0	19
2026.01.06	16:40:00	4479.11	4483.12	4476.27	4479.54	3286	0	19
2026.01.06	16:45:00	4479.54	4485.73	4479.47	4482.16	3499	0	19
2026.01.06	16:50:00	4482.20	4488.11	4480.03	4487.92	3240	0	19
2026.01.06	16:55:00	4487.91	4489.79	4486.10	4487.32	3090	0	19
2026.01.06	17:00:00	4487.39	4490.89	4483.21	4484.82	3790	0	19
2026.01.06	17:05:00	4484.80	4488.65	4482.20	4487.10	3371	0	19
2026.01.06	17:10:00	4487.08	4487.58	4479.12	4480.25	3426	0	19
2026.01.06	17:15:00	4480.24	4483.34	4474.44	4474.54	3424	0	19
2026.01.06	17:20:00	4474.57	4479.02	4473.87	4476.61	3435	0	19
2026.01.06	17:25:00	4476.61	4481.79	4476.27	4480.99	3350	0	19
2026.01.06	17:30:00	4480.99	4481.92	4466.64	4469.74	3870	0	19
2026.01.06	17:35:00	4469.78	4472.56	4463.06	4470.81	3824	0	19
2026.01.06	17:40:00	4470.80	4476.11	4470.39	4475.44	3327	0	19
2026.01.06	17:45:00	4475.47	4479.30	4471.58	4478.24	2974	0	19
2026.01.06	17:50:00	4478.24	4479.07	4474.72	4477.64	3084	0	19
2026.01.06	17:55:00	4477.64	4479.82	4473.03	4478.38	3237	0	19
2026.01.06	18:00:00	4478.40	4483.12	4476.89	4476.92	3095	0	19
2026.01.06	18:05:00	4476.92	4477.38	4471.61	4474.35	3145	0	19
2026.01.06	18:10:00	4474.35	4478.85	4473.08	4478.83	2803	0	19
2026.01.06	18:15:00	4478.84	4481.24	4477.71	4479.97	2795	0	19
2026.01.06	18:20:00	4479.97	4483.30	4479.84	4482.02	2470	0	19
2026.01.06	18:25:00	4482.01	4485.32	4482.01	4483.40	2869	0	19
2026.01.06	18:30:00	4483.41	4485.95	4482.54	4485.52	2584	0	19
2026.01.06	18:35:00	4485.55	4487.89	4483.68	4486.82	2595	0	19
2026.01.06	18:40:00	4486.81	4488.90	4484.46	4488.12	2821	0	19
2026.01.06	18:45:00	4488.15	4488.15	4484.46	4485.50	2482	0	19
2026.01.06	18:50:00	4485.50	4487.72	4484.39	4486.47	2468	0	19
2026.01.06	18:55:00	4486.48	4488.79	4484.64	4488.27	2629	0	19
2026.01.06	19:00:00	4488.29	4489.53	4484.38	4488.81	2312	0	19
2026.01.06	19:05:00	4488.81	4490.23	4486.04	4488.26	2579	0	19
2026.01.06	19:10:00	4488.27	4489.10	4486.42	4488.44	2390	0	19
2026.01.06	19:15:00	4488.43	4490.16	4487.60	4488.72	2163	0	19
2026.01.06	19:20:00	4488.73	4489.53	4487.20	4488.98	2399	0	19
2026.01.06	19:25:00	4488.99	4489.05	4485.93	4487.16	1999	0	19
2026.01.06	19:30:00	4487.15	4489.45	4486.49	4488.95	2328	0	19
2026.01.06	19:35:00	4488.96	4489.89	4485.65	4486.57	2266	0	19
2026.01.06	19:40:00	4486.59	4487.14	4481.71	4483.91	2528	0	19
2026.01.06	19:45:00	4483.92	4486.18	4483.40	4485.77	2206	0	19
2026.01.06	19:50:00	4485.81	4490.25	4484.47	4490.15	2153	0	19
2026.01.06	19:55:00	4490.14	4491.49	4488.43	4489.50	2328	0	19
2026.01.06	20:00:00	4489.50	4489.91	4486.21	4488.59	2341	0	19
2026.01.06	20:05:00	4488.57	4489.47	4487.54	4489.43	2108	0	19
2026.01.06	20:10:00	4489.44	4491.58	4489.35	4491.08	2188	0	19
2026.01.06	20:15:00	4491.09	4494.05	4490.35	4490.93	2401	0	19
2026.01.06	20:20:00	4490.94	4492.87	4487.69	4488.57	2517	0	19
2026.01.06	20:25:00	4488.54	4489.99	4484.39	4486.00	2810	0	19
2026.01.06	20:30:00	4486.00	4487.86	4482.21	4484.16	2611	0	19
2026.01.06	20:35:00	4484.13	4486.24	4483.57	4485.55	2378	0	19
2026.01.06	20:40:00	4485.55	4487.18	4484.99	4486.25	1898	0	19
2026.01.06	20:45:00	4486.25	4488.71	4486.19	4488.68	1786	0	19
2026.01.06	20:50:00	4488.68	4490.36	4487.25	4487.83	1848	0	19
2026.01.06	20:55:00	4487.78	4489.41	4487.46	4488.54	1517	0	19
2026.01.06	21:00:00	4488.55	4489.46	4485.02	4485.79	2103	0	19
2026.01.06	21:05:00	4485.78	4486.41	4483.06	4483.71	2187	0	19
2026.01.06	21:10:00	4483.70	4484.51	4481.89	4482.08	1846	0	19
2026.01.06	21:15:00	4482.13	4482.52	4477.41	4482.04	2543	0	19
2026.01.06	21:20:00	4481.99	4484.64	4481.40	4482.37	2354	0	19
2026.01.06	21:25:00	4482.37	4483.71	4480.83	4480.91	1990	0	19
2026.01.06	21:30:00	4480.92	4481.45	4477.84	4478.77	2226	0	19
2026.01.06	21:35:00	4478.77	4482.25	4477.93	4482.10	1912	0	19
2026.01.06	21:40:00	4482.12	4483.63	4481.34	4481.55	1846	0	19
2026.01.06	21:45:00	4481.54	4483.75	4481.40	4482.48	1875	0	19
2026.01.06	21:50:00	4482.49	4482.77	4479.16	4481.24	2309	0	19
2026.01.06	21:55:00	4481.25	4482.59	4480.25	4481.31	2030	0	19
2026.01.06	22:00:00	4481.31	4483.90	4480.35	4483.90	1981	0	19
2026.01.06	22:05:00	4483.91	4484.39	4481.85	4483.81	1636	0	19
2026.01.06	22:10:00	4483.83	4486.85	4482.99	4485.40	1760	0	19
2026.01.06	22:15:00	4485.41	4487.34	4485.23	4487.03	1367	0	19
2026.01.06	22:20:00	4487.04	4487.63	4486.12	4486.36	1643	0	19
2026.01.06	22:25:00	4486.37	4487.54	4484.62	4485.63	1574	0	19
2026.01.06	22:30:00	4485.63	4485.69	4483.82	4485.32	2784	0	19
2026.01.06	22:35:00	4485.31	4487.40	4484.01	4486.65	1619	0	19
2026.01.06	22:40:00	4486.64	4490.14	4486.64	4489.80	1868	0	19
2026.01.06	22:45:00	4489.80	4491.37	4489.48	4489.90	1712	0	19
2026.01.06	22:50:00	4489.91	4490.40	4488.61	4490.39	1849	0	19
2026.01.06	22:55:00	4490.32	4496.94	4489.82	4493.79	2550	0	19
2026.01.06	23:00:00	4493.79	4494.44	4492.15	4493.17	1457	0	19
2026.01.06	23:05:00	4493.14	4494.55	4492.47	4493.70	1073	0	19
2026.01.06	23:10:00	4493.70	4493.95	4491.86	4492.10	858	0	19
2026.01.06	23:15:00	4492.04	4493.51	4491.93	4492.59	751	0	19
2026.01.06	23:20:00	4492.58	4493.76	4492.15	4493.12	598	0	19
2026.01.06	23:25:00	4493.13	4494.58	4492.70	4494.05	697	0	19
2026.01.06	23:30:00	4494.04	4495.58	4493.94	4495.48	678	0	19
2026.01.06	23:35:00	4495.53	4496.76	4495.20	4496.76	854	0	19
2026.01.06	23:40:00	4496.76	4497.03	4496.10	4496.26	660	0	19
2026.01.06	23:45:00	4496.26	4497.34	4495.90	4497.28	967	0	19
2026.01.06	23:50:00	4497.27	4497.37	4494.13	4495.17	1045	0	19
2026.01.06	23:55:00	4495.16	4495.42	4494.06	4494.62	415	0	19
2026.01.07	01:00:00	4495.52	4498.82	4495.13	4498.53	984	0	19
2026.01.07	01:05:00	4498.53	4499.34	4498.15	4498.41	879	0	19
2026.01.07	01:10:00	4498.40	4498.62	4494.77	4497.56	1380	0	19
2026.01.07	01:15:00	4497.49	4499.18	4497.04	4498.69	1247	0	19
2026.01.07	01:20:00	4498.69	4499.92	4498.27	4499.75	1358	0	19
2026.01.07	01:25:00	4499.76	4500.46	4498.34	4498.50	1150	0	19
2026.01.07	01:30:00	4498.45	4499.53	4497.85	4498.89	963	0	19
2026.01.07	01:35:00	4498.88	4499.41	4496.21	4496.40	916	0	19
2026.01.07	01:40:00	4496.41	4496.44	4495.00	4495.39	1275	0	19
2026.01.07	01:45:00	4495.38	4495.85	4493.15	4493.61	1250	0	19
2026.01.07	01:50:00	4493.59	4496.24	4492.13	4496.10	1526	0	19
2026.01.07	01:55:00	4496.09	4496.25	4492.48	4493.33	1553	0	19
2026.01.07	02:00:00	4493.34	4494.14	4490.35	4493.02	1733	0	19
2026.01.07	02:05:00	4493.02	4493.03	4491.00	4492.14	1178	0	19
2026.01.07	02:10:00	4492.15	4494.33	4492.05	4493.17	1330	0	19
2026.01.07	02:15:00	4493.17	4493.54	4489.77	4490.54	1354	0	19
2026.01.07	02:20:00	4490.53	4493.04	4490.32	4491.33	1074	0	19
2026.01.07	02:25:00	4491.34	4491.85	4490.29	4491.16	1009	0	19
2026.01.07	02:30:00	4491.17	4493.69	4490.17	4493.68	1676	0	19
2026.01.07	02:35:00	4493.64	4494.73	4488.10	4489.74	2145	0	19
2026.01.07	02:40:00	4489.74	4492.25	4488.77	4489.90	1904	0	19
2026.01.07	02:45:00	4489.89	4491.49	4487.86	4490.04	1972	0	19
2026.01.07	02:50:00	4490.04	4490.20	4482.54	4485.50	2137	0	19
2026.01.07	02:55:00	4485.50	4492.11	4485.11	4491.97	2149	0	19
2026.01.07	03:00:00	4491.85	4495.76	4480.44	4483.32	3862	0	19
2026.01.07	03:05:00	4483.31	4483.59	4472.07	4475.92	3916	0	19
2026.01.07	03:10:00	4475.85	4478.66	4469.11	4471.03	3622	0	19
2026.01.07	03:15:00	4471.06	4476.86	4470.96	4472.76	3174	0	19
2026.01.07	03:20:00	4472.78	4477.89	4471.28	4476.27	3189	0	19
2026.01.07	03:25:00	4476.22	4478.99	4473.63	4477.16	2983	0	19
2026.01.07	03:30:00	4477.17	4477.86	4466.39	4466.83	3341	0	19
2026.01.07	03:35:00	4466.82	4470.94	4464.97	4470.79	3498	0	19
2026.01.07	03:40:00	4470.80	4472.67	4467.56	4468.56	3196	0	19
2026.01.07	03:45:00	4468.58	4470.57	4465.16	4465.16	2805	0	19
2026.01.07	03:50:00	4465.15	4470.44	4465.11	4470.08	2783	0	19
2026.01.07	03:55:00	4470.08	4470.08	4461.13	4465.59	3067	0	19
2026.01.07	04:00:00	4465.59	4467.42	4459.66	4467.42	3359	0	19
2026.01.07	04:05:00	4467.41	4470.93	4466.25	4470.71	3217	0	19
2026.01.07	04:10:00	4470.73	4475.67	4470.42	4472.37	3128	0	19
2026.01.07	04:15:00	4472.37	4475.04	4471.22	4471.93	2172	0	19
2026.01.07	04:20:00	4471.94	4471.94	4469.34	4470.07	1601	0	19
2026.01.07	04:25:00	4470.08	4474.99	4468.49	4473.89	2195	0	19
2026.01.07	04:30:00	4473.89	4478.01	4473.46	4475.16	3133	0	19
2026.01.07	04:35:00	4475.15	4478.07	4474.33	4476.86	2366	0	19
2026.01.07	04:40:00	4476.87	4478.52	4475.54	4475.90	2519	0	19
2026.01.07	04:45:00	4475.87	4477.43	4473.82	4477.15	2129	0	19
2026.01.07	04:50:00	4477.15	4478.55	4475.11	4478.16	2468	0	19
2026.01.07	04:55:00	4478.16	4478.73	4474.41	4474.71	2506	0	19
2026.01.07	05:00:00	4474.72	4476.84	4473.25	4475.38	2435	0	19
2026.01.07	05:05:00	4475.33	4476.22	4473.28	4476.00	2853	0	19
2026.01.07	05:10:00	4476.01	4477.04	4471.95	4474.69	2575	0	19
2026.01.07	05:15:00	4474.77	4480.18	4472.70	4479.89	2986	0	19
2026.01.07	05:20:00	4479.90	4480.30	4476.76	4479.20	2747	0	19
2026.01.07	05:25:00	4479.20	4479.52	4476.30	4476.45	2450	0	19
2026.01.07	05:30:00	4476.45	4477.79	4475.71	4476.60	1611	0	19
2026.01.07	05:35:00	4476.65	4478.80	4476.18	4477.66	2179	0	19
2026.01.07	05:40:00	4477.66	4478.82	4477.02	4478.35	1814	0	19
2026.01.07	05:45:00	4478.35	4478.43	4476.47	4476.89	2086	0	19
2026.01.07	05:50:00	4476.90	4477.21	4473.95	4475.98	1974	0	19
2026.01.07	05:55:00	4475.98	4476.65	4473.67	4474.73	2219	0	19
2026.01.07	06:00:00	4474.73	4476.08	4472.44	4473.18	1774	0	19
2026.01.07	06:05:00	4473.14	4473.77	4470.27	4471.48	2119	0	19
2026.01.07	06:10:00	4471.44	4472.65	4469.32	4470.46	2260	0	19
2026.01.07	06:15:00	4470.46	4472.01	4467.10	4468.63	2055	0	19
2026.01.07	06:20:00	4468.63	4470.79	4466.56	4469.24	1747	0	19
2026.01.07	06:25:00	4469.24	4471.08	4465.97	4466.16	1835	0	19
2026.01.07	06:30:00	4466.06	4467.58	4463.80	4467.42	2101	0	19
2026.01.07	06:35:00	4467.42	4468.53	4463.61	4463.61	1801	0	19
2026.01.07	06:40:00	4463.61	4468.45	4463.60	4465.30	1971	0	19
2026.01.07	06:45:00	4465.29	4466.86	4464.00	4466.33	1552	0	19
2026.01.07	06:50:00	4466.33	4467.17	4464.12	4464.76	1451	0	19
2026.01.07	06:55:00	4464.77	4465.51	4463.93	4464.79	1603	0	19
2026.01.07	07:00:00	4464.79	4465.29	4463.44	4463.99	1804	0	19
2026.01.07	07:05:00	4463.97	4467.17	4462.01	4466.49	1734	0	19
2026.01.07	07:10:00	4466.48	4467.01	4465.17	4465.81	1789	0	19
2026.01.07	07:15:00	4465.78	4469.37	4465.24	4467.98	1878	0	19
2026.01.07	07:20:00	4467.99	4469.75	4467.24	4469.73	1453	0	19
2026.01.07	07:25:00	4469.71	4470.31	4467.39	4468.64	1546	0	19
2026.01.07	07:30:00	4468.64	4469.17	4453.01	4453.83	3696	0	19
2026.01.07	07:35:00	4453.83	4457.02	4451.54	4453.13	3116	0	19
2026.01.07	07:40:00	4453.14	4454.04	4448.78	4452.44	3682	0	19
2026.01.07	07:45:00	4452.44	4452.64	4443.33	4448.09	3552	0	19
2026.01.07	07:50:00	4448.08	4449.88	4446.28	4447.68	3183	0	19
2026.01.07	07:55:00	4447.68	4454.48	4446.37	4454.31	2801	0	19
2026.01.07	08:00:00	4454.32	4456.98	4452.98	4456.58	2689	0	19
2026.01.07	08:05:00	4456.58	4459.11	4456.33	4457.70	2413	0	19
2026.01.07	08:10:00	4457.70	4458.98	4455.23	4456.16	2489	0	19
2026.01.07	08:15:00	4456.14	4460.04	4456.10	4459.00	2761	0	19
2026.01.07	08:20:00	4459.01	4460.30	4454.60	4455.13	2304	0	19
2026.01.07	08:25:00	4455.10	4456.45	4452.25	4454.98	2362	0	19
2026.01.07	08:30:00	4455.00	4455.46	4449.15	4451.18	2495	0	19
2026.01.07	08:35:00	4451.13	4451.16	4443.77	4450.48	2907	0	19
2026.01.07	08:40:00	4450.43	4452.16	4446.17	4446.66	2683	0	19
2026.01.07	08:45:00	4446.66	4448.69	4441.49	4446.15	2786	0	19
2026.01.07	08:50:00	4446.15	4450.86	4445.38	4446.19	2609	0	19
2026.01.07	08:55:00	4446.27	4446.52	4442.69	4444.20	2280	0	19
2026.01.07	09:00:00	4444.19	4447.91	4441.72	4447.71	2478	0	19
2026.01.07	09:05:00	4447.72	4449.58	4447.21	4449.03	2028	0	19
2026.01.07	09:10:00	4449.01	4450.91	4447.97	4450.25	1808	0	19
2026.01.07	09:15:00	4450.27	4451.43	4448.38	4451.06	1866	0	19
2026.01.07	09:20:00	4451.05	4452.98	4450.39	4451.70	2316	0	19
2026.01.07	09:25:00	4451.70	4454.94	4451.63	4454.93	1895	0	19
2026.01.07	09:30:00	4454.93	4456.02	4453.65	4455.48	1679	0	19
2026.01.07	09:35:00	4455.49	4459.88	4455.00	4458.94	1750	0	19
2026.01.07	09:40:00	4458.92	4459.98	4456.62	4458.91	2133	0	19
2026.01.07	09:45:00	4458.88	4464.40	4458.57	4462.10	1998	0	19
2026.01.07	09:50:00	4462.10	4465.09	4460.36	4463.41	1755	0	19
2026.01.07	09:55:00	4463.38	4463.47	4461.03	4461.17	1429	0	19
2026.01.07	10:00:00	4461.13	4463.58	4460.53	4463.47	1628	0	19
2026.01.07	10:05:00	4463.49	4465.78	4459.36	4465.61	1963	0	19
2026.01.07	10:10:00	4465.62	4466.46	4462.84	4465.81	1755	0	19
2026.01.07	10:15:00	4465.79	4467.97	4464.79	4466.13	1919	0	19
2026.01.07	10:20:00	4466.13	4468.54	4465.42	4466.47	1705	0	19
2026.01.07	10:25:00	4466.48	4466.68	4463.76	4465.15	1695	0	19
2026.01.07	10:30:00	4465.19	4467.78	4464.15	4467.17	1544	0	19
2026.01.07	10:35:00	4467.17	4472.41	4466.32	4471.46	1949	0	19
2026.01.07	10:40:00	4471.44	4474.70	4466.79	4466.82	2162	0	19
2026.01.07	10:45:00	4466.81	4470.39	4465.60	4468.96	2108	0	19
2026.01.07	10:50:00	4468.94	4470.64	4467.71	4468.42	1326	0	19
2026.01.07	10:55:00	4468.43	4469.37	4466.87	4468.27	1860	0	19
2026.01.07	11:00:00	4468.28	4468.63	4464.01	4465.27	2169	0	19
2026.01.07	11:05:00	4465.27	4465.48	4459.50	4461.37	2230	0	19
2026.01.07	11:10:00	4461.37	4466.58	4461.32	4465.83	2018	0	19
2026.01.07	11:15:00	4465.83	4467.27	4464.13	4466.59	1717	0	19
2026.01.07	11:20:00	4466.59	4466.61	4462.38	4464.10	1721	0	19
2026.01.07	11:25:00	4464.09	4465.56	4461.82	4462.25	1530	0	19
2026.01.07	11:30:00	4462.24	4463.92	4461.43	4462.91	1565	0	19
2026.01.07	11:35:00	4462.91	4464.49	4462.44	4462.81	1417	0	19
2026.01.07	11:40:00	4462.82	4463.93	4460.94	4461.49	1395	0	19
2026.01.07	11:45:00	4461.48	4465.17	4460.03	4464.09	1559	0	19
2026.01.07	11:50:00	4464.09	4465.50	4461.94	4465.35	1662	0	19
2026.01.07	11:55:00	4465.35	4465.59	4462.79	4463.38	1520	0	19
2026.01.07	12:00:00	4463.38	4464.04	4461.42	4463.62	1349	0	19
2026.01.07	12:05:00	4463.61	4465.56	4462.81	4463.37	1779	0	19
2026.01.07	12:10:00	4463.37	4465.08	4462.28	4464.78	1563	0	19
2026.01.07	12:15:00	4464.79	4466.60	4464.69	4464.98	1674	0	19
2026.01.07	12:20:00	4464.95	4465.56	4463.48	4464.40	1447	0	19
2026.01.07	12:25:00	4464.41	4464.75	4458.81	4459.92	1836	0	19
2026.01.07	12:30:00	4459.91	4464.58	4458.87	4463.62	1999	0	19
2026.01.07	12:35:00	4463.61	4465.66	4463.48	4464.67	1500	0	19
2026.01.07	12:40:00	4464.67	4467.32	4464.66	4466.07	1536	0	19
2026.01.07	12:45:00	4466.07	4467.72	4465.71	4466.42	1298	0	19
2026.01.07	12:50:00	4466.42	4467.15	4464.88	4464.94	1201	0	19
2026.01.07	12:55:00	4464.93	4465.08	4463.78	4464.45	1625	0	19
2026.01.07	13:00:00	4464.45	4464.93	4461.80	4464.17	1530	0	19
2026.01.07	13:05:00	4464.18	4464.34	4461.16	4462.35	1330	0	19
2026.01.07	13:10:00	4462.35	4463.22	4461.26	4461.74	1233	0	19
2026.01.07	13:15:00	4461.72	4464.24	4460.48	4462.76	1310	0	19
2026.01.07	13:20:00	4462.76	4462.83	4459.54	4459.63	1347	0	19
2026.01.07	13:25:00	4459.63	4460.18	4455.34	4459.05	1858	0	19
2026.01.07	13:30:00	4459.05	4460.09	4454.93	4455.11	1395	0	19
2026.01.07	13:35:00	4455.08	4455.74	4450.72	4451.65	2145	0	19
2026.01.07	13:40:00	4451.65	4454.24	4450.50	4450.52	1520	0	19
2026.01.07	13:45:00	4450.50	4452.30	4449.18	4450.56	2085	0	19
2026.01.07	13:50:00	4450.51	4454.63	4449.41	4454.02	2280	0	19
2026.01.07	13:55:00	4454.02	4454.03	4446.53	4447.39	2279	0	19
2026.01.07	14:00:00	4447.39	4450.24	4445.98	4448.36	2278	0	19
2026.01.07	14:05:00	4448.30	4449.18	4445.31	4446.29	2469	0	19
2026.01.07	14:10:00	4446.28	4446.43	4443.42	4445.66	2201	0	19
2026.01.07	14:15:00	4445.66	4448.12	4440.42	4442.18	2383	0	19
2026.01.07	14:20:00	4442.22	4447.77	4439.35	4447.41	2454	0	19
2026.01.07	14:25:00	4447.36	4450.44	4443.77	4450.13	2918	0	19
2026.01.07	14:30:00	4450.13	4454.58	4449.39	4453.32	2627	0	19
2026.01.07	14:35:00	4453.32	4455.09	4451.35	4451.70	2086	0	19
2026.01.07	14:40:00	4451.70	4453.98	4449.98	4449.98	1922	0	19
2026.01.07	14:45:00	4449.98	4453.78	4449.47	4453.32	2385	0	19
2026.01.07	14:50:00	4453.31	4453.78	4448.43	4448.45	2179	0	19
2026.01.07	14:55:00	4448.44	4448.86	4445.02	4445.08	2296	0	19
2026.01.07	15:00:00	4445.08	4449.91	4443.60	4445.67	3469	0	19
2026.01.07	15:05:00	4445.64	4446.83	4429.17	4429.97	3924	0	19
2026.01.07	15:10:00	4429.95	4436.16	4427.85	4433.50	3476	0	19
2026.01.07	15:15:00	4433.51	4439.15	4430.19	4433.99	3451	0	19
2026.01.07	15:20:00	4433.99	4443.49	4432.73	4442.24	3238	0	19
2026.01.07	15:25:00	4442.26	4447.17	4440.63	4442.06	3251	0	19
2026.01.07	15:30:00	4442.05	4446.86	4441.02	4443.36	3514	0	19
2026.01.07	15:35:00	4443.33	4444.53	4438.16	4443.49	3634	0	19
2026.01.07	15:40:00	4443.49	4450.71	4441.19	4445.49	3181	0	19
2026.01.07	15:45:00	4445.52	4450.02	4444.77	4447.16	2788	0	19
2026.01.07	15:50:00	4447.16	4452.19	4446.07	4448.75	2975	0	19
2026.01.07	15:55:00	4448.75	4453.05	4447.11	4452.89	2954	0	19
2026.01.07	16:00:00	4452.92	4454.29	4449.83	4452.71	3054	0	19
2026.01.07	16:05:00	4452.64	4453.95	4448.46	4448.73	3276	0	19
2026.01.07	16:10:00	4448.77	4451.74	4447.21	4447.32	3129	0	19
2026.01.07	16:15:00	4447.33	4453.51	4446.99	4449.91	2948	0	19
2026.01.07	16:20:00	4449.85	4449.85	4443.19	4445.45	3062	0	19
2026.01.07	16:25:00	4445.42	4446.36	4442.79	4444.68	2734	0	19
2026.01.07	16:30:00	4444.68	4450.33	4440.77	4449.46	3831	0	19
2026.01.07	16:35:00	4449.43	4452.25	4435.70	4441.06	3725	0	19
2026.01.07	16:40:00	4441.06	4445.91	4439.72	4444.20	3755	0	19
2026.01.07	16:45:00	4444.22	4447.27	4440.90	4442.79	3679	0	19
2026.01.07	16:50:00	4442.79	4450.03	4440.87	4446.67	3629	0	19
2026.01.07	16:55:00	4446.67	4453.02	4444.79	4445.50	3182	0	19
2026.01.07	17:00:00	4445.46	4445.56	4437.95	4441.43	3474	0	19
2026.01.07	17:05:00	4441.43	4444.58	4439.90	4441.49	3623	0	19
2026.01.07	17:10:00	4441.50	4442.44	4426.37	4426.66	3791	0	19
2026.01.07	17:15:00	4426.68	4429.99	4423.45	4424.75	3728	0	19
2026.01.07	17:20:00	4424.75	4432.85	4424.67	4430.67	3444	0	19
2026.01.07	17:25:00	4430.67	4442.36	4430.67	4442.09	3184	0	19
2026.01.07	17:30:00	4442.04	4450.07	4442.04	4448.76	3672	0	19
2026.01.07	17:35:00	4448.77	4452.17	4445.46	4448.49	3510	0	19
2026.01.07	17:40:00	4448.51	4449.23	4441.99	4442.22	3268	0	19
2026.01.07	17:45:00	4442.13	4446.63	4440.56	4446.20	2940	0	19
2026.01.07	17:50:00	4446.20	4447.94	4442.35	4442.82	3032	0	19
2026.01.07	17:55:00	4442.82	4446.28	4441.77	4446.12	2741	0	19
2026.01.07	18:00:00	4446.11	4449.46	4445.27	4446.41	2891	0	19
2026.01.07	18:05:00	4446.41	4448.12	4443.89	4447.37	2756	0	19
2026.01.07	18:10:00	4447.36	4450.46	4445.94	4447.06	2734	0	19
2026.01.07	18:15:00	4447.07	4448.11	4444.62	4447.92	2444	0	19
2026.01.07	18:20:00	4447.89	4461.15	4447.19	4458.75	3355	0	19
2026.01.07	18:25:00	4458.73	4460.35	4455.81	4457.89	3119	0	19
2026.01.07	18:30:00	4457.91	4464.96	4456.92	4464.66	3030	0	19
2026.01.07	18:35:00	4464.82	4465.33	4459.01	4462.94	3068	0	19
2026.01.07	18:40:00	4462.93	4467.97	4460.79	4467.70	3011	0	19
2026.01.07	18:45:00	4467.69	4468.32	4463.82	4467.31	2706	0	19
2026.01.07	18:50:00	4467.30	4467.88	4463.83	4464.70	2426	0	19
2026.01.07	18:55:00	4464.70	4464.93	4461.98	4464.14	2321	0	19
2026.01.07	19:00:00	4464.17	4465.37	4459.76	4462.99	2505	0	19
2026.01.07	19:05:00	4463.00	4464.08	4460.22	4460.51	2238	0	19
2026.01.07	19:10:00	4460.52	4461.18	4457.85	4460.16	1875	0	19
2026.01.07	19:15:00	4460.20	4463.03	4459.08	4461.55	1946	0	19
2026.01.07	19:20:00	4461.55	4461.86	4459.56	4460.02	1797	0	19
2026.01.07	19:25:00	4460.12	4460.16	4457.13	4458.46	1931	0	19
2026.01.07	19:30:00	4458.47	4461.52	4458.15	4459.53	2013	0	19
2026.01.07	19:35:00	4459.52	4460.53	4456.16	4458.88	1898	0	19
2026.01.07	19:40:00	4458.87	4459.59	4456.02	4456.90	1834	0	19
2026.01.07	19:45:00	4456.88	4459.36	4456.63	4457.05	2117	0	19
2026.01.07	19:50:00	4457.05	4457.05	4452.05	4454.59	2638	0	19
2026.01.07	19:55:00	4454.61	4454.72	4449.82	4451.87	2692	0	19
2026.01.07	20:00:00	4451.94	4452.93	4448.18	4450.51	2620	0	19
2026.01.07	20:05:00	4450.49	4452.61	4447.93	4450.19	2592	0	19
2026.01.07	20:10:00	4450.20	4452.83	4448.67	4449.86	2667	0	19
2026.01.07	20:15:00	4449.87	4450.95	4447.24	4450.27	2476	0	19
2026.01.07	20:20:00	4450.20	4453.63	4449.75	4452.04	2688	0	19
2026.01.07	20:25:00	4452.01	4455.82	4451.38	4452.08	2749	0	19
2026.01.07	20:30:00	4452.07	4456.40	4451.77	4456.07	2238	0	19
2026.01.07	20:35:00	4456.15	4458.80	4454.36	4458.39	2148	0	19
2026.01.07	20:40:00	4458.39	4458.55	4455.70	4456.17	1748	0	19
2026.01.07	20:45:00	4456.18	4456.46	4454.11	4454.14	1956	0	19
2026.01.07	20:50:00	4454.14	4454.36	4450.14	4452.40	2028	0	19
2026.01.07	20:55:00	4452.41	4452.86	4450.64	4452.08	1944	0	19
2026.01.07	21:00:00	4452.07	4455.31	4450.67	4455.02	1843	0	19
2026.01.07	21:05:00	4455.00	4455.27	4449.55	4450.42	2119	0	19
2026.01.07	21:10:00	4450.33	4451.36	4447.79	4449.54	2575	0	19
2026.01.07	21:15:00	4449.55	4449.62	4445.37	4448.11	2561	0	19
2026.01.07	21:20:00	4448.12	4449.02	4447.32	4448.60	1888	0	19
2026.01.07	21:25:00	4448.57	4451.06	4446.59	4450.56	1840	0	19
2026.01.07	21:30:00	4450.56	4457.29	4450.49	4455.67	2239	0	19
2026.01.07	21:35:00	4455.67	4457.06	4454.34	4455.07	1961	0	19
2026.01.07	21:40:00	4455.02	4455.53	4452.74	4453.34	1674	0	19
2026.01.07	21:45:00	4453.33	4453.83	4452.06	4453.13	1889	0	19
2026.01.07	21:50:00	4453.13	4457.66	4452.40	4457.54	1864	0	19
2026.01.07	21:55:00	4457.52	4457.95	4456.49	4456.89	1918	0	19
2026.01.07	22:00:00	4456.89	4459.41	4456.88	4458.58	1884	0	19
2026.01.07	22:05:00	4458.58	4459.44	4455.64	4455.73	2165	0	19
2026.01.07	22:10:00	4455.74	4459.35	4455.39	4458.33	2427	0	19
2026.01.07	22:15:00	4458.33	4461.59	4457.10	4459.81	2282	0	19
2026.01.07	22:20:00	4459.86	4461.19	4458.70	4459.10	1620	0	19
2026.01.07	22:25:00	4459.10	4459.23	4456.00	4458.15	1934	0	19
2026.01.07	22:30:00	4458.13	4460.43	4457.34	4458.50	2144	0	19
2026.01.07	22:35:00	4458.53	4459.02	4456.48	4456.75	2347	0	19
2026.01.07	22:40:00	4456.76	4460.11	4456.74	4456.87	2295	0	19
2026.01.07	22:45:00	4456.85	4459.26	4456.56	4458.59	2484	0	19
2026.01.07	22:50:00	4458.60	4459.75	4458.03	4458.64	2065	0	19
2026.01.07	22:55:00	4458.64	4458.73	4450.55	4451.99	2602	0	19
2026.01.07	23:00:00	4452.08	4454.61	4449.84	4453.36	1649	0	19
2026.01.07	23:05:00	4453.36	4453.76	4452.11	4452.88	1124	0	19
2026.01.07	23:10:00	4452.87	4454.50	4452.85	4453.91	1123	0	19
2026.01.07	23:15:00	4453.91	4454.53	4453.47	4453.85	787	0	19
2026.01.07	23:20:00	4453.86	4455.19	4453.13	4453.56	829	0	19
2026.01.07	23:25:00	4453.56	4453.71	4451.86	4452.49	686	0	19
2026.01.07	23:30:00	4452.49	4453.69	4452.25	4452.91	637	0	19
2026.01.07	23:35:00	4452.90	4454.26	4452.40	4454.09	586	0	19
2026.01.07	23:40:00	4454.09	4454.49	4453.07	4453.24	674	0	19
2026.01.07	23:45:00	4453.24	4454.01	4452.90	4453.03	711	0	19
2026.01.07	23:50:00	4453.02	4455.99	4452.75	4455.85	746	0	19
2026.01.07	23:55:00	4455.83	4455.83	4454.78	4455.71	426	0	19
2026.01.08	01:00:00	4460.34	4462.67	4458.27	4461.97	999	0	19
2026.01.08	01:05:00	4461.97	4462.76	4459.85	4459.86	741	0	19
2026.01.08	01:10:00	4459.87	4460.52	4458.55	4459.81	849	0	19
2026.01.08	01:15:00	4459.82	4461.87	4459.22	4461.84	859	0	19
2026.01.08	01:20:00	4461.86	4463.02	4460.52	4461.94	1126	0	19
2026.01.08	01:25:00	4461.92	4464.05	4461.75	4462.02	1019	0	19
2026.01.08	01:30:00	4462.01	4462.82	4459.88	4461.39	1112	0	19
2026.01.08	01:35:00	4461.40	4462.87	4460.54	4461.34	922	0	19
2026.01.08	01:40:00	4461.34	4462.45	4460.85	4461.71	808	0	19
2026.01.08	01:45:00	4461.72	4462.98	4459.92	4461.30	1161	0	19
2026.01.08	01:50:00	4461.29	4462.58	4460.90	4461.78	1065	0	19
2026.01.08	01:55:00	4461.79	4463.82	4461.52	4463.46	812	0	19
2026.01.08	02:00:00	4463.48	4465.91	4462.93	4463.82	1450	0	19
2026.01.08	02:05:00	4463.82	4465.55	4462.49	4465.20	1059	0	19
2026.01.08	02:10:00	4465.20	4465.82	4464.57	4465.62	955	0	19
2026.01.08	02:15:00	4465.61	4466.38	4464.04	4464.17	849	0	19
2026.01.08	02:20:00	4464.17	4464.20	4458.54	4458.64	1157	0	19
2026.01.08	02:25:00	4458.64	4458.64	4454.17	4456.94	1764	0	19
2026.01.08	02:30:00	4456.94	4458.95	4455.77	4457.92	1497	0	19
2026.01.08	02:35:00	4457.92	4457.92	4451.58	4454.01	2721	0	19
2026.01.08	02:40:00	4454.00	4454.77	4450.33	4451.45	2523	0	19
2026.01.08	02:45:00	4451.42	4451.66	4447.19	4447.34	2634	0	19
2026.01.08	02:50:00	4447.39	4451.26	4446.75	4450.77	2635	0	19
2026.01.08	02:55:00	4450.77	4452.39	4450.22	4450.24	2087	0	19
2026.01.08	03:00:00	4450.23	4454.97	4444.43	4451.78	3476	0	19
2026.01.08	03:05:00	4451.81	4459.72	4451.77	4459.26	3153	0	19
2026.01.08	03:10:00	4459.26	4460.31	4455.55	4457.14	2705	0	19
2026.01.08	03:15:00	4457.15	4458.86	4454.78	4458.36	2786	0	19
2026.01.08	03:20:00	4458.36	4460.38	4457.04	4457.49	2851	0	19
2026.01.08	03:25:00	4457.48	4458.37	4454.48	4455.05	2836	0	19
2026.01.08	03:30:00	4454.94	4457.51	4450.75	4452.18	2664	0	19
2026.01.08	03:35:00	4452.17	4455.92	4450.86	4455.71	2987	0	19
2026.01.08	03:40:00	4455.73	4456.30	4446.05	4447.54	2885	0	19
2026.01.08	03:45:00	4447.55	4448.43	4443.14	4447.75	2765	0	19
2026.01.08	03:50:00	4447.75	4447.78	4444.18	4444.38	2331	0	19
2026.01.08	03:55:00	4444.36	4448.47	4441.86	4448.45	2426	0	19
2026.01.08	04:00:00	4448.45	4449.59	4442.17	4443.14	2704	0	19
2026.01.08	04:05:00	4443.18	4448.53	4440.38	4447.62	2732	0	19
2026.01.08	04:10:00	4447.62	4448.57	4445.89	4446.53	2310	0	19
2026.01.08	04:15:00	4446.51	4446.70	4442.74	4443.27	2263	0	19
2026.01.08	04:20:00	4443.26	4443.51	4441.04	4442.43	2416	0	19
2026.01.08	04:25:00	4442.44	4444.06	4440.93	4441.23	2136	0	19
2026.01.08	04:30:00	4441.26	4441.26	4435.54	4436.97	3386	0	19
2026.01.08	04:35:00	4436.98	4440.18	4433.50	4439.04	3509	0	19
2026.01.08	04:40:00	4439.07	4442.77	4438.33	4441.93	2933	0	19
2026.01.08	04:45:00	4441.95	4444.14	4437.45	4437.80	3060	0	19
2026.01.08	04:50:00	4437.82	4443.48	4437.66	4441.49	2878	0	19
2026.01.08	04:55:00	4441.47	4443.90	4438.72	4441.33	2778	0	19
2026.01.08	05:00:00	4441.33	4442.89	4439.20	4441.42	2293	0	19
2026.01.08	05:05:00	4441.43	4444.04	4438.92	4442.48	3242	0	19
2026.01.08	05:10:00	4442.46	4445.66	4440.93	4442.61	2881	0	19
2026.01.08	05:15:00	4442.61	4442.69	4437.26	4441.30	3150	0	19
2026.01.08	05:20:00	4441.31	4444.77	4440.94	4443.58	2834	0	19
2026.01.08	05:25:00	4443.59	4445.77	4443.27	4444.27	2918	0	19
2026.01.08	05:30:00	4444.24	4446.46	4443.47	4443.50	2055	0	19
2026.01.08	05:35:00	4443.49	4443.50	4440.07	4440.96	1144	0	19
2026.01.08	05:40:00	4440.98	4442.31	4440.71	4442.10	1685	0	19
2026.01.08	05:45:00	4442.07	4442.83	4440.93	4442.13	1714	0	19
2026.01.08	05:50:00	4442.12	4442.66	4439.54	4440.09	2228	0	19
2026.01.08	05:55:00	4440.12	4441.16	4438.20	4440.33	2013	0	19
2026.01.08	06:00:00	4440.34	4440.34	4437.33	4438.11	1953	0	19
2026.01.08	06:05:00	4438.11	4438.97	4436.81	4438.44	1601	0	19
2026.01.08	06:10:00	4438.45	4440.29	4437.94	4440.11	1264	0	19
2026.01.08	06:15:00	4440.13	4440.51	4439.28	4440.27	1182	0	19
2026.01.08	06:20:00	4440.28	4440.30	4436.96	4437.12	1503	0	19
2026.01.08	06:25:00	4437.17	4439.52	4436.69	4436.73	1848	0	19
2026.01.08	06:30:00	4436.74	4438.82	4435.58	4438.39	1635	0	19
2026.01.08	06:35:00	4438.48	4438.48	4434.47	4434.69	1655	0	19
2026.01.08	06:40:00	4434.69	4435.50	4432.06	4432.07	2141	0	19
2026.01.08	06:45:00	4432.08	4432.51	4430.44	4431.20	1833	0	19
2026.01.08	06:50:00	4431.19	4433.30	4430.20	4432.73	1773	0	19
2026.01.08	06:55:00	4432.73	4432.83	4430.66	4431.60	1467	0	19
2026.01.08	07:00:00	4431.60	4432.37	4430.14	4430.26	1779	0	19
2026.01.08	07:05:00	4430.23	4430.35	4427.03	4427.82	2383	0	19
2026.01.08	07:10:00	4427.77	4428.96	4425.87	4427.31	2464	0	19
2026.01.08	07:15:00	4427.32	4427.99	4422.95	4426.39	2188	0	19
2026.01.08	07:20:00	4426.40	4429.56	4425.64	4428.59	2259	0	19
2026.01.08	07:25:00	4428.60	4428.68	4423.91	4426.07	2431	0	19
2026.01.08	07:30:00	4426.07	4426.82	4419.27	4423.13	4100	0	19
2026.01.08	07:35:00	4423.12	4426.04	4420.48	4424.53	3796	0	19
2026.01.08	07:40:00	4424.54	4426.43	4415.74	4418.55	3641	0	19
2026.01.08	07:45:00	4418.56	4422.96	4415.68	4421.02	3247	0	19
2026.01.08	07:50:00	4421.03	4422.32	4417.96	4418.87	3146	0	19
2026.01.08	07:55:00	4418.90	4427.81	4418.89	4425.50	2914	0	19
2026.01.08	08:00:00	4425.50	4429.34	4418.15	4418.51	3079	0	19
2026.01.08	08:05:00	4418.52	4421.60	4415.97	4419.41	3174	0	19
2026.01.08	08:10:00	4419.40	4422.67	4418.80	4420.96	3347	0	19
2026.01.08	08:15:00	4420.96	4424.35	4418.49	4421.60	3614	0	19
2026.01.08	08:20:00	4421.65	4425.70	4419.51	4425.20	3103	0	19
2026.01.08	08:25:00	4425.20	4428.32	4425.09	4426.16	2586	0	19
2026.01.08	08:30:00	4426.17	4435.15	4426.17	4431.64	2913	0	19
2026.01.08	08:35:00	4431.64	4437.75	4431.64	4434.82	2945	0	19
2026.01.08	08:40:00	4434.82	4436.49	4433.89	4435.71	2585	0	19
2026.01.08	08:45:00	4435.72	4436.22	4430.03	4433.60	3033	0	19
2026.01.08	08:50:00	4433.59	4435.47	4432.07	4435.18	3093	0	19
2026.01.08	08:55:00	4435.20	4435.95	4433.14	4433.34	2867	0	19
2026.01.08	09:00:00	4433.31	4435.98	4432.12	4432.73	2386	0	19
2026.01.08	09:05:00	4432.71	4439.30	4432.25	4437.74	2365	0	19
2026.01.08	09:10:00	4437.71	4439.78	4435.69	4435.95	2105	0	19
2026.01.08	09:15:00	4435.95	4436.01	4432.85	4434.51	2133	0	19
2026.01.08	09:20:00	4434.50	4435.84	4432.03	4433.73	1963	0	19
2026.01.08	09:25:00	4433.73	4437.03	4430.85	4436.54	2188	0	19
2026.01.08	09:30:00	4436.53	4436.75	4432.21	4434.04	1802	0	19
2026.01.08	09:35:00	4434.05	4435.33	4432.66	4432.74	1462	0	19
2026.01.08	09:40:00	4432.74	4434.76	4430.91	4431.44	1609	0	19
2026.01.08	09:45:00	4431.42	4432.49	4428.48	4429.53	1988	0	19
2026.01.08	09:50:00	4429.52	4432.98	4428.63	4432.74	1857	0	19
2026.01.08	09:55:00	4432.74	4433.94	4430.78	4430.98	2284	0	19
2026.01.08	10:00:00	4430.98	4431.76	4425.78	4425.78	2447	0	19
2026.01.08	10:05:00	4425.82	4432.45	4425.66	4432.42	2406	0	19
2026.01.08	10:10:00	4432.42	4433.28	4425.70	4425.82	2154	0	19
2026.01.08	10:15:00	4425.83	4430.71	4425.39	4428.95	2089	0	19
2026.01.08	10:20:00	4428.94	4430.66	4427.14	4427.16	1525	0	19
2026.01.08	10:25:00	4427.15	4430.24	4426.48	4426.87	1681	0	19
2026.01.08	10:30:00	4426.89	4428.66	4423.40	4424.34	1940	0	19
2026.01.08	10:35:00	4424.34	4424.52	4420.70	4421.10	2649	0	19
2026.01.08	10:40:00	4421.10	4423.90	4419.89	4421.15	2396	0	19
2026.01.08	10:45:00	4421.25	4424.26	4421.04	4424.17	2529	0	19
2026.01.08	10:50:00	4424.17	4428.40	4422.44	4427.71	2391	0	19
2026.01.08	10:55:00	4427.70	4432.90	4426.02	4431.64	2655	0	19
2026.01.08	11:00:00	4431.64	4435.45	4431.11	4431.42	2417	0	19
2026.01.08	11:05:00	4431.38	4434.53	4430.92	4432.92	1943	0	19
2026.01.08	11:10:00	4432.93	4435.01	4430.53	4430.93	1996	0	19
2026.01.08	11:15:00	4430.93	4431.31	4426.09	4426.65	2235	0	19
2026.01.08	11:20:00	4426.46	4429.22	4426.02	4427.63	2151	0	19
2026.01.08	11:25:00	4427.65	4431.10	4427.48	4430.37	1892	0	19
2026.01.08	11:30:00	4430.32	4434.79	4429.81	4434.43	1915	0	19
2026.01.08	11:35:00	4434.43	4434.46	4431.80	4432.58	1734	0	19
2026.01.08	11:40:00	4432.57	4434.64	4432.57	4433.25	1769	0	19
2026.01.08	11:45:00	4433.24	4433.33	4429.12	4430.91	1758	0	19
2026.01.08	11:50:00	4430.92	4432.29	4430.23	4431.76	1634	0	19
2026.01.08	11:55:00	4431.80	4433.40	4431.65	4432.63	1436	0	19
2026.01.08	12:00:00	4432.64	4432.69	4430.09	4430.12	1651	0	19
2026.01.08	12:05:00	4430.13	4430.19	4427.90	4428.67	1851	0	19
2026.01.08	12:10:00	4428.68	4429.93	4427.57	4429.30	1879	0	19
2026.01.08	12:15:00	4429.31	4430.54	4424.33	4424.38	2123	0	19
2026.01.08	12:20:00	4424.37	4426.57	4423.04	4425.92	1968	0	19
2026.01.08	12:25:00	4425.92	4427.44	4423.84	4424.60	1753	0	19
2026.01.08	12:30:00	4424.61	4431.69	4423.62	4431.28	1910	0	19
2026.01.08	12:35:00	4431.29	4433.46	4430.41	4432.14	1498	0	19
2026.01.08	12:40:00	4432.14	4434.74	4432.00	4432.58	1273	0	19
2026.01.08	12:45:00	4432.58	4433.06	4430.89	4431.26	1247	0	19
2026.01.08	12:50:00	4431.27	4432.23	4430.56	4431.03	1219	0	19
2026.01.08	12:55:00	4431.04	4433.86	4429.95	4433.22	1643	0	19
2026.01.08	13:00:00	4433.22	4433.24	4430.98	4432.12	1472	0	19
2026.01.08	13:05:00	4432.11	4432.64	4429.17	4429.19	1419	0	19
2026.01.08	13:10:00	4429.06	4430.36	4427.55	4428.36	1588	0	19
2026.01.08	13:15:00	4428.37	4429.56	4427.06	4428.87	1780	0	19
2026.01.08	13:20:00	4428.85	4429.04	4425.71	4425.82	2258	0	19
2026.01.08	13:25:00	4425.87	4428.02	4424.77	4426.46	2287	0	19
2026.01.08	13:30:00	4426.46	4427.54	4424.73	4425.02	1882	0	19
2026.01.08	13:35:00	4425.02	4427.28	4424.87	4427.27	1571	0	19
2026.01.08	13:40:00	4427.30	4428.09	4426.22	4426.45	1673	0	19
2026.01.08	13:45:00	4426.45	4427.31	4422.28	4424.78	1847	0	19
2026.01.08	13:50:00	4424.79	4425.49	4423.30	4423.94	1598	0	19
2026.01.08	13:55:00	4423.90	4425.33	4422.17	4422.82	1791	0	19
2026.01.08	14:00:00	4422.85	4423.01	4415.13	4416.99	2912	0	19
2026.01.08	14:05:00	4416.99	4419.06	4412.13	4418.34	2792	0	19
2026.01.08	14:10:00	4418.34	4419.43	4411.92	4412.30	2702	0	19
2026.01.08	14:15:00	4412.31	4414.34	4407.71	4413.79	2961	0	19
2026.01.08	14:20:00	4413.79	4416.45	4413.40	4415.42	2215	0	19
2026.01.08	14:25:00	4415.42	4422.33	4413.05	4420.46	2355	0	19
2026.01.08	14:30:00	4420.46	4426.12	4420.14	4424.02	2310	0	19
2026.01.08	14:35:00	4424.07	4428.67	4422.16	4428.13	2407	0	19
2026.01.08	14:40:00	4428.12	4431.34	4427.04	4428.97	2344	0	19
2026.01.08	14:45:00	4429.00	4430.35	4426.74	4428.50	2232	0	19
2026.01.08	14:50:00	4428.48	4430.20	4426.64	4427.30	2259	0	19
2026.01.08	14:55:00	4427.30	4428.77	4426.31	4427.65	2263	0	19
2026.01.08	15:00:00	4427.66	4429.63	4423.31	4423.81	3470	0	19
2026.01.08	15:05:00	4423.81	4423.96	4418.25	4418.67	3287	0	19
2026.01.08	15:10:00	4418.59	4420.89	4417.32	4420.58	3059	0	19
2026.01.08	15:15:00	4420.48	4427.48	4420.42	4425.82	2979	0	19
2026.01.08	15:20:00	4425.82	4433.16	4425.82	4432.13	3430	0	19
2026.01.08	15:25:00	4432.10	4436.04	4430.69	4434.30	2585	0	19
2026.01.08	15:30:00	4434.30	4434.67	4425.98	4427.01	2767	0	19
2026.01.08	15:35:00	4427.02	4432.02	4427.01	4429.01	2598	0	19
2026.01.08	15:40:00	4429.04	4435.61	4426.09	4433.32	2787	0	19
2026.01.08	15:45:00	4433.32	4433.90	4429.66	4429.67	2682	0	19
2026.01.08	15:50:00	4429.67	4431.38	4424.84	4424.93	2808	0	19
2026.01.08	15:55:00	4425.00	4425.72	4421.67	4423.80	3177	0	19
2026.01.08	16:00:00	4423.80	4427.97	4420.92	4424.39	3279	0	19
2026.01.08	16:05:00	4424.39	4427.00	4419.11	4423.70	3330	0	19
2026.01.08	16:10:00	4423.71	4427.96	4422.26	4423.41	2873	0	19
2026.01.08	16:15:00	4423.40	4427.77	4419.44	4427.38	2882	0	19
2026.01.08	16:20:00	4427.38	4429.09	4420.62	4428.98	2568	0	19
2026.01.08	16:25:00	4428.98	4430.14	4426.56	4427.77	2522	0	19
2026.01.08	16:30:00	4427.77	4433.17	4421.87	4430.74	3992	0	19
2026.01.08	16:35:00	4430.75	4435.44	4429.18	4429.44	3789	0	19
2026.01.08	16:40:00	4429.44	4432.16	4425.21	4426.15	3838	0	19
2026.01.08	16:45:00	4426.05	4437.74	4425.92	4436.58	3970	0	19
2026.01.08	16:50:00	4436.48	4439.34	4431.14	4434.90	3687	0	19
2026.01.08	16:55:00	4434.91	4437.18	4432.67	4432.99	3384	0	19
2026.01.08	17:00:00	4433.00	4434.58	4427.85	4434.56	3375	0	19
2026.01.08	17:05:00	4434.57	4444.81	4434.13	4444.69	3680	0	19
2026.01.08	17:10:00	4444.71	4449.13	4443.85	4448.04	3592	0	19
2026.01.08	17:15:00	4448.03	4453.98	4446.34	4447.17	3667	0	19
2026.01.08	17:20:00	4447.12	4450.94	4443.93	4447.16	3507	0	19
2026.01.08	17:25:00	4447.17	4448.59	4443.41	4447.67	3170	0	19
2026.01.08	17:30:00	4447.68	4453.18	4446.77	4451.02	3258	0	19
2026.01.08	17:35:00	4450.91	4452.04	4446.91	4450.09	2846	0	19
2026.01.08	17:40:00	4450.11	4455.45	4450.05	4453.10	3283	0	19
2026.01.08	17:45:00	4453.17	4455.54	4449.86	4454.68	3057	0	19
2026.01.08	17:50:00	4454.66	4456.43	4448.11	4448.35	2960	0	19
2026.01.08	17:55:00	4448.35	4455.62	4447.68	4454.13	3187	0	19
2026.01.08	18:00:00	4454.17	4457.96	4452.44	4453.71	3100	0	19
2026.01.08	18:05:00	4453.70	4454.43	4451.18	4451.61	2845	0	19
2026.01.08	18:10:00	4451.59	4453.12	4447.16	4447.29	2867	0	19
2026.01.08	18:15:00	4447.29	4452.15	4446.96	4450.58	2927	0	19
2026.01.08	18:20:00	4450.65	4453.78	4450.53	4452.40	2867	0	19
2026.01.08	18:25:00	4452.41	4455.15	4451.55	4453.60	2983	0	19
2026.01.08	18:30:00	4453.58	4461.73	4451.87	4461.08	2812	0	19
2026.01.08	18:35:00	4461.08	4464.32	4458.37	4463.05	2970	0	19
2026.01.08	18:40:00	4463.05	4464.48	4459.79	4460.75	2879	0	19
2026.01.08	18:45:00	4460.78	4461.01	4457.72	4458.20	2650	0	19
2026.01.08	18:50:00	4458.21	4461.30	4458.21	4461.27	2519	0	19
2026.01.08	18:55:00	4461.27	4464.32	4460.42	4463.25	2511	0	19
2026.01.08	19:00:00	4463.25	4465.32	4460.31	4461.94	2690	0	19
2026.01.08	19:05:00	4461.93	4461.95	4458.15	4458.86	2289	0	19
2026.01.08	19:10:00	4458.85	4461.78	4458.53	4460.01	2310	0	19
2026.01.08	19:15:00	4460.03	4461.41	4457.62	4461.06	2438	0	19
2026.01.08	19:20:00	4461.06	4461.42	4458.87	4461.35	2487	0	19
2026.01.08	19:25:00	4461.35	4462.26	4459.33	4461.66	2399	0	19
2026.01.08	19:30:00	4461.72	4463.50	4459.87	4460.26	2347	0	19
2026.01.08	19:35:00	4460.24	4461.86	4458.95	4461.83	1938	0	19
2026.01.08	19:40:00	4461.82	4462.63	4461.05	4461.38	1667	0	19
2026.01.08	19:45:00	4461.36	4462.11	4459.20	4459.87	1841	0	19
2026.01.08	19:50:00	4459.88	4463.70	4459.88	4462.71	1934	0	19
2026.01.08	19:55:00	4462.71	4464.11	4461.76	4463.44	1812	0	19
2026.01.08	20:00:00	4463.45	4463.45	4457.44	4457.72	2465	0	19
2026.01.08	20:05:00	4457.72	4458.07	4454.42	4455.41	2373	0	19
2026.01.08	20:10:00	4455.43	4455.45	4452.45	4453.90	2535	0	19
2026.01.08	20:15:00	4453.90	4456.59	4453.28	4453.29	2510	0	19
2026.01.08	20:20:00	4453.29	4455.12	4451.42	4454.77	2927	0	19
2026.01.08	20:25:00	4454.77	4456.47	4449.37	4452.10	2745	0	19
2026.01.08	20:30:00	4452.10	4453.65	4451.46	4451.97	2055	0	19
2026.01.08	20:35:00	4451.99	4451.99	4447.91	4449.39	2090	0	19
2026.01.08	20:40:00	4449.38	4452.23	4449.10	4452.20	1915	0	19
2026.01.08	20:45:00	4452.19	4455.03	4451.99	4453.51	1948	0	19
2026.01.08	20:50:00	4453.50	4453.81	4451.65	4451.75	1740	0	19
2026.01.08	20:55:00	4451.74	4452.21	4449.34	4449.59	1846	0	19
2026.01.08	21:00:00	4449.60	4451.25	4448.61	4449.41	2117	0	19
2026.01.08	21:05:00	4449.40	4450.53	4446.92	4447.11	1882	0	19
2026.01.08	21:10:00	4447.12	4449.16	4447.00	4447.31	1674	0	19
2026.01.08	21:15:00	4447.32	4448.57	4444.63	4448.52	2216	0	19
2026.01.08	21:20:00	4448.47	4449.48	4447.84	4449.15	2146	0	19
2026.01.08	21:25:00	4449.14	4449.80	4446.95	4447.72	1971	0	19
2026.01.08	21:30:00	4447.71	4450.81	4447.62	4450.71	1640	0	19
2026.01.08	21:35:00	4450.72	4452.79	4450.20	4451.07	1858	0	19
2026.01.08	21:40:00	4451.07	4451.83	4449.85	4451.58	1482	0	19
2026.01.08	21:45:00	4451.58	4452.86	4450.98	4451.44	1467	0	19
2026.01.08	21:50:00	4451.43	4451.96	4449.65	4451.75	1673	0	19
2026.01.08	21:55:00	4451.76	4452.38	4449.65	4452.12	1456	0	19
2026.01.08	22:00:00	4452.11	4458.11	4451.53	4458.10	2160	0	19
2026.01.08	22:05:00	4458.11	4458.34	4455.79	4457.00	1779	0	19
2026.01.08	22:10:00	4457.00	4458.96	4457.00	4458.18	1567	0	19
2026.01.08	22:15:00	4458.18	4460.17	4457.40	4459.41	1630	0	19
2026.01.08	22:20:00	4459.42	4465.29	4458.71	4464.85	1917	0	19
2026.01.08	22:25:00	4464.84	4473.73	4464.79	4470.03	3064	0	19
2026.01.08	22:30:00	4470.03	4477.71	4470.02	4476.14	2808	0	19
2026.01.08	22:35:00	4476.16	4478.06	4473.13	4473.71	2432	0	19
2026.01.08	22:40:00	4473.71	4475.27	4472.17	4473.57	2121	0	19
2026.01.08	22:45:00	4473.59	4477.13	4471.99	4477.06	2156	0	19
2026.01.08	22:50:00	4477.08	4477.89	4474.35	4474.37	2659	0	19
2026.01.08	22:55:00	4474.39	4477.52	4473.72	4476.06	2565	0	19
2026.01.08	23:00:00	4476.07	4479.37	4476.01	4478.46	1675	0	19
2026.01.08	23:05:00	4478.45	4479.27	4477.12	4479.23	1091	0	19
2026.01.08	23:10:00	4479.28	4479.59	4477.32	4477.84	1239	0	19
2026.01.08	23:15:00	4477.85	4478.60	4473.97	4474.10	1131	0	19
2026.01.08	23:20:00	4474.11	4475.55	4472.66	4474.83	1349	0	19
2026.01.08	23:25:00	4474.83	4475.44	4473.06	4475.11	1270	0	19
2026.01.08	23:30:00	4475.12	4475.81	4473.07	4473.75	1070	0	19
2026.01.08	23:35:00	4473.76	4474.79	4472.92	4473.17	1065	0	19
2026.01.08	23:40:00	4473.20	4475.26	4472.75	4474.26	942	0	19
2026.01.08	23:45:00	4474.23	4476.73	4473.65	4476.52	1097	0	19
2026.01.08	23:50:00	4476.52	4478.66	4475.66	4477.55	801	0	19
2026.01.08	23:55:00	4477.56	4477.98	4476.08	4477.33	537	0	19
2026.01.09	01:00:00	4480.16	4484.02	4476.75	4477.33	1522	0	19
2026.01.09	01:05:00	4477.33	4479.91	4475.54	4478.16	1288	0	19
2026.01.09	01:10:00	4478.15	4478.96	4475.44	4476.95	1225	0	19
2026.01.09	01:15:00	4476.91	4477.72	4475.33	4475.34	1125	0	19
2026.01.09	01:20:00	4475.35	4476.32	4475.14	4475.83	982	0	19
2026.01.09	01:25:00	4475.83	4478.70	4475.53	4477.12	1186	0	19
2026.01.09	01:30:00	4477.18	4477.47	4475.48	4476.32	989	0	19
2026.01.09	01:35:00	4476.32	4476.72	4475.39	4476.53	1024	0	19
2026.01.09	01:40:00	4476.54	4476.78	4475.25	4475.78	840	0	19
2026.01.09	01:45:00	4475.77	4475.91	4472.75	4473.63	898	0	19
2026.01.09	01:50:00	4473.63	4476.25	4473.63	4474.46	1312	0	19
2026.01.09	01:55:00	4474.46	4476.10	4474.32	4475.62	900	0	19
2026.01.09	02:00:00	4475.63	4476.63	4473.92	4474.68	1074	0	19
2026.01.09	02:05:00	4474.68	4476.09	4473.98	4475.99	943	0	19
2026.01.09	02:10:00	4475.98	4476.56	4471.64	4471.68	1051	0	19
2026.01.09	02:15:00	4471.64	4472.85	4470.49	4471.78	1169	0	19
2026.01.09	02:20:00	4471.77	4471.87	4467.95	4468.47	1435	0	19
2026.01.09	02:25:00	4468.47	4468.48	4463.50	4465.77	1773	0	19
2026.01.09	02:30:00	4465.78	4468.65	4463.87	4468.33	1695	0	19
2026.01.09	02:35:00	4468.33	4468.33	4466.12	4467.40	1514	0	19
2026.01.09	02:40:00	4467.39	4467.99	4466.65	4467.73	1184	0	19
2026.01.09	02:45:00	4467.73	4467.78	4464.15	4464.51	1426	0	19
2026.01.09	02:50:00	4464.50	4464.59	4460.00	4462.01	2033	0	19
2026.01.09	02:55:00	4462.01	4463.16	4460.11	4462.47	2039	0	19
2026.01.09	03:00:00	4462.83	4465.57	4458.42	4460.00	3607	0	19
2026.01.09	03:05:00	4460.01	4460.02	4452.90	4458.21	3218	0	19
2026.01.09	03:10:00	4458.19	4460.03	4455.33	4459.19	2840	0	19
2026.01.09	03:15:00	4459.18	4461.53	4453.10	4453.45	2844	0	19
2026.01.09	03:20:00	4453.45	4458.15	4453.09	4456.40	2884	0	19
2026.01.09	03:25:00	4456.40	4459.79	4455.99	4457.37	2461	0	19
2026.01.09	03:30:00	4457.37	4459.78	4456.15	4459.78	2497	0	19
2026.01.09	03:35:00	4459.72	4460.16	4456.24	4458.30	2369	0	19
2026.01.09	03:40:00	4458.30	4463.41	4457.17	4462.56	2863	0	19
2026.01.09	03:45:00	4462.58	4466.17	4462.48	4464.73	2608	0	19
2026.01.09	03:50:00	4464.74	4468.56	4462.63	4467.12	2847	0	19
2026.01.09	03:55:00	4467.11	4470.00	4467.11	4468.96	2255	0	19
2026.01.09	04:00:00	4468.95	4475.89	4468.86	4475.45	2651	0	19
2026.01.09	04:05:00	4475.45	4476.47	4472.61	4474.07	2666	0	19
2026.01.09	04:10:00	4474.06	4474.84	4471.23	4471.92	2574	0	19
2026.01.09	04:15:00	4471.87	4473.11	4469.99	4470.61	1606	0	19
2026.01.09	04:20:00	4470.60	4474.38	4470.13	4472.87	1393	0	19
2026.01.09	04:25:00	4472.85	4473.43	4470.92	4472.30	1240	0	19
2026.01.09	04:30:00	4472.29	4475.49	4468.33	4471.56	2440	0	19
2026.01.09	04:35:00	4471.55	4472.62	4468.31	4468.73	1923	0	19
2026.01.09	04:40:00	4468.72	4473.77	4468.39	4473.34	2080	0	19
2026.01.09	04:45:00	4473.34	4473.62	4469.81	4471.09	2065	0	19
2026.01.09	04:50:00	4471.14	4471.14	4465.62	4466.64	2591	0	19
2026.01.09	04:55:00	4466.65	4470.44	4466.55	4469.52	2247	0	19
2026.01.09	05:00:00	4469.50	4469.99	4466.36	4466.41	2465	0	19
2026.01.09	05:05:00	4466.38	4467.26	4464.15	4465.20	2564	0	19
2026.01.09	05:10:00	4465.31	4465.45	4462.26	4464.28	2781	0	19
2026.01.09	05:15:00	4464.29	4465.25	4462.06	4464.71	2471	0	19
2026.01.09	05:20:00	4464.72	4466.42	4461.06	4463.31	2415	0	19
2026.01.09	05:25:00	4463.31	4464.33	4461.60	4463.45	2198	0	19
2026.01.09	05:30:00	4463.45	4463.45	4460.46	4463.06	1703	0	19
2026.01.09	05:35:00	4463.05	4465.19	4462.71	4465.12	1243	0	19
2026.01.09	05:40:00	4465.11	4465.46	4463.21	4463.85	1411	0	19
2026.01.09	05:45:00	4463.85	4465.82	4463.81	4465.49	1164	0	19
2026.01.09	05:50:00	4465.50	4465.52	4464.16	4465.16	1386	0	19
2026.01.09	05:55:00	4465.18	4465.74	4463.69	4464.10	1342	0	19
2026.01.09	06:00:00	4464.12	4465.66	4462.61	4463.51	1478	0	19
2026.01.09	06:05:00	4463.50	4465.53	4463.45	4465.35	1194	0	19
2026.01.09	06:10:00	4465.34	4465.52	4462.44	4462.56	1173	0	19
2026.01.09	06:15:00	4462.56	4463.64	4460.76	4460.97	1307	0	19
2026.01.09	06:20:00	4460.97	4463.95	4460.91	4463.83	1292	0	19
2026.01.09	06:25:00	4463.85	4463.87	4462.67	4462.77	1072	0	19
2026.01.09	06:30:00	4462.76	4464.21	4461.99	4463.48	1144	0	19
2026.01.09	06:35:00	4463.48	4464.60	4461.61	4461.89	1224	0	19
2026.01.09	06:40:00	4461.88	4464.77	4461.81	4463.17	1045	0	19
2026.01.09	06:45:00	4463.18	4463.27	4462.23	4463.09	898	0	19
2026.01.09	06:50:00	4463.09	4464.68	4461.89	4464.30	1042	0	19
2026.01.09	06:55:00	4464.30	4466.88	4464.15	4464.73	980	0	19
2026.01.09	07:00:00	4464.74	4466.78	4463.87	4465.01	1065	0	19
2026.01.09	07:05:00	4465.00	4465.67	4463.05	4463.24	994	0	19
2026.01.09	07:10:00	4463.25	4463.70	4461.76	4463.10	961	0	19
2026.01.09	07:15:00	4463.08	4463.77	4460.04	4463.71	1405	0	19
2026.01.09	07:20:00	4463.72	4463.90	4458.27	4458.79	1502	0	19
2026.01.09	07:25:00	4458.78	4464.98	4458.75	4464.61	1393	0	19
2026.01.09	07:30:00	4464.63	4470.91	4464.38	4470.91	2612	0	19
2026.01.09	07:35:00	4470.91	4471.72	4468.51	4470.42	2585	0	19
2026.01.09	07:40:00	4470.45	4470.87	4466.28	4467.48	2113	0	19
2026.01.09	07:45:00	4467.46	4468.88	4465.55	4466.22	2046	0	19
2026.01.09	07:50:00	4466.23	4468.78	4465.97	4468.28	2038	0	19
2026.01.09	07:55:00	4468.28	4469.46	4466.43	4468.07	2241	0	19
2026.01.09	08:00:00	4468.07	4470.93	4467.61	4470.24	2112	0	19
2026.01.09	08:05:00	4470.24	4470.84	4466.18	4467.87	1961	0	19
2026.01.09	08:10:00	4467.87	4468.69	4466.08	4467.25	2154	0	19
2026.01.09	08:15:00	4467.24	4470.03	4466.10	4468.27	2136	0	19
2026.01.09	08:20:00	4468.26	4469.26	4466.36	4468.10	1957	0	19
2026.01.09	08:25:00	4468.09	4473.58	4468.09	4473.58	2249	0	19
2026.01.09	08:30:00	4473.53	4475.27	4473.00	4474.61	2073	0	19
2026.01.09	08:35:00	4474.58	4475.54	4473.20	4474.97	1948	0	19
2026.01.09	08:40:00	4474.97	4475.62	4474.07	4475.07	1786	0	19
2026.01.09	08:45:00	4475.07	4477.41	4474.69	4475.41	2080	0	19
2026.01.09	08:50:00	4475.43	4476.11	4473.79	4474.30	2129	0	19
2026.01.09	08:55:00	4474.30	4475.16	4472.76	4474.16	2169	0	19
2026.01.09	09:00:00	4474.16	4475.47	4471.36	4474.55	1732	0	19
2026.01.09	09:05:00	4474.55	4475.30	4473.53	4474.68	1296	0	19
2026.01.09	09:10:00	4474.68	4474.71	4470.65	4471.28	1198	0	19
2026.01.09	09:15:00	4471.26	4473.09	4470.73	4472.63	1248	0	19
2026.01.09	09:20:00	4472.60	4472.93	4469.82	4470.55	1517	0	19
2026.01.09	09:25:00	4470.54	4471.27	4468.73	4470.32	1436	0	19
2026.01.09	09:30:00	4470.33	4471.54	4469.13	4469.65	1144	0	19
2026.01.09	09:35:00	4469.65	4472.38	4468.54	4471.97	1137	0	19
2026.01.09	09:40:00	4471.97	4472.96	4471.02	4471.67	1148	0	19
2026.01.09	09:45:00	4471.67	4473.11	4470.91	4471.98	1318	0	19
2026.01.09	09:50:00	4471.99	4473.46	4469.70	4472.12	1347	0	19
2026.01.09	09:55:00	4472.13	4472.43	4469.43	4470.23	1425	0	19
2026.01.09	10:00:00	4470.25	4471.78	4466.36	4469.27	1937	0	19
2026.01.09	10:05:00	4469.27	4476.57	4469.11	4473.94	2070	0	19
2026.01.09	10:10:00	4473.99	4476.85	4473.61	4474.37	1691	0	19
2026.01.09	10:15:00	4474.38	4474.67	4472.49	4473.85	1646	0	19
2026.01.09	10:20:00	4473.83	4475.32	4473.36	4474.00	1415	0	19
2026.01.09	10:25:00	4473.99	4475.24	4472.91	4473.27	1516	0	19
2026.01.09	10:30:00	4473.25	4473.90	4470.30	4470.33	1636	0	19
2026.01.09	10:35:00	4470.36	4470.37	4466.50	4466.79	1629	0	19
2026.01.09	10:40:00	4466.64	4468.32	4465.59	4466.77	1531	0	19
2026.01.09	10:45:00	4466.80	4468.11	4465.23	4466.93	1640	0	19
2026.01.09	10:50:00	4466.94	4467.31	4464.07	4467.20	1866	0	19
2026.01.09	10:55:00	4467.20	4468.57	4467.18	4468.47	1581	0	19
2026.01.09	11:00:00	4468.43	4470.94	4468.40	4470.63	1739	0	19
2026.01.09	11:05:00	4470.63	4473.01	4470.27	4471.46	1681	0	19
2026.01.09	11:10:00	4471.47	4474.97	4471.46	4474.74	1823	0	19
2026.01.09	11:15:00	4474.72	4476.55	4473.18	4475.98	1496	0	19
2026.01.09	11:20:00	4475.98	4477.62	4474.64	4474.71	1657	0	19
2026.01.09	11:25:00	4474.71	4475.63	4473.51	4473.87	1491	0	19
2026.01.09	11:30:00	4473.87	4475.11	4472.57	4473.03	1352	0	19
2026.01.09	11:35:00	4473.01	4473.25	4471.60	4473.07	1398	0	19
2026.01.09	11:40:00	4473.08	4473.77	4471.65	4471.67	1441	0	19
2026.01.09	11:45:00	4471.67	4474.32	4471.67	4473.35	1417	0	19
2026.01.09	11:50:00	4473.35	4473.37	4470.75	4471.14	1299	0	19
2026.01.09	11:55:00	4471.14	4472.77	4471.02	4471.17	1122	0	19
2026.01.09	12:00:00	4471.17	4472.20	4470.39	4470.67	1163	0	19
2026.01.09	12:05:00	4470.70	4473.93	4469.83	4473.85	1143	0	19
2026.01.09	12:10:00	4473.85	4474.23	4471.94	4471.99	1024	0	19
2026.01.09	12:15:00	4471.99	4473.76	4471.56	4473.71	849	0	19
2026.01.09	12:20:00	4473.72	4473.81	4471.20	4471.65	1125	0	19
2026.01.09	12:25:00	4471.62	4471.89	4469.05	4469.06	1292	0	19
2026.01.09	12:30:00	4469.03	4472.43	4468.22	4470.71	1638	0	19
2026.01.09	12:35:00	4470.68	4471.18	4469.17	4470.53	1164	0	19
2026.01.09	12:40:00	4470.52	4471.05	4469.22	4469.22	1216	0	19
2026.01.09	12:45:00	4469.22	4469.22	4467.10	4468.62	1386	0	19
2026.01.09	12:50:00	4468.63	4471.75	4468.04	4471.68	1122	0	19
2026.01.09	12:55:00	4471.68	4472.79	4470.49	4472.59	1012	0	19
2026.01.09	13:00:00	4472.59	4474.72	4472.59	4473.69	1478	0	19
2026.01.09	13:05:00	4473.73	4474.14	4469.95	4470.27	1274	0	19
2026.01.09	13:10:00	4470.27	4472.09	4470.12	4472.06	984	0	19
2026.01.09	13:15:00	4472.06	4472.90	4471.54	4472.24	879	0	19
2026.01.09	13:20:00	4472.25	4472.98	4471.59	4472.37	1118	0	19
2026.01.09	13:25:00	4472.37	4472.56	4470.56	4470.67	1127	0	19
2026.01.09	13:30:00	4470.67	4471.33	4469.26	4470.77	1237	0	19
2026.01.09	13:35:00	4470.76	4471.91	4469.59	4471.91	1082	0	19
2026.01.09	13:40:00	4471.90	4471.94	4469.34	4470.66	1459	0	19
2026.01.09	13:45:00	4470.66	4472.42	4468.78	4472.37	1408	0	19
2026.01.09	13:50:00	4472.32	4473.55	4471.61	4473.52	1321	0	19
2026.01.09	13:55:00	4473.52	4476.17	4473.18	4475.46	1473	0	19
2026.01.09	14:00:00	4475.43	4478.81	4475.41	4477.17	1816	0	19
2026.01.09	14:05:00	4477.17	4480.49	4477.16	4477.58	1804	0	19
2026.01.09	14:10:00	4477.56	4477.56	4472.12	4474.12	1793	0	19
2026.01.09	14:15:00	4474.12	4474.91	4473.25	4473.68	1388	0	19
2026.01.09	14:20:00	4473.67	4473.67	4470.14	4470.67	1697	0	19
2026.01.09	14:25:00	4470.67	4471.25	4467.08	4467.74	2055	0	19
2026.01.09	14:30:00	4467.76	4468.73	4461.05	4464.65	2203	0	19
2026.01.09	14:35:00	4464.67	4466.40	4463.09	4465.90	1909	0	19
2026.01.09	14:40:00	4465.91	4467.04	4464.26	4466.07	1822	0	19
2026.01.09	14:45:00	4466.07	4468.25	4465.01	4467.61	1809	0	19
2026.01.09	14:50:00	4467.62	4467.62	4463.70	4464.19	1846	0	19
2026.01.09	14:55:00	4464.18	4467.81	4463.75	4466.04	1720	0	19
2026.01.09	15:00:00	4466.04	4470.41	4463.79	4469.53	3376	0	19
2026.01.09	15:05:00	4469.57	4473.73	4469.35	4469.86	2885	0	19
2026.01.09	15:10:00	4469.85	4471.63	4466.57	4467.52	2683	0	19
2026.01.09	15:15:00	4467.53	4468.86	4463.27	4463.75	2687	0	19
2026.01.09	15:20:00	4463.72	4473.72	4462.11	4472.18	3109	0	19
2026.01.09	15:25:00	4472.18	4474.64	4470.48	4472.93	2572	0	19
2026.01.09	15:30:00	4472.91	4488.44	4458.99	4487.05	4144	0	19
2026.01.09	15:35:00	4487.04	4489.39	4479.08	4488.51	4087	0	19
2026.01.09	15:40:00	4488.51	4491.82	4483.58	4486.98	3914	0	19
2026.01.09	15:45:00	4487.00	4488.88	4481.75	4483.47	3535	0	19
2026.01.09	15:50:00	4483.50	4485.03	4479.03	4482.92	3378	0	19
2026.01.09	15:55:00	4482.92	4485.38	4480.09	4482.73	3089	0	19
2026.01.09	16:00:00	4482.71	4488.14	4481.26	4485.42	3269	0	19
2026.01.09	16:05:00	4485.43	4487.23	4480.61	4486.99	3521	0	19
2026.01.09	16:10:00	4487.02	4496.46	4486.37	4489.36	3720	0	19
2026.01.09	16:15:00	4489.34	4492.58	4483.67	4487.07	3419	0	19
2026.01.09	16:20:00	4487.07	4495.89	4486.95	4493.86	3209	0	19
2026.01.09	16:25:00	4493.89	4495.41	4491.76	4494.45	3047	0	19
2026.01.09	16:30:00	4494.44	4494.60	4482.66	4489.70	3698	0	19
2026.01.09	16:35:00	4489.68	4498.04	4489.26	4495.97	3790	0	19
2026.01.09	16:40:00	4495.93	4497.99	4486.17	4487.88	3856	0	19
2026.01.09	16:45:00	4487.87	4489.02	4482.35	4485.06	4120	0	19
2026.01.09	16:50:00	4484.92	4491.08	4479.21	4490.70	4011	0	19
2026.01.09	16:55:00	4490.71	4495.30	4490.71	4494.57	3248	0	19
2026.01.09	17:00:00	4494.59	4499.28	4492.29	4493.62	3698	0	19
2026.01.09	17:05:00	4493.66	4500.32	4490.33	4499.72	3827	0	19
2026.01.09	17:10:00	4499.71	4499.92	4493.52	4496.64	3607	0	19
2026.01.09	17:15:00	4496.64	4499.45	4493.58	4499.24	3553	0	19
2026.01.09	17:20:00	4499.25	4511.00	4495.39	4508.76	3731	0	19
2026.01.09	17:25:00	4508.76	4510.78	4504.26	4505.38	3419	0	19
2026.01.09	17:30:00	4505.38	4511.74	4505.38	4506.21	3205	0	19
2026.01.09	17:35:00	4506.23	4515.74	4506.11	4515.65	3166	0	19
2026.01.09	17:40:00	4515.66	4517.09	4513.19	4514.39	3168	0	19
2026.01.09	17:45:00	4514.38	4514.79	4508.51	4511.00	3039	0	19
2026.01.09	17:50:00	4511.00	4514.58	4508.80	4511.60	3274	0	19
2026.01.09	17:55:00	4511.68	4514.02	4509.92	4512.33	2863	0	19
2026.01.09	18:00:00	4512.32	4514.28	4511.11	4511.81	2943	0	19
2026.01.09	18:05:00	4511.81	4512.56	4505.06	4507.51	3188	0	19
2026.01.09	18:10:00	4507.52	4508.15	4499.80	4503.13	3542	0	19
2026.01.09	18:15:00	4503.12	4506.61	4501.69	4506.60	2955	0	19
2026.01.09	18:20:00	4506.59	4507.09	4500.68	4502.33	2989	0	19
2026.01.09	18:25:00	4502.28	4505.68	4500.33	4503.68	2884	0	19
2026.01.09	18:30:00	4503.70	4505.37	4500.92	4503.40	2813	0	19
2026.01.09	18:35:00	4503.41	4506.91	4501.66	4505.07	2291	0	19
2026.01.09	18:40:00	4505.07	4505.25	4501.39	4504.75	2323	0	19
2026.01.09	18:45:00	4504.76	4506.64	4501.88	4505.26	2479	0	19
2026.01.09	18:50:00	4505.33	4508.03	4505.08	4507.34	1940	0	19
2026.01.09	18:55:00	4507.34	4507.97	4505.98	4506.45	2098	0	19
2026.01.09	19:00:00	4506.45	4511.55	4504.61	4507.13	2742	0	19
2026.01.09	19:05:00	4507.13	4510.23	4505.66	4508.57	2511	0	19
2026.01.09	19:10:00	4508.59	4510.50	4507.68	4508.90	2228	0	19
2026.01.09	19:15:00	4508.90	4508.90	4504.93	4506.80	2495	0	19
2026.01.09	19:20:00	4506.81	4506.86	4501.97	4505.35	2391	0	19
2026.01.09	19:25:00	4505.35	4505.75	4502.34	4503.90	2145	0	19
2026.01.09	19:30:00	4503.90	4510.10	4503.34	4508.06	2396	0	19
2026.01.09	19:35:00	4508.08	4508.22	4505.23	4506.15	2399	0	19
2026.01.09	19:40:00	4506.16	4506.19	4501.29	4501.93	2441	0	19
2026.01.09	19:45:00	4501.94	4503.23	4496.98	4497.67	2608	0	19
2026.01.09	19:50:00	4497.69	4498.53	4485.65	4487.40	3132	0	19
2026.01.09	19:55:00	4487.40	4488.63	4482.06	4484.54	3121	0	19
2026.01.09	20:00:00	4484.46	4488.23	4483.05	4486.07	2785	0	19
2026.01.09	20:05:00	4486.07	4493.18	4485.74	4488.99	2662	0	19
2026.01.09	20:10:00	4489.07	4493.23	4488.10	4492.89	2356	0	19
2026.01.09	20:15:00	4492.87	4494.20	4490.91	4492.03	2349	0	19
2026.01.09	20:20:00	4492.02	4494.62	4489.76	4492.01	2822	0	19
2026.01.09	20:25:00	4492.01	4493.70	4489.75	4491.43	2692	0	19
2026.01.09	20:30:00	4491.40	4501.25	4491.23	4500.97	2284	0	19
2026.01.09	20:35:00	4500.95	4504.16	4500.85	4503.75	2096	0	19
2026.01.09	20:40:00	4503.75	4504.56	4501.44	4502.36	2108	0	19
2026.01.09	20:45:00	4502.35	4502.83	4496.41	4498.60	2296	0	19
2026.01.09	20:50:00	4498.61	4498.61	4495.34	4496.81	1900	0	19
2026.01.09	20:55:00	4496.81	4498.48	4495.36	4496.11	1703	0	19
2026.01.09	21:00:00	4496.14	4498.07	4494.15	4494.43	1705	0	19
2026.01.09	21:05:00	4494.44	4495.40	4492.79	4494.55	2057	0	19
2026.01.09	21:10:00	4494.55	4497.73	4493.99	4497.01	1898	0	19
2026.01.09	21:15:00	4497.03	4499.54	4496.68	4498.00	1618	0	19
2026.01.09	21:20:00	4497.95	4501.64	4497.40	4501.59	1619	0	19
2026.01.09	21:25:00	4501.59	4501.64	4498.15	4498.86	1747	0	19
2026.01.09	21:30:00	4498.87	4499.18	4496.00	4498.18	1930	0	19
2026.01.09	21:35:00	4498.17	4500.27	4497.56	4499.78	1588	0	19
2026.01.09	21:40:00	4499.78	4500.23	4496.30	4496.78	1499	0	19
2026.01.09	21:45:00	4496.78	4500.99	4496.78	4500.79	1433	0	19
2026.01.09	21:50:00	4500.80	4501.88	4499.60	4500.78	1644	0	19
2026.01.09	21:55:00	4500.77	4501.20	4499.17	4499.31	1552	0	19
2026.01.09	22:00:00	4499.28	4501.94	4497.85	4501.44	1788	0	19
2026.01.09	22:05:00	4501.45	4501.90	4499.62	4500.56	1573	0	19
2026.01.09	22:10:00	4500.54	4507.10	4500.29	4506.81	1983	0	19
2026.01.09	22:15:00	4506.84	4509.40	4506.74	4508.41	1910	0	19
2026.01.09	22:20:00	4508.26	4508.75	4503.34	4507.75	2016	0	19
2026.01.09	22:25:00	4507.70	4507.71	4503.69	4505.49	2029	0	19
2026.01.09	22:30:00	4505.55	4505.80	4503.45	4505.28	2189	0	19
2026.01.09	22:35:00	4505.27	4506.02	4503.33	4504.40	1658	0	19
2026.01.09	22:40:00	4504.40	4504.66	4502.56	4504.09	1842	0	19
2026.01.09	22:45:00	4504.10	4505.61	4503.85	4504.72	1985	0	19
2026.01.09	22:50:00	4504.70	4506.95	4504.33	4506.53	2341	0	19
2026.01.09	22:55:00	4506.50	4510.13	4506.25	4507.58	2323	0	19
2026.01.09	23:00:00	4507.57	4508.63	4505.85	4506.74	1175	0	19
2026.01.09	23:05:00	4506.74	4507.48	4505.03	4505.32	752	0	19
2026.01.09	23:10:00	4505.32	4508.51	4505.24	4508.20	791	0	19
2026.01.09	23:15:00	4508.20	4509.99	4507.48	4509.94	747	0	19
2026.01.09	23:20:00	4509.93	4510.47	4509.33	4509.90	675	0	19
2026.01.09	23:25:00	4509.91	4510.13	4509.27	4509.70	611	0	19
2026.01.09	23:30:00	4509.69	4509.72	4507.78	4507.90	710	0	19
2026.01.09	23:35:00	4507.91	4507.94	4506.50	4507.57	876	0	19
2026.01.09	23:40:00	4507.59	4511.07	4506.10	4510.15	1011	0	19
2026.01.09	23:45:00	4510.16	4510.54	4508.27	4510.32	1216	0	19
2026.01.09	23:50:00	4510.33	4510.57	4508.23	4509.97	762	0	19
2026.01.09	23:55:00	4509.97	4510.20	4508.65	4509.38	299	0	19
2026.01.12	01:00:00	4521.18	4523.02	4513.07	4521.44	2043	0	19
2026.01.12	01:05:00	4521.43	4529.21	4521.19	4529.05	2106	0	19
2026.01.12	01:10:00	4529.05	4530.67	4522.98	4530.01	2104	0	19
2026.01.12	01:15:00	4530.02	4533.54	4529.41	4533.00	1895	0	19
2026.01.12	01:20:00	4532.95	4535.60	4531.49	4534.85	2025	0	19
2026.01.12	01:25:00	4534.85	4538.39	4533.81	4537.84	2064	0	19
2026.01.12	01:30:00	4537.84	4539.14	4534.26	4536.11	2157	0	19
2026.01.12	01:35:00	4536.11	4537.42	4533.29	4535.24	1576	0	19
2026.01.12	01:40:00	4535.23	4545.03	4535.18	4542.44	2114	0	19
2026.01.12	01:45:00	4542.36	4543.97	4540.45	4540.63	1489	0	19
2026.01.12	01:50:00	4540.62	4543.46	4538.78	4541.87	1685	0	19
2026.01.12	01:55:00	4541.87	4542.08	4538.43	4540.09	1381	0	19
2026.01.12	02:00:00	4540.10	4545.32	4536.37	4544.95	2198	0	19
2026.01.12	02:05:00	4544.95	4550.71	4544.05	4550.13	2188	0	19
2026.01.12	02:10:00	4550.13	4554.36	4548.36	4553.63	2308	0	19
2026.01.12	02:15:00	4553.62	4563.76	4551.20	4563.71	2762	0	19
2026.01.12	02:20:00	4563.71	4564.84	4556.77	4558.98	2363	0	19
2026.01.12	02:25:00	4559.08	4565.96	4558.93	4564.71	2214	0	19
2026.01.12	02:30:00	4564.72	4578.14	4562.36	4574.56	3221	0	19
2026.01.12	02:35:00	4574.55	4586.95	4572.53	4586.55	3558	0	19
2026.01.12	02:40:00	4586.63	4594.01	4583.28	4591.55	3640	0	19
2026.01.12	02:45:00	4591.41	4597.48	4588.37	4595.34	3406	0	19
2026.01.12	02:50:00	4595.44	4598.72	4591.57	4598.72	3213	0	19
2026.01.12	02:55:00	4598.87	4601.09	4588.42	4588.89	3381	0	19
2026.01.12	03:00:00	4588.87	4594.96	4583.48	4587.78	4236	0	19
2026.01.12	03:05:00	4587.83	4591.87	4580.67	4586.33	3718	0	19
2026.01.12	03:10:00	4586.28	4591.15	4577.89	4581.70	3999	0	19
2026.01.12	03:15:00	4581.68	4584.15	4574.04	4575.02	3989	0	19
2026.01.12	03:20:00	4574.99	4582.37	4574.55	4580.85	3822	0	19
2026.01.12	03:25:00	4580.70	4583.26	4575.82	4582.72	3457	0	19
2026.01.12	03:30:00	4582.72	4584.21	4577.45	4577.84	3579	0	19
2026.01.12	03:35:00	4577.87	4580.51	4573.60	4579.01	3690	0	19
2026.01.12	03:40:00	4579.02	4583.02	4571.86	4573.67	3192	0	19
2026.01.12	03:45:00	4573.67	4577.76	4573.17	4574.91	3019	0	19
2026.01.12	03:50:00	4574.87	4579.05	4573.70	4575.86	2999	0	19
2026.01.12	03:55:00	4575.82	4576.52	4570.24	4570.24	2887	0	19
2026.01.12	04:00:00	4570.23	4574.95	4565.48	4565.70	3435	0	19
2026.01.12	04:05:00	4565.84	4569.90	4561.82	4568.03	3469	0	19
2026.01.12	04:10:00	4568.11	4568.19	4565.14	4566.88	3115	0	19
2026.01.12	04:15:00	4566.94	4569.59	4564.50	4568.47	2460	0	19
2026.01.12	04:20:00	4568.47	4570.16	4566.27	4567.47	2322	0	19
2026.01.12	04:25:00	4567.47	4569.48	4566.19	4566.19	2243	0	19
2026.01.12	04:30:00	4566.19	4570.62	4562.57	4570.26	3351	0	19
2026.01.12	04:35:00	4570.28	4574.07	4566.74	4573.62	3001	0	19
2026.01.12	04:40:00	4573.62	4579.18	4573.33	4579.05	2961	0	19
2026.01.12	04:45:00	4578.91	4582.10	4576.33	4578.07	2908	0	19
2026.01.12	04:50:00	4578.07	4578.27	4573.58	4577.49	2585	0	19
2026.01.12	04:55:00	4577.50	4578.53	4574.71	4577.52	2729	0	19
2026.01.12	05:00:00	4577.44	4579.35	4575.11	4576.73	2453	0	19
2026.01.12	05:05:00	4576.74	4580.47	4576.53	4577.25	2322	0	19
2026.01.12	05:10:00	4577.24	4579.03	4576.26	4578.64	2403	0	19
2026.01.12	05:15:00	4578.66	4580.36	4577.43	4578.00	2340	0	19
2026.01.12	05:20:00	4578.00	4578.94	4576.31	4578.62	2302	0	19
2026.01.12	05:25:00	4578.56	4581.19	4577.70	4581.09	2691	0	19
2026.01.12	05:30:00	4581.09	4581.37	4576.25	4576.29	2437	0	19
2026.01.12	05:35:00	4576.32	4577.64	4575.64	4576.83	1326	0	19
2026.01.12	05:40:00	4576.83	4576.99	4572.58	4572.84	1690	0	19
2026.01.12	05:45:00	4572.84	4574.57	4568.81	4570.87	1967	0	19
2026.01.12	05:50:00	4570.86	4573.92	4567.77	4573.26	1769	0	19
2026.01.12	05:55:00	4573.25	4573.91	4569.39	4570.63	1937	0	19
2026.01.12	06:00:00	4570.64	4571.22	4565.82	4567.26	1930	0	19
2026.01.12	06:05:00	4567.26	4568.67	4565.58	4568.27	1773	0	19
2026.01.12	06:10:00	4568.25	4568.89	4567.10	4568.70	1761	0	19
2026.01.12	06:15:00	4568.71	4571.62	4568.64	4571.26	1797	0	19
2026.01.12	06:20:00	4571.25	4572.11	4569.70	4569.70	1979	0	19
2026.01.12	06:25:00	4569.69	4569.95	4567.37	4568.58	1681	0	19
2026.01.12	06:30:00	4568.57	4569.89	4563.81	4563.88	2065	0	19
2026.01.12	06:35:00	4563.88	4568.29	4563.44	4566.06	2290	0	19
2026.01.12	06:40:00	4566.06	4568.23	4565.93	4567.94	1430	0	19
2026.01.12	06:45:00	4567.94	4570.15	4567.00	4569.36	1521	0	19
2026.01.12	06:50:00	4569.41	4569.61	4566.44	4566.78	1396	0	19
2026.01.12	06:55:00	4566.78	4568.89	4566.16	4568.50	1483	0	19
2026.01.12	07:00:00	4568.49	4569.24	4566.13	4567.94	2012	0	19
2026.01.12	07:05:00	4568.00	4570.50	4567.31	4570.21	1528	0	19
2026.01.12	07:10:00	4570.21	4572.06	4568.13	4570.12	1351	0	19
2026.01.12	07:15:00	4570.14	4573.18	4569.67	4572.39	1402	0	19
2026.01.12	07:20:00	4572.36	4573.20	4570.99	4572.60	1411	0	19
2026.01.12	07:25:00	4572.59	4573.93	4571.47	4572.47	1195	0	19
2026.01.12	07:30:00	4572.46	4578.41	4569.79	4577.26	2790	0	19
2026.01.12	07:35:00	4577.17	4578.35	4575.14	4578.03	2337	0	19
2026.01.12	07:40:00	4578.01	4583.01	4576.30	4581.75	2729	0	19
2026.01.12	07:45:00	4581.76	4584.95	4580.84	4584.04	3077	0	19
2026.01.12	07:50:00	4584.05	4584.63	4580.13	4580.13	2846	0	19
2026.01.12	07:55:00	4580.12	4581.63	4578.82	4580.88	2511	0	19
2026.01.12	08:00:00	4580.86	4580.89	4576.86	4577.30	2449	0	19
2026.01.12	08:05:00	4577.20	4577.20	4573.93	4575.49	2287	0	19
2026.01.12	08:10:00	4575.50	4576.66	4571.51	4572.77	2869	0	19
2026.01.12	08:15:00	4572.77	4572.90	4569.75	4572.57	2106	0	19
2026.01.12	08:20:00	4572.61	4575.28	4572.32	4574.52	1845	0	19
2026.01.12	08:25:00	4574.56	4575.90	4573.27	4573.70	2007	0	19
2026.01.12	08:30:00	4573.70	4575.69	4573.59	4575.06	1911	0	19
2026.01.12	08:35:00	4575.05	4576.09	4572.54	4573.13	2233	0	19
2026.01.12	08:40:00	4573.15	4576.37	4572.00	4574.43	2146	0	19
2026.01.12	08:45:00	4574.45	4576.01	4573.97	4574.59	1970	0	19
2026.01.12	08:50:00	4574.62	4580.00	4574.33	4578.77	2438	0	19
2026.01.12	08:55:00	4578.76	4579.38	4577.67	4578.44	1961	0	19
2026.01.12	09:00:00	4578.44	4579.24	4574.70	4576.43	2279	0	19
2026.01.12	09:05:00	4576.43	4582.77	4575.51	4581.97	2148	0	19
2026.01.12	09:10:00	4581.98	4584.02	4581.25	4583.36	2179	0	19
2026.01.12	09:15:00	4583.39	4585.89	4582.96	4585.83	2401	0	19
2026.01.12	09:20:00	4585.84	4587.55	4583.88	4584.00	2135	0	19
2026.01.12	09:25:00	4583.99	4585.15	4578.93	4581.50	2568	0	19
2026.01.12	09:30:00	4581.51	4582.46	4579.51	4580.47	2029	0	19
2026.01.12	09:35:00	4580.47	4585.37	4578.71	4584.43	1959	0	19
2026.01.12	09:40:00	4584.39	4584.40	4580.31	4583.79	2046	0	19
2026.01.12	09:45:00	4583.77	4585.55	4583.20	4585.14	1728	0	19
2026.01.12	09:50:00	4585.14	4587.04	4584.19	4586.00	1698	0	19
2026.01.12	09:55:00	4586.01	4589.59	4585.41	4587.67	1751	0	19
2026.01.12	10:00:00	4587.68	4589.44	4585.33	4586.99	2132	0	19
2026.01.12	10:05:00	4586.99	4588.04	4583.56	4583.81	2110	0	19
2026.01.12	10:10:00	4583.80	4585.93	4582.04	4583.39	2021	0	19
2026.01.12	10:15:00	4583.40	4583.51	4579.50	4583.40	2314	0	19
2026.01.12	10:20:00	4583.44	4584.10	4580.33	4582.61	1984	0	19
2026.01.12	10:25:00	4582.63	4584.45	4581.35	4583.60	2111	0	19
2026.01.12	10:30:00	4583.60	4584.45	4581.90	4583.62	1843	0	19
2026.01.12	10:35:00	4583.61	4589.55	4583.24	4586.79	2083	0	19
2026.01.12	10:40:00	4586.81	4588.47	4585.59	4585.60	1956	0	19
2026.01.12	10:45:00	4585.60	4595.11	4585.24	4594.15	2365	0	19
2026.01.12	10:50:00	4594.14	4598.35	4593.50	4596.29	2326	0	19
2026.01.12	10:55:00	4596.29	4597.81	4594.43	4596.82	2046	0	19
2026.01.12	11:00:00	4596.82	4597.41	4593.36	4594.45	2476	0	19
2026.01.12	11:05:00	4594.45	4596.02	4593.49	4595.20	2100	0	19
2026.01.12	11:10:00	4595.20	4597.63	4595.14	4597.05	2135	0	19
2026.01.12	11:15:00	4597.04	4597.71	4596.24	4596.55	1920	0	19
2026.01.12	11:20:00	4596.56	4599.24	4594.15	4598.43	2042	0	19
2026.01.12	11:25:00	4598.44	4599.31	4595.70	4596.56	2050	0	19
2026.01.12	11:30:00	4596.56	4597.01	4594.63	4595.98	1593	0	19
2026.01.12	11:35:00	4596.00	4596.80	4593.55	4593.64	1558	0	19
2026.01.12	11:40:00	4593.63	4596.88	4593.60	4595.42	1408	0	19
2026.01.12	11:45:00	4595.42	4595.58	4591.53	4592.02	1876	0	19
2026.01.12	11:50:00	4592.03	4592.03	4590.14	4590.16	1791	0	19
2026.01.12	11:55:00	4590.16	4591.99	4587.74	4589.13	2042	0	19
2026.01.12	12:00:00	4589.14	4593.42	4589.12	4590.42	1848	0	19
2026.01.12	12:05:00	4590.42	4591.17	4586.78	4586.98	1598	0	19
2026.01.12	12:10:00	4586.97	4592.17	4586.05	4592.17	1949	0	19
2026.01.12	12:15:00	4592.16	4592.53	4589.18	4589.25	1404	0	19
2026.01.12	12:20:00	4589.25	4591.71	4588.82	4591.49	1351	0	19
2026.01.12	12:25:00	4591.50	4594.03	4591.11	4592.46	1440	0	19
2026.01.12	12:30:00	4592.47	4594.63	4586.76	4587.52	2127	0	19
2026.01.12	12:35:00	4587.50	4591.98	4587.40	4591.97	1868	0	19
2026.01.12	12:40:00	4591.96	4593.83	4589.69	4589.77	1471	0	19
2026.01.12	12:45:00	4589.76	4593.12	4589.57	4592.33	1512	0	19
2026.01.12	12:50:00	4592.32	4594.51	4592.32	4593.66	1464	0	19
2026.01.12	12:55:00	4593.65	4595.43	4592.98	4594.23	1497	0	19
2026.01.12	13:00:00	4594.23	4594.90	4591.84	4592.75	1601	0	19
2026.01.12	13:05:00	4592.75	4593.46	4591.89	4592.13	1294	0	19
2026.01.12	13:10:00	4592.13	4592.91	4590.53	4590.99	1458	0	19
2026.01.12	13:15:00	4590.99	4593.96	4589.49	4589.79	1574	0	19
2026.01.12	13:20:00	4589.79	4590.04	4586.58	4588.16	1747	0	19
2026.01.12	13:25:00	4588.16	4588.16	4583.91	4585.22	2029	0	19
2026.01.12	13:30:00	4585.23	4587.45	4584.44	4587.44	1742	0	19
2026.01.12	13:35:00	4587.45	4590.13	4586.90	4590.12	1535	0	19
2026.01.12	13:40:00	4590.13	4592.02	4589.54	4592.01	1746	0	19
2026.01.12	13:45:00	4592.01	4592.05	4586.32	4586.36	1423	0	19
2026.01.12	13:50:00	4586.35	4586.90	4584.62	4585.54	1575	0	19
2026.01.12	13:55:00	4585.51	4585.72	4581.85	4585.22	1995	0	19
2026.01.12	14:00:00	4585.22	4586.74	4583.46	4584.40	2253	0	19
2026.01.12	14:05:00	4584.40	4585.21	4579.50	4581.16	2113	0	19
2026.01.12	14:10:00	4581.16	4585.34	4581.13	4582.17	2058	0	19
2026.01.12	14:15:00	4582.16	4582.57	4579.04	4580.73	1773	0	19
2026.01.12	14:20:00	4580.72	4582.41	4578.49	4582.32	1983	0	19
2026.01.12	14:25:00	4582.30	4582.83	4580.67	4582.71	1770	0	19
2026.01.12	14:30:00	4582.71	4585.24	4582.23	4584.90	1751	0	19
2026.01.12	14:35:00	4584.90	4586.11	4583.90	4584.96	1874	0	19
2026.01.12	14:40:00	4584.90	4586.85	4584.43	4586.18	1760	0	19
2026.01.12	14:45:00	4586.20	4587.78	4585.38	4586.90	2056	0	19
2026.01.12	14:50:00	4586.90	4589.68	4586.67	4588.75	1900	0	19
2026.01.12	14:55:00	4588.75	4590.64	4587.61	4590.46	1994	0	19
2026.01.12	15:00:00	4590.47	4596.08	4588.66	4596.08	3423	0	19
2026.01.12	15:05:00	4596.05	4604.51	4595.94	4601.27	3386	0	19
2026.01.12	15:10:00	4601.18	4609.33	4601.16	4606.58	3469	0	19
2026.01.12	15:15:00	4606.57	4610.60	4606.57	4608.60	3005	0	19
2026.01.12	15:20:00	4608.58	4611.11	4606.81	4609.84	2906	0	19
2026.01.12	15:25:00	4609.82	4611.05	4604.46	4605.00	3117	0	19
2026.01.12	15:30:00	4604.91	4609.26	4604.86	4609.00	2689	0	19
2026.01.12	15:35:00	4608.99	4611.04	4607.27	4610.44	2560	0	19
2026.01.12	15:40:00	4610.43	4613.26	4606.29	4609.08	2761	0	19
2026.01.12	15:45:00	4609.09	4615.14	4607.96	4614.34	2683	0	19
2026.01.12	15:50:00	4614.33	4619.96	4613.93	4619.57	2593	0	19
2026.01.12	15:55:00	4619.62	4620.31	4615.74	4615.80	2629	0	19
2026.01.12	16:00:00	4615.80	4617.23	4598.13	4600.27	3686	0	19
2026.01.12	16:05:00	4600.27	4604.35	4597.91	4598.53	3820	0	19
2026.01.12	16:10:00	4598.55	4598.61	4592.64	4596.39	3796	0	19
2026.01.12	16:15:00	4596.39	4598.64	4590.67	4596.84	3483	0	19
2026.01.12	16:20:00	4596.84	4599.55	4592.56	4596.90	3487	0	19
2026.01.12	16:25:00	4596.91	4597.72	4585.04	4586.55	3696	0	19
2026.01.12	16:30:00	4586.49	4601.08	4585.34	4598.10	4029	0	19
2026.01.12	16:35:00	4598.11	4611.39	4592.29	4610.72	4233	0	19
2026.01.12	16:40:00	4610.77	4610.96	4601.85	4604.19	3940	0	19
2026.01.12	16:45:00	4604.19	4604.49	4597.41	4601.87	4076	0	19
2026.01.12	16:50:00	4601.91	4608.10	4598.91	4604.67	3829	0	19
2026.01.12	16:55:00	4604.68	4606.31	4600.54	4602.25	3517	0	19
2026.01.12	17:00:00	4602.24	4613.15	4601.92	4607.20	3655	0	19
2026.01.12	17:05:00	4607.19	4617.84	4605.88	4615.66	3585	0	19
2026.01.12	17:10:00	4615.53	4619.24	4614.51	4617.53	3329	0	19
2026.01.12	17:15:00	4617.53	4619.02	4612.82	4614.38	3316	0	19
2026.01.12	17:20:00	4614.41	4618.54	4610.40	4617.99	3365	0	19
2026.01.12	17:25:00	4617.98	4622.22	4616.89	4619.60	3061	0	19
2026.01.12	17:30:00	4619.62	4624.76	4618.56	4622.97	3046	0	19
2026.01.12	17:35:00	4622.96	4627.39	4622.71	4626.67	3130	0	19
2026.01.12	17:40:00	4626.65	4627.45	4622.16	4623.60	3017	0	19
2026.01.12	17:45:00	4623.60	4624.89	4618.92	4622.09	2917	0	19
2026.01.12	17:50:00	4622.09	4622.79	4619.02	4621.15	2578	0	19
2026.01.12	17:55:00	4621.14	4622.68	4618.02	4621.30	2814	0	19
2026.01.12	18:00:00	4621.29	4624.06	4617.51	4623.62	2722	0	19
2026.01.12	18:05:00	4623.63	4624.91	4622.67	4624.69	2421	0	19
2026.01.12	18:10:00	4624.69	4629.69	4622.59	4629.13	2537	0	19
2026.01.12	18:15:00	4629.11	4630.12	4626.59	4628.19	2847	0	19
2026.01.12	18:20:00	4628.19	4629.76	4622.30	4624.36	2673	0	19
2026.01.12	18:25:00	4624.36	4624.69	4619.77	4620.03	2417	0	19
2026.01.12	18:30:00	4620.02	4622.95	4619.40	4621.43	2489	0	19
2026.01.12	18:35:00	4621.42	4623.27	4613.18	4613.21	2812	0	19
2026.01.12	18:40:00	4613.21	4613.77	4607.88	4612.26	3267	0	19
2026.01.12	18:45:00	4612.33	4617.10	4612.06	4615.92	2626	0	19
2026.01.12	18:50:00	4615.92	4618.44	4615.59	4616.95	2201	0	19
2026.01.12	18:55:00	4616.93	4617.56	4614.69	4616.94	2122	0	19
2026.01.12	19:00:00	4616.94	4618.43	4615.77	4615.87	2199	0	19
2026.01.12	19:05:00	4615.87	4617.52	4613.68	4614.16	2118	0	19
2026.01.12	19:10:00	4614.17	4616.96	4614.01	4615.45	2068	0	19
2026.01.12	19:15:00	4615.45	4618.44	4615.22	4615.74	1953	0	19
2026.01.12	19:20:00	4615.73	4617.66	4612.01	4616.34	2484	0	19
2026.01.12	19:25:00	4616.32	4617.75	4615.45	4616.29	2044	0	19
2026.01.12	19:30:00	4616.33	4616.93	4613.08	4613.27	2122	0	19
2026.01.12	19:35:00	4613.27	4615.49	4610.70	4613.50	2544	0	19
2026.01.12	19:40:00	4613.49	4614.83	4611.88	4613.25	2263	0	19
2026.01.12	19:45:00	4613.27	4618.57	4613.27	4617.39	2260	0	19
2026.01.12	19:50:00	4617.40	4620.58	4616.72	4617.34	2413	0	19
2026.01.12	19:55:00	4617.29	4620.21	4616.21	4616.40	2204	0	19
2026.01.12	20:00:00	4616.40	4618.55	4615.10	4615.29	2193	0	19
2026.01.12	20:05:00	4615.28	4617.35	4613.70	4614.89	2200	0	19
2026.01.12	20:10:00	4614.89	4615.77	4608.52	4608.52	2184	0	19
2026.01.12	20:15:00	4608.37	4608.51	4601.91	4602.77	3012	0	19
2026.01.12	20:20:00	4602.76	4607.91	4601.82	4604.85	3019	0	19
2026.01.12	20:25:00	4604.87	4605.88	4600.49	4605.67	2860	0	19
2026.01.12	20:30:00	4605.66	4610.86	4603.12	4610.12	2195	0	19
2026.01.12	20:35:00	4610.12	4610.34	4607.23	4610.10	1829	0	19
2026.01.12	20:40:00	4610.10	4610.71	4605.31	4605.91	1816	0	19
2026.01.12	20:45:00	4605.91	4609.76	4605.74	4606.57	1879	0	19
2026.01.12	20:50:00	4606.58	4607.04	4603.69	4606.93	1887	0	19
2026.01.12	20:55:00	4606.94	4611.14	4606.81	4610.83	1629	0	19
2026.01.12	21:00:00	4610.82	4611.26	4608.90	4609.06	1695	0	19
2026.01.12	21:05:00	4609.05	4612.33	4608.73	4612.12	1753	0	19
2026.01.12	21:10:00	4612.12	4614.76	4612.05	4613.82	2006	0	19
2026.01.12	21:15:00	4613.82	4615.06	4613.36	4614.51	1629	0	19
2026.01.12	21:20:00	4614.49	4614.92	4612.71	4614.77	2015	0	19
2026.01.12	21:25:00	4614.77	4617.37	4613.63	4616.96	2193	0	19
2026.01.12	21:30:00	4616.97	4618.93	4616.03	4616.17	2077	0	19
2026.01.12	21:35:00	4616.18	4617.31	4615.30	4616.32	1590	0	19
2026.01.12	21:40:00	4616.32	4617.01	4614.12	4616.35	1450	0	19
2026.01.12	21:45:00	4616.38	4616.84	4613.05	4613.19	1837	0	19
2026.01.12	21:50:00	4613.16	4614.29	4610.82	4612.87	1926	0	19
2026.01.12	21:55:00	4612.83	4612.87	4609.27	4611.08	1732	0	19
2026.01.12	22:00:00	4611.13	4611.66	4603.44	4604.08	2230	0	19
2026.01.12	22:05:00	4604.08	4605.18	4599.96	4600.50	2417	0	19
2026.01.12	22:10:00	4600.50	4604.19	4600.32	4602.84	2530	0	19
2026.01.12	22:15:00	4602.87	4604.37	4599.74	4601.60	2674	0	19
2026.01.12	22:20:00	4601.57	4602.87	4600.00	4602.49	2487	0	19
2026.01.12	22:25:00	4602.49	4604.13	4601.72	4602.44	1994	0	19
2026.01.12	22:30:00	4602.46	4604.68	4601.23	4602.74	2270	0	19
2026.01.12	22:35:00	4602.74	4604.76	4601.33	4602.07	1884	0	19
2026.01.12	22:40:00	4602.07	4602.84	4592.45	4592.63	2589	0	19
2026.01.12	22:45:00	4592.63	4594.81	4591.76	4593.20	2341	0	19
2026.01.12	22:50:00	4593.20	4598.65	4593.02	4598.11	2188	0	19
2026.01.12	22:55:00	4598.13	4599.22	4591.50	4593.57	2829	0	19
2026.01.12	23:00:00	4593.57	4595.58	4591.18	4592.30	1586	0	19
2026.01.12	23:05:00	4592.29	4596.91	4592.09	4595.88	1348	0	19
2026.01.12	23:10:00	4595.88	4596.01	4591.81	4592.75	1441	0	19
2026.01.12	23:15:00	4592.75	4593.92	4591.04	4593.02	1142	0	19
2026.01.12	23:20:00	4593.03	4594.26	4592.70	4593.52	1229	0	19
2026.01.12	23:25:00	4593.51	4594.04	4593.09	4593.76	978	0	19
2026.01.12	23:30:00	4593.74	4595.16	4593.74	4594.22	1165	0	19
2026.01.12	23:35:00	4594.25	4594.29	4592.40	4593.01	1010	0	19
2026.01.12	23:40:00	4593.00	4593.04	4589.94	4590.39	864	0	19
2026.01.12	23:45:00	4590.40	4593.88	4589.29	4593.87	1367	0	19
2026.01.12	23:50:00	4593.86	4594.20	4591.95	4592.39	1011	0	19
2026.01.12	23:55:00	4592.38	4597.15	4592.38	4596.84	854	0	19
2026.01.13	01:00:00	4597.21	4607.98	4595.37	4596.92	1742	0	19
2026.01.13	01:05:00	4596.74	4597.47	4592.07	4593.99	1290	0	19
2026.01.13	01:10:00	4593.99	4593.99	4578.04	4579.17	2564	0	19
2026.01.13	01:15:00	4579.17	4587.55	4578.42	4583.75	2405	0	19
2026.01.13	01:20:00	4583.75	4588.21	4582.56	4587.92	2063	0	19
2026.01.13	01:25:00	4587.93	4588.71	4584.41	4584.57	1706	0	19
2026.01.13	01:30:00	4584.57	4590.10	4584.16	4590.01	1780	0	19
2026.01.13	01:35:00	4590.02	4590.11	4585.72	4587.31	1924	0	19
2026.01.13	01:40:00	4587.30	4589.83	4585.96	4586.09	1304	0	19
2026.01.13	01:45:00	4586.15	4590.05	4586.14	4589.65	1452	0	19
2026.01.13	01:50:00	4589.64	4594.61	4588.67	4591.03	1596	0	19
2026.01.13	01:55:00	4591.01	4599.53	4590.79	4599.21	1986	0	19
2026.01.13	02:00:00	4599.30	4599.50	4593.76	4594.73	1882	0	19
2026.01.13	02:05:00	4594.73	4596.53	4592.57	4592.70	1753	0	19
2026.01.13	02:10:00	4592.69	4594.70	4592.24	4592.96	1341	0	19
2026.01.13	02:15:00	4592.95	4595.94	4592.04	4594.70	1280	0	19
2026.01.13	02:20:00	4594.70	4595.37	4590.93	4592.60	1141	0	19
2026.01.13	02:25:00	4592.59	4592.61	4588.21	4588.35	1166	0	19
2026.01.13	02:30:00	4588.35	4590.82	4587.22	4587.84	1468	0	19
2026.01.13	02:35:00	4587.95	4588.70	4584.50	4585.20	1713	0	19
2026.01.13	02:40:00	4585.21	4586.55	4585.08	4586.24	1438	0	19
2026.01.13	02:45:00	4586.24	4590.86	4586.22	4588.92	1489	0	19
2026.01.13	02:50:00	4588.92	4590.87	4587.89	4589.95	1426	0	19
2026.01.13	02:55:00	4589.96	4592.17	4586.96	4587.31	1613	0	19
2026.01.13	03:00:00	4587.32	4589.18	4581.60	4583.28	3785	0	19
2026.01.13	03:05:00	4583.29	4593.45	4582.78	4588.55	3218	0	19
2026.01.13	03:10:00	4588.55	4595.69	4588.37	4592.43	2990	0	19
2026.01.13	03:15:00	4592.44	4595.58	4584.80	4586.78	2900	0	19
2026.01.13	03:20:00	4586.77	4589.36	4585.09	4587.21	2424	0	19
2026.01.13	03:25:00	4587.24	4588.40	4581.63	4581.75	2841	0	19
2026.01.13	03:30:00	4581.75	4582.49	4575.63	4577.31	3261	0	19
2026.01.13	03:35:00	4577.33	4585.03	4576.80	4584.92	2927	0	19
2026.01.13	03:40:00	4584.95	4587.26	4581.98	4583.19	2942	0	19
2026.01.13	03:45:00	4583.18	4585.98	4581.03	4581.70	2950	0	19
2026.01.13	03:50:00	4581.70	4583.37	4579.77	4580.24	2893	0	19
2026.01.13	03:55:00	4580.31	4582.25	4577.64	4577.88	2835	0	19
2026.01.13	04:00:00	4577.87	4586.40	4576.75	4584.86	3069	0	19
2026.01.13	04:05:00	4584.87	4590.55	4584.71	4587.96	2690	0	19
2026.01.13	04:10:00	4587.99	4589.05	4584.76	4586.51	2676	0	19
2026.01.13	04:15:00	4586.51	4587.05	4584.03	4585.49	2006	0	19
2026.01.13	04:20:00	4585.49	4587.14	4584.35	4587.12	1677	0	19
2026.01.13	04:25:00	4587.10	4587.32	4583.53	4583.79	1828	0	19
2026.01.13	04:30:00	4583.77	4589.39	4582.04	4586.59	2732	0	19
2026.01.13	04:35:00	4586.57	4588.69	4585.55	4588.26	2636	0	19
2026.01.13	04:40:00	4588.26	4590.29	4586.90	4589.25	2798	0	19
2026.01.13	04:45:00	4589.24	4594.11	4589.07	4591.97	2889	0	19
2026.01.13	04:50:00	4591.97	4595.05	4591.97	4593.47	2490	0	19
2026.01.13	04:55:00	4593.47	4594.86	4592.34	4594.24	1961	0	19
2026.01.13	05:00:00	4594.23	4596.30	4592.77	4595.36	2242	0	19
2026.01.13	05:05:00	4595.35	4596.84	4594.72	4595.31	1864	0	19
2026.01.13	05:10:00	4595.31	4599.61	4595.31	4597.92	2027	0	19
2026.01.13	05:15:00	4597.92	4598.01	4596.16	4596.83	1729	0	19
2026.01.13	05:20:00	4596.79	4598.70	4595.81	4595.93	2057	0	19
2026.01.13	05:25:00	4595.93	4596.97	4594.83	4595.69	2521	0	19
2026.01.13	05:30:00	4595.68	4596.15	4594.79	4595.24	1440	0	19
2026.01.13	05:35:00	4595.24	4598.09	4595.19	4597.42	1461	0	19
2026.01.13	05:40:00	4597.47	4597.52	4593.51	4593.88	1665	0	19
2026.01.13	05:45:00	4593.92	4595.26	4592.86	4593.49	1616	0	19
2026.01.13	05:50:00	4593.49	4594.00	4592.52	4593.68	1498	0	19
2026.01.13	05:55:00	4593.68	4595.09	4592.99	4594.14	1797	0	19
2026.01.13	06:00:00	4594.14	4596.32	4593.94	4594.97	1565	0	19
2026.01.13	06:05:00	4594.96	4596.60	4594.74	4596.02	1185	0	19
2026.01.13	06:10:00	4596.02	4597.99	4595.71	4597.67	1187	0	19
2026.01.13	06:15:00	4597.65	4599.29	4597.08	4598.86	1498	0	19
2026.01.13	06:20:00	4598.87	4599.67	4597.75	4597.79	1457	0	19
2026.01.13	06:25:00	4597.79	4598.28	4596.54	4597.38	1368	0	19
2026.01.13	06:30:00	4597.37	4597.82	4595.70	4595.93	1294	0	19
2026.01.13	06:35:00	4595.93	4596.18	4594.67	4595.64	1365	0	19
2026.01.13	06:40:00	4595.64	4599.79	4595.59	4598.86	1503	0	19
2026.01.13	06:45:00	4598.85	4599.36	4597.56	4598.47	1271	0	19
2026.01.13	06:50:00	4598.46	4598.46	4596.16	4597.41	1370	0	19
2026.01.13	06:55:00	4597.41	4598.19	4596.20	4596.51	1018	0	19
2026.01.13	07:00:00	4596.48	4598.47	4596.23	4597.18	1236	0	19
2026.01.13	07:05:00	4597.18	4597.18	4591.87	4594.28	1612	0	19
2026.01.13	07:10:00	4594.22	4595.40	4592.12	4594.37	1566	0	19
2026.01.13	07:15:00	4594.39	4596.41	4594.29	4595.15	1261	0	19
2026.01.13	07:20:00	4595.14	4598.08	4594.84	4598.08	918	0	19
2026.01.13	07:25:00	4598.11	4601.52	4598.01	4601.34	1593	0	19
2026.01.13	07:30:00	4601.36	4602.13	4585.68	4590.92	3346	0	19
2026.01.13	07:35:00	4590.93	4591.80	4586.27	4590.64	2723	0	19
2026.01.13	07:40:00	4590.64	4594.92	4589.18	4594.34	2389	0	19
2026.01.13	07:45:00	4594.31	4596.06	4592.40	4593.17	2294	0	19
2026.01.13	07:50:00	4593.19	4595.29	4591.23	4593.39	2538	0	19
2026.01.13	07:55:00	4593.37	4594.22	4592.09	4592.09	2295	0	19
2026.01.13	08:00:00	4592.09	4592.11	4589.51	4591.45	2684	0	19
2026.01.13	08:05:00	4591.45	4592.36	4588.08	4588.80	2629	0	19
2026.01.13	08:10:00	4588.78	4591.24	4588.03	4590.27	2692	0	19
2026.01.13	08:15:00	4590.27	4590.44	4587.39	4588.72	2457	0	19
2026.01.13	08:20:00	4588.72	4590.83	4584.79	4586.80	2334	0	19
2026.01.13	08:25:00	4586.81	4586.97	4582.45	4584.84	2355	0	19
2026.01.13	08:30:00	4584.85	4586.02	4579.22	4583.87	2531	0	19
2026.01.13	08:35:00	4583.86	4584.46	4576.90	4577.88	2718	0	19
2026.01.13	08:40:00	4577.88	4577.97	4573.44	4575.92	2801	0	19
2026.01.13	08:45:00	4575.92	4580.23	4575.42	4579.73	2430	0	19
2026.01.13	08:50:00	4579.71	4583.37	4579.71	4580.36	2341	0	19
2026.01.13	08:55:00	4580.34	4581.88	4578.84	4581.65	2066	0	19
2026.01.13	09:00:00	4581.68	4583.32	4579.11	4581.60	1789	0	19
2026.01.13	09:05:00	4581.60	4585.34	4581.60	4584.58	1311	0	19
2026.01.13	09:10:00	4584.55	4585.19	4584.08	4584.73	1010	0	19
2026.01.13	09:15:00	4584.73	4584.81	4580.80	4581.16	1437	0	19
2026.01.13	09:20:00	4581.17	4582.32	4578.88	4581.08	1715	0	19
2026.01.13	09:25:00	4581.08	4584.96	4580.98	4583.95	1516	0	19
2026.01.13	09:30:00	4583.95	4587.08	4583.63	4585.31	1729	0	19
2026.01.13	09:35:00	4585.32	4586.19	4583.45	4584.97	1555	0	19
2026.01.13	09:40:00	4584.97	4585.33	4579.62	4580.34	1787	0	19
2026.01.13	09:45:00	4580.33	4580.79	4578.03	4579.03	1478	0	19
2026.01.13	09:50:00	4579.03	4580.50	4577.56	4577.66	1666	0	19
2026.01.13	09:55:00	4577.63	4582.51	4577.47	4580.65	1757	0	19
2026.01.13	10:00:00	4580.64	4585.45	4579.62	4585.08	2130	0	19
2026.01.13	10:05:00	4585.07	4587.88	4585.04	4587.29	1723	0	19
2026.01.13	10:10:00	4587.27	4591.61	4587.05	4587.78	1771	0	19
2026.01.13	10:15:00	4587.78	4587.89	4584.92	4587.22	1715	0	19
2026.01.13	10:20:00	4587.23	4589.72	4586.64	4589.39	1614	0	19
2026.01.13	10:25:00	4589.39	4592.57	4588.75	4590.00	1893	0	19
2026.01.13	10:30:00	4590.00	4593.76	4589.20	4593.65	2125	0	19
2026.01.13	10:35:00	4593.65	4597.10	4593.60	4595.32	2157	0	19
2026.01.13	10:40:00	4595.33	4596.17	4592.64	4593.56	1819	0	19
2026.01.13	10:45:00	4593.55	4595.43	4592.45	4593.77	1537	0	19
2026.01.13	10:50:00	4593.78	4594.40	4592.76	4593.21	1328	0	19
2026.01.13	10:55:00	4593.21	4593.40	4591.85	4592.78	1629	0	19
2026.01.13	11:00:00	4592.80	4594.31	4589.61	4591.12	1993	0	19
2026.01.13	11:05:00	4591.12	4595.68	4590.63	4594.84	1297	0	19
2026.01.13	11:10:00	4594.83	4595.06	4593.71	4594.02	1377	0	19
2026.01.13	11:15:00	4594.02	4594.99	4591.57	4592.59	1496	0	19
2026.01.13	11:20:00	4592.59	4592.93	4589.86	4589.91	1262	0	19
2026.01.13	11:25:00	4589.92	4590.07	4588.04	4589.21	1362	0	19
2026.01.13	11:30:00	4589.20	4590.10	4588.39	4589.28	1296	0	19
2026.01.13	11:35:00	4589.31	4590.40	4588.29	4590.27	1412	0	19
2026.01.13	11:40:00	4590.26	4592.07	4586.67	4590.70	1935	0	19
2026.01.13	11:45:00	4590.72	4590.97	4587.57	4588.15	1505	0	19
2026.01.13	11:50:00	4588.16	4588.56	4585.89	4585.92	1235	0	19
2026.01.13	11:55:00	4585.94	4587.52	4585.73	4586.10	1359	0	19
2026.01.13	12:00:00	4586.12	4586.96	4582.89	4582.98	1341	0	19
2026.01.13	12:05:00	4582.97	4584.20	4582.63	4583.58	1328	0	19
2026.01.13	12:10:00	4583.57	4584.16	4580.42	4583.57	1567	0	19
2026.01.13	12:15:00	4583.57	4583.62	4580.94	4583.50	1590	0	19
2026.01.13	12:20:00	4583.51	4586.34	4582.96	4583.86	1529	0	19
2026.01.13	12:25:00	4583.86	4586.20	4583.86	4584.69	1388	0	19
2026.01.13	12:30:00	4584.65	4584.65	4581.78	4583.23	1256	0	19
2026.01.13	12:35:00	4583.27	4585.25	4581.89	4584.96	1300	0	19
2026.01.13	12:40:00	4584.95	4588.29	4584.92	4587.16	1590	0	19
2026.01.13	12:45:00	4587.16	4587.20	4585.90	4586.01	947	0	19
2026.01.13	12:50:00	4586.01	4587.21	4584.79	4586.02	1378	0	19
2026.01.13	12:55:00	4586.01	4586.73	4585.48	4586.32	1365	0	19
2026.01.13	13:00:00	4586.32	4588.90	4586.14	4586.19	1243	0	19
2026.01.13	13:05:00	4586.19	4587.16	4585.80	4585.99	1127	0	19
2026.01.13	13:10:00	4585.99	4587.00	4584.85	4584.87	1354	0	19
2026.01.13	13:15:00	4584.88	4586.35	4582.12	4584.45	1903	0	19
2026.01.13	13:20:00	4584.44	4586.51	4584.28	4585.26	1484	0	19
2026.01.13	13:25:00	4585.26	4589.05	4585.22	4586.83	1923	0	19
2026.01.13	13:30:00	4586.84	4586.99	4585.40	4586.47	882	0	19
2026.01.13	13:35:00	4586.48	4586.75	4585.08	4586.30	1068	0	19
2026.01.13	13:40:00	4586.30	4589.78	4585.75	4589.75	1270	0	19
2026.01.13	13:45:00	4589.78	4591.30	4587.33	4588.52	1638	0	19
2026.01.13	13:50:00	4588.52	4592.03	4586.52	4586.76	1767	0	19
2026.01.13	13:55:00	4586.73	4588.90	4586.22	4588.53	1684	0	19
2026.01.13	14:00:00	4588.52	4589.13	4587.30	4587.76	1555	0	19
2026.01.13	14:05:00	4587.76	4587.84	4584.75	4585.80	1319	0	19
2026.01.13	14:10:00	4585.80	4586.21	4583.28	4583.58	1707	0	19
2026.01.13	14:15:00	4583.57	4584.67	4583.15	4583.87	1126	0	19
2026.01.13	14:20:00	4583.87	4584.06	4579.41	4579.77	1517	0	19
2026.01.13	14:25:00	4579.76	4581.05	4577.91	4580.54	1956	0	19
2026.01.13	14:30:00	4580.54	4581.01	4579.36	4580.13	1568	0	19
2026.01.13	14:35:00	4580.15	4584.66	4579.91	4583.90	1535	0	19
2026.01.13	14:40:00	4583.91	4586.20	4583.80	4585.86	1122	0	19
2026.01.13	14:45:00	4585.85	4590.09	4585.49	4589.85	1369	0	19
2026.01.13	14:50:00	4589.85	4593.55	4589.44	4591.17	1878	0	19
2026.01.13	14:55:00	4591.17	4595.20	4591.07	4593.24	2047	0	19
2026.01.13	15:00:00	4593.24	4596.58	4590.74	4594.24	3446	0	19
2026.01.13	15:05:00	4594.19	4598.63	4593.65	4598.63	2952	0	19
2026.01.13	15:10:00	4598.61	4606.28	4596.75	4602.68	3090	0	19
2026.01.13	15:15:00	4602.74	4605.61	4600.46	4601.61	3045	0	19
2026.01.13	15:20:00	4601.59	4606.44	4599.57	4605.38	3039	0	19
2026.01.13	15:25:00	4605.38	4605.40	4599.73	4601.08	2612	0	19
2026.01.13	15:30:00	4601.17	4614.44	4601.16	4613.33	4038	0	19
2026.01.13	15:35:00	4613.42	4616.28	4609.48	4614.09	3798	0	19
2026.01.13	15:40:00	4614.10	4620.31	4612.70	4617.84	3480	0	19
2026.01.13	15:45:00	4617.83	4620.93	4615.00	4617.62	3206	0	19
2026.01.13	15:50:00	4617.74	4618.97	4612.45	4613.25	2955	0	19
2026.01.13	15:55:00	4613.27	4613.30	4607.31	4611.50	3238	0	19
2026.01.13	16:00:00	4611.53	4613.10	4609.09	4611.40	2988	0	19
2026.01.13	16:05:00	4611.37	4616.75	4610.71	4614.27	3117	0	19
2026.01.13	16:10:00	4614.30	4619.03	4611.91	4618.74	2977	0	19
2026.01.13	16:15:00	4618.75	4618.90	4614.59	4614.59	2833	0	19
2026.01.13	16:20:00	4614.55	4623.63	4614.55	4622.57	2871	0	19
2026.01.13	16:25:00	4622.50	4622.82	4618.11	4618.16	2772	0	19
2026.01.13	16:30:00	4618.19	4621.18	4611.66	4615.06	3889	0	19
2026.01.13	16:35:00	4615.07	4620.69	4613.19	4617.01	3737	0	19
2026.01.13	16:40:00	4617.04	4625.93	4615.83	4625.81	3724	0	19
2026.01.13	16:45:00	4625.79	4634.23	4624.73	4633.68	3932	0	19
2026.01.13	16:50:00	4633.69	4634.63	4623.00	4624.25	3873	0	19
2026.01.13	16:55:00	4624.30	4633.01	4623.03	4629.89	3543	0	19
2026.01.13	17:00:00	4629.89	4630.24	4614.17	4619.24	4044	0	19
2026.01.13	17:05:00	4619.25	4622.50	4616.96	4619.39	3856	0	19
2026.01.13	17:10:00	4619.42	4624.44	4617.83	4621.48	3451	0	19
2026.01.13	17:15:00	4621.48	4623.34	4603.48	4606.78	3990	0	19
2026.01.13	17:20:00	4606.87	4610.69	4600.86	4604.14	4110	0	19
2026.01.13	17:25:00	4604.18	4610.80	4603.34	4608.79	3646	0	19
2026.01.13	17:30:00	4608.79	4613.94	4605.51	4612.48	3534	0	19
2026.01.13	17:35:00	4612.53	4613.29	4605.22	4609.27	3365	0	19
2026.01.13	17:40:00	4609.28	4616.30	4606.41	4614.75	3287	0	19
2026.01.13	17:45:00	4614.77	4618.14	4614.07	4615.43	2878	0	19
2026.01.13	17:50:00	4615.44	4619.22	4612.94	4615.71	2833	0	19
2026.01.13	17:55:00	4615.71	4620.65	4614.73	4619.15	2680	0	19
2026.01.13	18:00:00	4619.09	4620.74	4612.65	4612.67	2803	0	19
2026.01.13	18:05:00	4612.67	4614.48	4606.72	4607.49	3209	0	19
2026.01.13	18:10:00	4607.49	4613.95	4606.93	4612.43	2940	0	19
2026.01.13	18:15:00	4612.42	4612.86	4606.87	4609.58	3076	0	19
2026.01.13	18:20:00	4609.58	4610.52	4604.06	4606.04	2891	0	19
2026.01.13	18:25:00	4606.04	4606.41	4592.94	4598.63	3502	0	19
2026.01.13	18:30:00	4598.54	4606.57	4596.66	4605.66	3021	0	19
2026.01.13	18:35:00	4605.65	4607.35	4601.16	4607.35	2872	0	19
2026.01.13	18:40:00	4607.48	4609.36	4606.20	4608.80	2557	0	19
2026.01.13	18:45:00	4608.80	4612.04	4607.41	4611.04	2351	0	19
2026.01.13	18:50:00	4611.04	4613.38	4610.10	4612.76	2318	0	19
2026.01.13	18:55:00	4612.75	4613.90	4611.01	4613.39	2419	0	19
2026.01.13	19:00:00	4613.41	4615.96	4613.32	4613.45	2274	0	19
2026.01.13	19:05:00	4613.47	4614.72	4610.86	4611.39	2458	0	19
2026.01.13	19:10:00	4611.39	4612.03	4606.56	4608.41	2153	0	19
2026.01.13	19:15:00	4608.42	4610.82	4606.38	4610.33	2096	0	19
2026.01.13	19:20:00	4610.33	4612.58	4609.36	4612.24	1754	0	19
2026.01.13	19:25:00	4612.22	4612.22	4606.56	4609.79	2172	0	19
2026.01.13	19:30:00	4609.79	4611.07	4603.11	4609.99	2585	0	19
2026.01.13	19:35:00	4609.98	4612.03	4607.87	4609.79	2220	0	19
2026.01.13	19:40:00	4609.74	4610.45	4604.11	4604.61	2664	0	19
2026.01.13	19:45:00	4604.57	4607.08	4601.77	4602.16	2964	0	19
2026.01.13	19:50:00	4602.17	4602.39	4597.12	4600.26	3044	0	19
2026.01.13	19:55:00	4600.22	4600.53	4586.70	4590.37	3426	0	19
2026.01.13	20:00:00	4590.37	4593.88	4585.89	4588.64	3488	0	19
2026.01.13	20:05:00	4588.68	4594.41	4586.80	4592.85	3469	0	19
2026.01.13	20:10:00	4592.83	4594.34	4591.07	4594.32	2917	0	19
2026.01.13	20:15:00	4594.35	4595.04	4583.96	4586.13	3181	0	19
2026.01.13	20:20:00	4586.12	4589.22	4581.13	4588.39	3606	0	19
2026.01.13	20:25:00	4588.38	4592.58	4588.30	4591.71	3179	0	19
2026.01.13	20:30:00	4591.74	4594.86	4589.82	4593.48	2730	0	19
2026.01.13	20:35:00	4593.49	4599.61	4593.32	4599.31	2677	0	19
2026.01.13	20:40:00	4599.33	4600.72	4598.29	4600.33	2421	0	19
2026.01.13	20:45:00	4600.34	4601.97	4599.61	4599.91	2318	0	19
2026.01.13	20:50:00	4599.91	4600.32	4597.76	4599.58	2417	0	19
2026.01.13	20:55:00	4599.57	4599.57	4594.10	4594.11	2530	0	19
2026.01.13	21:00:00	4594.11	4594.21	4584.20	4587.43	2998	0	19
2026.01.13	21:05:00	4587.43	4594.61	4586.23	4593.47	2604	0	19
2026.01.13	21:10:00	4593.47	4595.80	4590.75	4595.67	2263	0	19
2026.01.13	21:15:00	4595.66	4597.20	4584.82	4591.15	2556	0	19
2026.01.13	21:20:00	4591.14	4593.40	4591.09	4592.70	2140	0	19
2026.01.13	21:25:00	4592.68	4595.11	4592.68	4593.36	1908	0	19
2026.01.13	21:30:00	4593.34	4596.74	4592.61	4596.13	2032	0	19
2026.01.13	21:35:00	4596.09	4598.50	4593.02	4598.33	2142	0	19
2026.01.13	21:40:00	4598.28	4598.86	4593.84	4595.93	2139	0	19
2026.01.13	21:45:00	4595.98	4596.05	4590.69	4592.67	2329	0	19
2026.01.13	21:50:00	4592.65	4596.04	4592.42	4595.87	1856	0	19
2026.01.13	21:55:00	4595.87	4599.00	4595.82	4597.52	1841	0	19
2026.01.13	22:00:00	4597.52	4597.81	4590.43	4592.33	2291	0	19
2026.01.13	22:05:00	4592.33	4594.41	4590.39	4592.19	1998	0	19
2026.01.13	22:10:00	4592.19	4594.53	4591.75	4592.91	1798	0	19
2026.01.13	22:15:00	4592.93	4595.25	4590.78	4594.66	2111	0	19
2026.01.13	22:20:00	4594.66	4595.24	4591.49	4592.85	2237	0	19
2026.01.13	22:25:00	4592.85	4593.74	4587.79	4589.00	2103	0	19
2026.01.13	22:30:00	4588.96	4589.23	4570.91	4572.21	3149	0	19
2026.01.13	22:35:00	4572.21	4579.53	4569.63	4576.56	3176	0	19
2026.01.13	22:40:00	4576.58	4587.39	4574.90	4585.13	2749	0	19
2026.01.13	22:45:00	4585.16	4589.28	4583.56	4589.00	2398	0	19
2026.01.13	22:50:00	4588.99	4589.24	4583.42	4586.64	2570	0	19
2026.01.13	22:55:00	4586.62	4586.85	4582.43	4586.03	2843	0	19
2026.01.13	23:00:00	4586.08	4589.36	4585.14	4587.62	1641	0	19
2026.01.13	23:05:00	4587.62	4588.34	4586.13	4586.32	1131	0	19
2026.01.13	23:10:00	4586.33	4587.36	4583.46	4583.55	1016	0	19
2026.01.13	23:15:00	4583.54	4586.95	4582.81	4586.05	1259	0	19
2026.01.13	23:20:00	4586.05	4587.42	4585.70	4586.93	1191	0	19
2026.01.13	23:25:00	4586.94	4589.48	4586.58	4587.92	1431	0	19
2026.01.13	23:30:00	4587.92	4588.54	4585.95	4587.17	1035	0	19
2026.01.13	23:35:00	4587.18	4589.48	4585.59	4587.74	1129	0	19
2026.01.13	23:40:00	4587.76	4589.16	4586.64	4589.08	977	0	19
2026.01.13	23:45:00	4589.08	4589.83	4587.42	4587.94	1078	0	19
2026.01.13	23:50:00	4587.93	4588.17	4587.01	4587.22	754	0	19
2026.01.13	23:55:00	4587.21	4587.56	4586.18	4586.54	485	0	19
2026.01.14	01:00:00	4588.33	4592.68	4588.33	4591.78	1297	0	19
2026.01.14	01:05:00	4591.78	4595.28	4591.38	4592.90	1439	0	19
2026.01.14	01:10:00	4592.91	4595.94	4592.89	4595.93	1273	0	19
2026.01.14	01:15:00	4595.91	4596.78	4593.02	4594.87	1180	0	19
2026.01.14	01:20:00	4594.87	4596.36	4594.34	4596.33	890	0	19
2026.01.14	01:25:00	4596.34	4597.87	4596.24	4597.25	1342	0	19
2026.01.14	01:30:00	4597.25	4597.26	4594.74	4595.79	1320	0	19
2026.01.14	01:35:00	4595.81	4596.73	4594.91	4596.73	1115	0	19
2026.01.14	01:40:00	4596.77	4596.77	4593.21	4594.35	1249	0	19
2026.01.14	01:45:00	4594.35	4596.24	4593.76	4596.11	1002	0	19
2026.01.14	01:50:00	4596.15	4597.43	4594.47	4597.21	786	0	19
2026.01.14	01:55:00	4597.21	4598.78	4596.91	4597.12	1267	0	19
2026.01.14	02:00:00	4597.12	4603.63	4597.02	4603.50	1730	0	19
2026.01.14	02:05:00	4603.50	4607.77	4602.18	4606.67	1793	0	19
2026.01.14	02:10:00	4606.66	4606.94	4604.70	4605.21	1552	0	19
2026.01.14	02:15:00	4605.20	4607.48	4605.00	4605.57	1281	0	19
2026.01.14	02:20:00	4605.58	4605.95	4603.02	4603.66	1414	0	19
2026.01.14	02:25:00	4603.62	4610.51	4603.32	4609.70	1849	0	19
2026.01.14	02:30:00	4609.72	4610.21	4607.74	4608.54	1886	0	19
2026.01.14	02:35:00	4608.53	4609.07	4607.00	4607.99	1507	0	19
2026.01.14	02:40:00	4607.99	4610.65	4607.60	4608.61	1404	0	19
2026.01.14	02:45:00	4608.62	4608.79	4604.83	4605.26	2163	0	19
2026.01.14	02:50:00	4605.27	4607.33	4604.72	4606.14	2215	0	19
2026.01.14	02:55:00	4606.14	4610.55	4605.63	4609.03	2229	0	19
2026.01.14	03:00:00	4609.09	4615.73	4606.24	4615.35	3653	0	19
2026.01.14	03:05:00	4615.35	4616.03	4611.41	4611.41	3139	0	19
2026.01.14	03:10:00	4611.48	4616.99	4610.56	4615.46	2740	0	19
2026.01.14	03:15:00	4615.46	4618.18	4613.03	4617.21	2515	0	19
2026.01.14	03:20:00	4617.20	4618.41	4612.11	4612.34	2231	0	19
2026.01.14	03:25:00	4612.34	4616.47	4611.89	4614.62	2261	0	19
2026.01.14	03:30:00	4614.62	4616.73	4613.57	4615.03	2370	0	19
2026.01.14	03:35:00	4615.04	4618.39	4614.10	4617.85	2471	0	19
2026.01.14	03:40:00	4617.85	4618.73	4614.43	4614.67	2825	0	19
2026.01.14	03:45:00	4614.73	4618.18	4613.58	4613.79	2640	0	19
2026.01.14	03:50:00	4613.73	4619.69	4613.59	4619.46	2848	0	19
2026.01.14	03:55:00	4619.46	4619.92	4618.69	4619.19	2265	0	19
2026.01.14	04:00:00	4619.19	4620.74	4617.01	4618.13	2671	0	19
2026.01.14	04:05:00	4618.12	4620.40	4614.33	4614.70	2867	0	19
2026.01.14	04:10:00	4614.78	4619.41	4614.56	4618.27	2574	0	19
2026.01.14	04:15:00	4618.26	4619.16	4616.63	4617.86	1861	0	19
2026.01.14	04:20:00	4617.91	4621.33	4617.85	4620.80	1598	0	19
2026.01.14	04:25:00	4620.80	4621.09	4619.70	4619.99	1517	0	19
2026.01.14	04:30:00	4620.01	4622.62	4618.01	4619.05	2691	0	19
2026.01.14	04:35:00	4619.05	4622.21	4618.51	4621.06	2463	0	19
2026.01.14	04:40:00	4621.07	4622.30	4620.88	4621.32	2356	0	19
2026.01.14	04:45:00	4621.33	4623.67	4618.26	4621.71	2597	0	19
2026.01.14	04:50:00	4621.57	4622.12	4619.24	4620.02	2072	0	19
2026.01.14	04:55:00	4620.04	4622.03	4619.82	4620.54	1617	0	19
2026.01.14	05:00:00	4620.51	4622.82	4620.17	4622.08	1800	0	19
2026.01.14	05:05:00	4622.08	4622.47	4618.93	4618.93	2107	0	19
2026.01.14	05:10:00	4618.96	4620.20	4617.67	4618.10	2324	0	19
2026.01.14	05:15:00	4618.11	4621.65	4617.62	4620.93	2099	0	19
2026.01.14	05:20:00	4620.94	4621.24	4618.64	4618.84	1597	0	19
2026.01.14	05:25:00	4618.84	4619.67	4613.30	4615.14	2894	0	19
2026.01.14	05:30:00	4615.12	4621.06	4614.96	4621.06	1650	0	19
2026.01.14	05:35:00	4621.06	4625.62	4620.42	4624.60	1433	0	19
2026.01.14	05:40:00	4624.60	4624.63	4622.51	4624.19	1554	0	19
2026.01.14	05:45:00	4624.18	4624.95	4623.29	4623.99	1875	0	19
2026.01.14	05:50:00	4623.99	4627.74	4623.90	4627.43	1836	0	19
2026.01.14	05:55:00	4627.44	4629.99	4625.50	4628.24	2397	0	19
2026.01.14	06:00:00	4628.24	4630.01	4627.87	4628.91	2074	0	19
2026.01.14	06:05:00	4628.91	4629.22	4627.62	4628.07	1540	0	19
2026.01.14	06:10:00	4628.06	4628.64	4626.83	4627.46	1712	0	19
2026.01.14	06:15:00	4627.45	4629.98	4627.28	4628.64	1887	0	19
2026.01.14	06:20:00	4628.64	4628.68	4626.21	4627.03	1699	0	19
2026.01.14	06:25:00	4627.03	4627.40	4625.28	4626.50	1753	0	19
2026.01.14	06:30:00	4626.52	4628.52	4625.45	4628.32	1691	0	19
2026.01.14	06:35:00	4628.32	4629.85	4627.84	4628.85	1551	0	19
2026.01.14	06:40:00	4628.85	4629.15	4627.90	4628.02	1116	0	19
2026.01.14	06:45:00	4628.02	4629.75	4626.93	4629.24	1656	0	19
2026.01.14	06:50:00	4629.24	4630.39	4628.22	4629.66	1712	0	19
2026.01.14	06:55:00	4629.66	4630.40	4627.82	4629.23	1834	0	19
2026.01.14	07:00:00	4629.26	4639.61	4629.26	4638.75	2540	0	19
2026.01.14	07:05:00	4638.75	4638.78	4634.55	4635.27	2066	0	19
2026.01.14	07:10:00	4635.27	4636.09	4633.15	4634.04	1850	0	19
2026.01.14	07:15:00	4634.04	4635.33	4632.00	4632.80	1810	0	19
2026.01.14	07:20:00	4632.78	4633.97	4631.07	4633.72	1692	0	19
2026.01.14	07:25:00	4633.71	4635.48	4632.54	4634.20	1858	0	19
2026.01.14	07:30:00	4634.23	4639.61	4631.82	4638.33	3268	0	19
2026.01.14	07:35:00	4638.32	4638.48	4635.56	4636.92	2674	0	19
2026.01.14	07:40:00	4636.92	4639.09	4635.13	4636.30	2704	0	19
2026.01.14	07:45:00	4636.28	4639.48	4634.86	4639.39	2270	0	19
2026.01.14	07:50:00	4639.38	4639.39	4633.64	4634.06	2681	0	19
2026.01.14	07:55:00	4634.07	4634.28	4617.99	4619.76	4144	0	19
2026.01.14	08:00:00	4619.75	4626.92	4618.49	4626.72	3399	0	19
2026.01.14	08:05:00	4626.76	4629.04	4623.42	4626.03	3074	0	19
2026.01.14	08:10:00	4626.05	4635.11	4625.06	4633.49	2999	0	19
2026.01.14	08:15:00	4633.51	4634.37	4631.86	4632.97	2711	0	19
2026.01.14	08:20:00	4633.02	4634.88	4630.92	4634.66	2513	0	19
2026.01.14	08:25:00	4634.65	4635.24	4632.46	4632.92	2444	0	19
2026.01.14	08:30:00	4632.93	4633.28	4626.31	4626.42	2976	0	19
2026.01.14	08:35:00	4626.42	4630.99	4626.11	4629.24	2743	0	19
2026.01.14	08:40:00	4629.20	4632.08	4628.51	4630.69	2439	0	19
2026.01.14	08:45:00	4630.70	4634.75	4630.66	4631.88	2289	0	19
2026.01.14	08:50:00	4631.92	4633.67	4630.62	4633.64	2157	0	19
2026.01.14	08:55:00	4633.61	4637.22	4633.18	4637.22	2369	0	19
2026.01.14	09:00:00	4637.22	4638.44	4632.53	4634.46	2397	0	19
2026.01.14	09:05:00	4634.48	4634.93	4631.99	4632.06	1582	0	19
2026.01.14	09:10:00	4632.07	4634.29	4631.53	4632.85	1431	0	19
2026.01.14	09:15:00	4632.85	4635.68	4632.09	4634.84	1765	0	19
2026.01.14	09:20:00	4634.84	4638.75	4633.34	4637.96	2054	0	19
2026.01.14	09:25:00	4637.97	4639.57	4636.72	4637.15	1942	0	19
2026.01.14	09:30:00	4637.15	4637.15	4634.00	4636.21	1969	0	19
2026.01.14	09:35:00	4636.23	4638.21	4636.11	4636.64	1043	0	19
2026.01.14	09:40:00	4636.64	4638.38	4635.19	4636.67	1365	0	19
2026.01.14	09:45:00	4636.68	4637.65	4634.45	4636.23	1551	0	19
2026.01.14	09:50:00	4636.24	4636.96	4633.43	4634.02	1263	0	19
2026.01.14	09:55:00	4634.07	4634.07	4632.47	4632.52	1895	0	19
2026.01.14	10:00:00	4632.53	4634.16	4630.67	4631.16	2271	0	19
2026.01.14	10:05:00	4631.19	4631.61	4624.37	4624.38	2616	0	19
2026.01.14	10:10:00	4624.37	4627.64	4623.52	4627.33	2077	0	19
2026.01.14	10:15:00	4627.33	4627.68	4624.28	4625.00	1887	0	19
2026.01.14	10:20:00	4624.99	4628.72	4622.88	4627.75	2379	0	19
2026.01.14	10:25:00	4627.75	4627.97	4621.94	4625.03	2725	0	19
2026.01.14	10:30:00	4625.00	4629.64	4624.46	4629.64	1987	0	19
2026.01.14	10:35:00	4629.65	4630.96	4628.55	4630.94	2157	0	19
2026.01.14	10:40:00	4630.94	4632.65	4629.98	4632.38	2041	0	19
2026.01.14	10:45:00	4632.37	4637.89	4631.58	4635.26	2347	0	19
2026.01.14	10:50:00	4635.27	4636.48	4633.60	4634.78	1718	0	19
2026.01.14	10:55:00	4634.78	4635.21	4632.78	4634.89	1996	0	19
2026.01.14	11:00:00	4634.89	4634.92	4633.28	4634.47	1752	0	19
2026.01.14	11:05:00	4634.48	4638.67	4634.43	4638.01	1956	0	19
2026.01.14	11:10:00	4638.01	4639.20	4635.44	4638.42	1987	0	19
2026.01.14	11:15:00	4638.42	4639.54	4637.72	4639.03	2119	0	19
2026.01.14	11:20:00	4639.05	4639.35	4636.40	4637.29	1660	0	19
2026.01.14	11:25:00	4637.29	4637.97	4636.51	4637.45	1518	0	19
2026.01.14	11:30:00	4637.48	4637.71	4633.76	4633.82	1407	0	19
2026.01.14	11:35:00	4633.82	4633.87	4630.03	4630.27	1881	0	19
2026.01.14	11:40:00	4630.27	4630.58	4627.30	4627.68	1891	0	19
2026.01.14	11:45:00	4627.66	4630.00	4627.10	4629.59	2062	0	19
2026.01.14	11:50:00	4629.71	4631.80	4628.42	4629.54	1769	0	19
2026.01.14	11:55:00	4629.54	4630.95	4627.86	4630.43	1990	0	19
2026.01.14	12:00:00	4630.40	4631.08	4627.83	4630.88	1709	0	19
2026.01.14	12:05:00	4630.87	4632.40	4629.16	4629.88	1325	0	19
2026.01.14	12:10:00	4629.88	4632.00	4628.17	4631.64	1452	0	19
2026.01.14	12:15:00	4631.65	4634.89	4631.64	4634.73	1471	0	19
2026.01.14	12:20:00	4634.73	4635.99	4632.16	4632.69	1749	0	19
2026.01.14	12:25:00	4632.69	4636.94	4632.69	4634.96	1620	0	19
2026.01.14	12:30:00	4634.95	4635.54	4632.31	4635.11	1848	0	19
2026.01.14	12:35:00	4635.12	4636.66	4633.50	4636.45	1467	0	19
2026.01.14	12:40:00	4636.47	4638.19	4635.74	4635.75	1807	0	19
2026.01.14	12:45:00	4635.75	4636.53	4633.22	4633.70	1795	0	19
2026.01.14	12:50:00	4633.69	4635.84	4633.00	4633.25	1931	0	19
2026.01.14	12:55:00	4633.26	4633.36	4631.21	4633.05	1785	0	19
2026.01.14	13:00:00	4633.06	4635.46	4630.29	4635.33	1875	0	19
2026.01.14	13:05:00	4635.30	4636.52	4633.75	4635.08	1682	0	19
2026.01.14	13:10:00	4635.06	4636.30	4634.44	4635.44	1493	0	19
2026.01.14	13:15:00	4635.43	4637.40	4634.68	4634.83	1646	0	19
2026.01.14	13:20:00	4634.83	4635.78	4633.25	4635.18	1634	0	19
2026.01.14	13:25:00	4635.19	4636.48	4629.29	4630.22	2129	0	19
2026.01.14	13:30:00	4630.21	4632.77	4627.44	4627.80	2070	0	19
2026.01.14	13:35:00	4627.80	4630.83	4627.74	4629.99	1424	0	19
2026.01.14	13:40:00	4629.98	4631.55	4629.88	4630.77	1487	0	19
2026.01.14	13:45:00	4630.76	4631.55	4628.39	4629.50	1295	0	19
2026.01.14	13:50:00	4629.49	4630.88	4626.03	4629.13	1918	0	19
2026.01.14	13:55:00	4629.13	4631.51	4627.53	4630.29	1716	0	19
2026.01.14	14:00:00	4630.29	4637.55	4630.23	4634.73	2880	0	19
2026.01.14	14:05:00	4634.73	4638.08	4634.73	4636.99	2348	0	19
2026.01.14	14:10:00	4637.00	4638.46	4635.11	4635.70	2123	0	19
2026.01.14	14:15:00	4635.73	4636.68	4633.95	4636.00	1783	0	19
2026.01.14	14:20:00	4636.00	4638.67	4634.35	4638.59	1640	0	19
2026.01.14	14:25:00	4638.62	4638.91	4635.55	4636.10	1591	0	19
2026.01.14	14:30:00	4636.09	4638.18	4635.54	4635.87	1925	0	19
2026.01.14	14:35:00	4635.86	4636.93	4634.50	4635.31	2196	0	19
2026.01.14	14:40:00	4635.31	4636.47	4634.04	4634.62	1896	0	19
2026.01.14	14:45:00	4634.62	4636.05	4633.75	4635.94	1866	0	19
2026.01.14	14:50:00	4635.94	4636.67	4634.81	4636.28	1699	0	19
2026.01.14	14:55:00	4636.30	4641.78	4634.68	4638.69	2405	0	20
2026.01.14	15:00:00	4638.79	4641.57	4632.55	4635.28	3639	0	20
2026.01.14	15:05:00	4635.28	4635.33	4629.71	4629.78	3304	0	20
2026.01.14	15:10:00	4629.77	4632.96	4627.29	4628.53	3226	0	20
2026.01.14	15:15:00	4628.53	4631.82	4627.71	4628.56	3362	0	20
2026.01.14	15:20:00	4628.58	4635.22	4627.57	4634.99	2764	0	20
2026.01.14	15:25:00	4634.87	4634.90	4627.90	4631.83	2747	0	20
2026.01.14	15:30:00	4631.85	4633.63	4624.29	4630.18	3491	0	20
2026.01.14	15:35:00	4630.16	4633.05	4625.21	4633.03	3416	0	20
2026.01.14	15:40:00	4633.04	4637.23	4631.05	4636.75	2987	0	20
2026.01.14	15:45:00	4636.75	4636.94	4633.97	4634.00	2626	0	20
2026.01.14	15:50:00	4634.04	4635.90	4629.39	4635.50	2716	0	20
2026.01.14	15:55:00	4635.50	4636.51	4634.04	4635.70	2642	0	20
2026.01.14	16:00:00	4635.71	4638.82	4633.14	4636.12	2900	0	20
2026.01.14	16:05:00	4636.13	4637.42	4629.70	4633.09	2765	0	20
2026.01.14	16:10:00	4633.10	4635.05	4630.48	4634.23	2581	0	20
2026.01.14	16:15:00	4634.22	4635.38	4631.16	4635.06	2968	0	20
2026.01.14	16:20:00	4635.07	4637.99	4635.01	4636.19	2657	0	20
2026.01.14	16:25:00	4636.07	4636.16	4632.90	4635.33	2739	0	20
2026.01.14	16:30:00	4635.34	4635.34	4626.08	4629.65	4036	0	20
2026.01.14	16:35:00	4629.66	4630.02	4617.27	4618.59	4106	0	20
2026.01.14	16:40:00	4618.58	4623.93	4614.05	4618.97	4180	0	20
2026.01.14	16:45:00	4618.85	4620.62	4607.42	4607.76	4244	0	20
2026.01.14	16:50:00	4607.68	4617.52	4606.66	4615.55	4130	0	20
2026.01.14	16:55:00	4615.55	4619.08	4613.62	4617.63	3717	0	20
2026.01.14	17:00:00	4617.63	4617.63	4602.85	4605.58	4164	0	20
2026.01.14	17:05:00	4605.61	4611.03	4599.43	4605.07	4100	0	20
2026.01.14	17:10:00	4605.07	4616.57	4603.72	4615.56	4260	0	20
2026.01.14	17:15:00	4615.56	4623.01	4614.32	4621.84	3639	0	20
2026.01.14	17:20:00	4621.84	4626.53	4619.33	4623.50	3581	0	20
2026.01.14	17:25:00	4623.49	4624.86	4614.49	4615.51	3569	0	20
2026.01.14	17:30:00	4615.54	4619.20	4609.88	4610.26	3630	0	20
2026.01.14	17:35:00	4610.28	4620.23	4610.10	4620.18	3635	0	20
2026.01.14	17:40:00	4620.17	4621.83	4611.56	4613.06	3336	0	20
2026.01.14	17:45:00	4613.11	4617.41	4611.91	4613.19	3139	0	20
2026.01.14	17:50:00	4613.19	4615.13	4610.54	4614.87	3223	0	20
2026.01.14	17:55:00	4614.89	4619.33	4614.89	4617.91	3022	0	20
2026.01.14	18:00:00	4617.89	4620.92	4615.52	4618.47	2992	0	20
2026.01.14	18:05:00	4618.47	4621.56	4615.73	4616.11	2807	0	20
2026.01.14	18:10:00	4616.10	4619.69	4615.03	4617.87	2837	0	20
2026.01.14	18:15:00	4617.90	4621.20	4616.49	4620.87	3015	0	20
2026.01.14	18:20:00	4620.87	4623.39	4619.65	4622.55	2777	0	20
2026.01.14	18:25:00	4622.55	4624.79	4619.23	4621.74	2997	0	20
2026.01.14	18:30:00	4621.73	4623.14	4617.78	4618.97	2948	0	20
2026.01.14	18:35:00	4618.97	4621.02	4614.99	4617.36	3064	0	20
2026.01.14	18:40:00	4617.37	4618.40	4613.86	4615.58	3113	0	20
2026.01.14	18:45:00	4615.57	4616.59	4611.03	4611.03	3356	0	20
2026.01.14	18:50:00	4611.04	4616.13	4610.07	4612.75	3075	0	20
2026.01.14	18:55:00	4612.76	4617.43	4608.60	4617.06	3122	0	20
2026.01.14	19:00:00	4617.06	4619.11	4615.55	4616.18	2945	0	20
2026.01.14	19:05:00	4616.18	4616.56	4609.91	4614.69	2854	0	20
2026.01.14	19:10:00	4614.69	4617.33	4612.05	4615.66	2526	0	20
2026.01.14	19:15:00	4615.65	4615.77	4611.11	4613.33	2941	0	20
2026.01.14	19:20:00	4613.33	4614.31	4607.13	4607.52	2994	0	20
2026.01.14	19:25:00	4607.48	4612.05	4605.62	4611.31	2830	0	20
2026.01.14	19:30:00	4611.34	4612.02	4605.70	4608.50	3092	0	20
2026.01.14	19:35:00	4608.51	4611.68	4607.16	4608.53	3066	0	20
2026.01.14	19:40:00	4608.54	4608.54	4601.17	4604.41	3596	0	20
2026.01.14	19:45:00	4604.29	4611.25	4604.01	4611.25	3012	0	20
2026.01.14	19:50:00	4611.24	4613.65	4608.80	4612.45	3385	0	20
2026.01.14	19:55:00	4612.43	4616.59	4612.10	4614.29	3001	0	20
2026.01.14	20:00:00	4614.28	4621.06	4612.80	4621.06	2858	0	20
2026.01.14	20:05:00	4621.06	4622.57	4620.46	4620.89	2677	0	20
2026.01.14	20:10:00	4620.94	4623.65	4620.34	4623.64	2668	0	20
2026.01.14	20:15:00	4623.63	4629.42	4622.52	4627.10	2814	0	20
2026.01.14	20:20:00	4627.10	4628.04	4624.75	4626.78	3021	0	20
2026.01.14	20:25:00	4626.77	4630.16	4625.67	4628.26	2810	0	20
2026.01.14	20:30:00	4628.30	4632.50	4628.15	4629.80	2547	0	20
2026.01.14	20:35:00	4629.79	4630.18	4628.07	4628.83	2192	0	20
2026.01.14	20:40:00	4628.87	4633.50	4628.83	4631.45	2266	0	20
2026.01.14	20:45:00	4631.44	4634.03	4630.04	4632.04	2251	0	20
2026.01.14	20:50:00	4632.05	4636.60	4632.05	4634.85	2554	0	20
2026.01.14	20:55:00	4634.85	4637.18	4633.86	4635.06	2303	0	20
2026.01.14	21:00:00	4635.08	4642.95	4635.07	4637.39	3161	0	20
2026.01.14	21:05:00	4637.39	4638.56	4634.08	4634.91	2962	0	20
2026.01.14	21:10:00	4634.90	4637.19	4633.40	4637.00	2613	0	20
2026.01.14	21:15:00	4637.01	4638.53	4634.25	4638.49	2468	0	20
2026.01.14	21:20:00	4638.49	4639.44	4636.10	4639.25	2371	0	20
2026.01.14	21:25:00	4639.23	4640.00	4634.67	4634.97	2889	0	20
2026.01.14	21:30:00	4634.98	4638.00	4634.62	4636.93	2646	0	20
2026.01.14	21:35:00	4636.95	4640.52	4634.62	4639.17	2688	0	20
2026.01.14	21:40:00	4639.19	4640.37	4638.98	4639.93	2112	0	20
2026.01.14	21:45:00	4639.95	4640.85	4638.51	4639.41	2076	0	20
2026.01.14	21:50:00	4639.41	4641.44	4638.45	4638.93	2148	0	20
2026.01.14	21:55:00	4638.93	4639.96	4635.84	4639.27	2362	0	20
2026.01.14	22:00:00	4639.27	4641.10	4627.11	4631.90	3451	0	20
2026.01.14	22:05:00	4631.85	4638.43	4626.17	4637.07	3419	0	20
2026.01.14	22:10:00	4637.11	4641.57	4634.78	4636.31	3102	0	20
2026.01.14	22:15:00	4636.32	4637.89	4630.91	4636.83	2976	0	20
2026.01.14	22:20:00	4636.83	4637.14	4631.34	4635.64	2714	0	20
2026.01.14	22:25:00	4635.63	4635.63	4632.33	4634.26	2520	0	20
2026.01.14	22:30:00	4634.25	4635.44	4630.27	4630.37	2538	0	20
2026.01.14	22:35:00	4630.35	4634.27	4626.32	4633.75	2901	0	20
2026.01.14	22:40:00	4633.74	4634.26	4625.77	4626.09	2678	0	20
2026.01.14	22:45:00	4625.71	4631.04	4625.71	4630.51	2542	0	20
2026.01.14	22:50:00	4630.50	4632.93	4628.92	4632.36	2802	0	20
2026.01.14	22:55:00	4632.37	4633.11	4631.15	4632.55	2814	0	20
2026.01.14	23:00:00	4632.54	4633.02	4629.28	4631.26	1440	0	20
2026.01.14	23:05:00	4631.27	4631.57	4628.70	4629.73	1218	0	20
2026.01.14	23:10:00	4629.73	4630.57	4624.47	4624.49	1434	0	20
2026.01.14	23:15:00	4624.47	4626.53	4622.58	4625.74	2365	0	20
2026.01.14	23:20:00	4625.75	4626.94	4624.10	4624.10	1544	0	20
2026.01.14	23:25:00	4624.11	4624.15	4620.99	4622.31	1467	0	20
2026.01.14	23:30:00	4622.33	4623.31	4620.21	4621.00	1042	0	20
2026.01.14	23:35:00	4621.00	4621.22	4619.67	4620.72	1167	0	20
2026.01.14	23:40:00	4620.71	4621.19	4617.83	4621.11	1601	0	20
2026.01.14	23:45:00	4621.11	4622.85	4619.89	4620.78	832	0	20
2026.01.14	23:50:00	4620.78	4627.56	4620.72	4626.97	1498	0	20
2026.01.14	23:55:00	4626.98	4628.96	4624.38	4625.99	1265	0	20
2026.01.15	01:00:00	4630.56	4632.52	4620.32	4622.81	1939	0	20
2026.01.15	01:05:00	4622.85	4623.72	4612.67	4612.67	1990	0	20
2026.01.15	01:10:00	4612.62	4617.94	4612.31	4616.76	2530	0	20
2026.01.15	01:15:00	4616.63	4618.62	4610.81	4612.05	2286	0	20
2026.01.15	01:20:00	4612.04	4612.28	4607.58	4608.42	1950	0	20
2026.01.15	01:25:00	4608.46	4609.54	4605.59	4609.11	2211	0	20
2026.01.15	01:30:00	4609.11	4612.15	4608.03	4609.55	2013	0	20
2026.01.15	01:35:00	4609.35	4612.96	4606.51	4607.12	2033	0	20
2026.01.15	01:40:00	4607.17	4607.25	4602.69	4606.44	1952	0	20
2026.01.15	01:45:00	4606.44	4614.42	4606.44	4613.75	2412	0	20
2026.01.15	01:50:00	4613.75	4613.75	4610.01	4610.42	1755	0	20
2026.01.15	01:55:00	4610.43	4616.13	4610.34	4615.29	1762	0	20
2026.01.15	02:00:00	4615.28	4617.12	4611.62	4616.27	2193	0	20
2026.01.15	02:05:00	4616.27	4617.57	4614.21	4617.21	1580	0	20
2026.01.15	02:10:00	4617.20	4617.86	4614.91	4616.62	1510	0	20
2026.01.15	02:15:00	4616.62	4618.22	4614.57	4616.95	1538	0	20
2026.01.15	02:20:00	4616.97	4617.81	4614.13	4617.61	1303	0	20
2026.01.15	02:25:00	4617.61	4617.71	4615.57	4616.71	1542	0	20
2026.01.15	02:30:00	4616.71	4618.03	4615.64	4616.57	1410	0	20
2026.01.15	02:35:00	4616.57	4617.76	4615.41	4616.02	1420	0	20
2026.01.15	02:40:00	4616.04	4616.13	4613.31	4613.87	1900	0	20
2026.01.15	02:45:00	4613.88	4615.23	4610.37	4610.54	2165	0	20
2026.01.15	02:50:00	4610.53	4614.39	4610.15	4613.56	2385	0	20
2026.01.15	02:55:00	4613.56	4617.50	4613.56	4615.19	1926	0	20
2026.01.15	03:00:00	4615.20	4616.22	4606.98	4609.70	3642	0	20
2026.01.15	03:05:00	4609.91	4617.59	4606.73	4616.55	3164	0	20
2026.01.15	03:10:00	4616.55	4616.97	4607.85	4609.12	3097	0	20
2026.01.15	03:15:00	4609.13	4610.12	4602.77	4603.60	3249	0	20
2026.01.15	03:20:00	4603.57	4605.72	4597.69	4597.93	3268	0	20
2026.01.15	03:25:00	4597.93	4603.44	4597.05	4600.59	3627	0	20
2026.01.15	03:30:00	4600.58	4600.82	4583.70	4591.73	4212	0	20
2026.01.15	03:35:00	4591.70	4599.03	4590.47	4596.55	3880	0	20
2026.01.15	03:40:00	4596.54	4603.12	4594.81	4602.59	3569	0	20
2026.01.15	03:45:00	4602.60	4604.72	4597.27	4601.43	3467	0	20
2026.01.15	03:50:00	4601.45	4607.01	4600.43	4606.38	3198	0	20
2026.01.15	03:55:00	4606.40	4607.01	4599.93	4600.07	3114	0	20
2026.01.15	04:00:00	4600.11	4604.69	4597.60	4604.25	3080	0	20
2026.01.15	04:05:00	4604.25	4611.02	4604.21	4610.37	2955	0	20
2026.01.15	04:10:00	4610.35	4614.57	4609.65	4613.99	2864	0	20
2026.01.15	04:15:00	4613.99	4614.24	4611.66	4613.99	2499	0	20
2026.01.15	04:20:00	4613.99	4614.64	4607.39	4608.85	2775	0	20
2026.01.15	04:25:00	4608.86	4611.91	4608.30	4611.05	2265	0	20
2026.01.15	04:30:00	4611.06	4614.73	4609.11	4610.07	3111	0	20
2026.01.15	04:35:00	4610.08	4611.15	4604.32	4605.87	3103	0	20
2026.01.15	04:40:00	4605.83	4608.77	4605.19	4607.44	2731	0	20
2026.01.15	04:45:00	4607.44	4607.57	4599.99	4604.01	3087	0	20
2026.01.15	04:50:00	4604.01	4604.02	4595.51	4598.69	3047	0	20
2026.01.15	04:55:00	4598.69	4605.16	4597.55	4602.95	2655	0	20
2026.01.15	05:00:00	4602.95	4604.27	4597.66	4598.22	3134	0	20
2026.01.15	05:05:00	4598.25	4602.27	4595.73	4596.83	3180	0	20
2026.01.15	05:10:00	4596.75	4598.65	4589.69	4591.40	3084	0	20
2026.01.15	05:15:00	4591.43	4594.78	4589.80	4591.22	3241	0	20
2026.01.15	05:20:00	4591.22	4591.27	4582.72	4587.30	3216	0	20
2026.01.15	05:25:00	4587.12	4587.95	4581.22	4585.19	3486	0	20
2026.01.15	05:30:00	4585.18	4590.44	4581.17	4590.43	3216	0	20
2026.01.15	05:35:00	4590.45	4597.24	4588.49	4595.80	2721	0	20
2026.01.15	05:40:00	4595.76	4597.51	4594.09	4596.62	2401	0	20
2026.01.15	05:45:00	4596.62	4596.67	4589.36	4593.86	2632	0	20
2026.01.15	05:50:00	4593.84	4595.12	4591.89	4592.59	2097	0	20
2026.01.15	05:55:00	4592.58	4593.14	4591.30	4592.30	2509	0	20
2026.01.15	06:00:00	4592.27	4594.40	4587.71	4589.35	2601	0	20
2026.01.15	06:05:00	4589.36	4591.17	4587.04	4587.51	2035	0	20
2026.01.15	06:10:00	4587.51	4594.62	4587.51	4593.92	1966	0	20
2026.01.15	06:15:00	4593.92	4594.91	4592.35	4593.02	2075	0	20
2026.01.15	06:20:00	4593.03	4597.32	4590.83	4595.96	1977	0	20
2026.01.15	06:25:00	4595.96	4597.46	4593.18	4593.96	2459	0	20
2026.01.15	06:30:00	4593.95	4595.30	4593.29	4594.63	2006	0	20
2026.01.15	06:35:00	4594.64	4595.86	4593.55	4594.79	1263	0	20
2026.01.15	06:40:00	4594.80	4595.69	4589.31	4590.89	1898	0	20
2026.01.15	06:45:00	4590.85	4593.34	4589.90	4592.68	2184	0	20
2026.01.15	06:50:00	4592.65	4595.63	4592.37	4594.83	1808	0	20
2026.01.15	06:55:00	4594.83	4595.45	4591.63	4592.17	1788	0	20
2026.01.15	07:00:00	4592.27	4592.31	4589.25	4589.72	1901	0	20
2026.01.15	07:05:00	4589.72	4591.44	4588.73	4589.73	1617	0	20
2026.01.15	07:10:00	4589.73	4592.41	4587.45	4587.58	1837	0	20
2026.01.15	07:15:00	4587.58	4587.73	4581.12	4587.05	2404	0	20
2026.01.15	07:20:00	4587.08	4588.27	4585.26	4586.46	1835	0	20
2026.01.15	07:25:00	4586.47	4592.98	4585.93	4592.98	1717	0	20
2026.01.15	07:30:00	4593.00	4593.84	4582.95	4585.48	3167	0	20
2026.01.15	07:35:00	4585.48	4587.11	4581.55	4583.61	3146	0	20
2026.01.15	07:40:00	4583.61	4589.94	4581.47	4589.67	2813	0	20
2026.01.15	07:45:00	4589.66	4591.96	4587.53	4591.87	2864	0	20
2026.01.15	07:50:00	4591.88	4598.53	4591.69	4596.74	2849	0	20
2026.01.15	07:55:00	4596.74	4598.92	4593.52	4595.22	2655	0	20
2026.01.15	08:00:00	4595.27	4600.81	4593.69	4599.28	2779	0	20
2026.01.15	08:05:00	4599.23	4604.76	4598.85	4604.58	2811	0	20
2026.01.15	08:10:00	4604.58	4608.52	4602.77	4605.33	2718	0	20
2026.01.15	08:15:00	4605.35	4609.30	4604.95	4608.91	2828	0	20
2026.01.15	08:20:00	4608.92	4609.96	4605.62	4608.11	2880	0	20
2026.01.15	08:25:00	4608.10	4608.40	4603.86	4604.12	2383	0	20
2026.01.15	08:30:00	4604.15	4604.60	4600.43	4602.23	2708	0	20
2026.01.15	08:35:00	4602.21	4607.57	4601.21	4605.52	2506	0	20
2026.01.15	08:40:00	4605.53	4608.00	4604.72	4605.65	2666	0	20
2026.01.15	08:45:00	4605.65	4609.22	4603.66	4609.01	2643	0	20
2026.01.15	08:50:00	4609.03	4610.56	4606.58	4610.07	2059	0	20
2026.01.15	08:55:00	4610.07	4611.99	4608.57	4610.22	2328	0	20
2026.01.15	09:00:00	4610.20	4611.03	4607.34	4608.86	2111	0	20
2026.01.15	09:05:00	4608.88	4609.49	4605.87	4608.86	1748	0	20
2026.01.15	09:10:00	4608.88	4609.65	4607.45	4609.51	1759	0	20
2026.01.15	09:15:00	4609.51	4613.54	4608.60	4612.58	2005	0	20
2026.01.15	09:20:00	4612.55	4612.55	4608.66	4609.78	1699	0	20
2026.01.15	09:25:00	4609.78	4610.94	4608.76	4610.20	1548	0	20
2026.01.15	09:30:00	4610.20	4611.22	4608.53	4609.04	1561	0	20
2026.01.15	09:35:00	4609.03	4609.27	4603.47	4603.50	1692	0	20
2026.01.15	09:40:00	4603.53	4605.48	4601.61	4604.07	1893	0	20
2026.01.15	09:45:00	4604.07	4604.40	4601.26	4603.09	1712	0	20
2026.01.15	09:50:00	4603.09	4603.09	4600.56	4601.99	1755	0	20
2026.01.15	09:55:00	4601.99	4602.79	4599.26	4601.78	2399	0	20
2026.01.15	10:00:00	4601.77	4604.45	4597.85	4599.98	2642	0	20
2026.01.15	10:05:00	4599.95	4603.91	4598.25	4601.79	2252	0	20
2026.01.15	10:10:00	4601.78	4604.59	4600.33	4603.89	2197	0	20
2026.01.15	10:15:00	4603.88	4605.88	4603.73	4605.88	1973	0	20
2026.01.15	10:20:00	4605.88	4606.28	4601.83	4603.28	1951	0	20
2026.01.15	10:25:00	4603.26	4603.71	4600.33	4602.05	1853	0	20
2026.01.15	10:30:00	4602.05	4603.82	4599.22	4603.03	1984	0	20
2026.01.15	10:35:00	4603.04	4605.18	4601.66	4605.09	1952	0	20
2026.01.15	10:40:00	4605.08	4607.07	4604.13	4606.32	1800	0	20
2026.01.15	10:45:00	4606.32	4606.66	4602.08	4603.17	1770	0	20
2026.01.15	10:50:00	4603.20	4604.20	4602.72	4603.26	1601	0	20
2026.01.15	10:55:00	4603.27	4605.29	4601.19	4604.23	1731	0	20
2026.01.15	11:00:00	4604.23	4604.78	4601.21	4603.58	1492	0	20
2026.01.15	11:05:00	4603.58	4603.69	4600.62	4601.65	1523	0	20
2026.01.15	11:10:00	4601.65	4604.38	4601.61	4603.96	1711	0	20
2026.01.15	11:15:00	4603.96	4604.42	4601.90	4602.65	1818	0	20
2026.01.15	11:20:00	4602.66	4603.81	4602.10	4602.60	1540	0	20
2026.01.15	11:25:00	4602.59	4605.40	4602.56	4604.61	1812	0	20
2026.01.15	11:30:00	4604.61	4606.13	4602.82	4605.61	1906	0	20
2026.01.15	11:35:00	4605.61	4610.40	4605.08	4609.08	2072	0	20
2026.01.15	11:40:00	4609.08	4611.24	4607.80	4609.50	2155	0	20
2026.01.15	11:45:00	4609.50	4612.39	4607.97	4612.06	2121	0	20
2026.01.15	11:50:00	4611.96	4612.61	4610.29	4611.63	1892	0	20
2026.01.15	11:55:00	4611.63	4613.09	4610.97	4612.61	1752	0	20
2026.01.15	12:00:00	4612.60	4612.80	4609.37	4609.79	1493	0	20
2026.01.15	12:05:00	4609.77	4613.49	4609.36	4611.45	1982	0	20
2026.01.15	12:10:00	4611.45	4614.08	4611.42	4612.46	1902	0	20
2026.01.15	12:15:00	4612.46	4614.59	4611.94	4612.86	1589	0	20
2026.01.15	12:20:00	4612.87	4615.63	4612.39	4615.00	1593	0	20
2026.01.15	12:25:00	4614.95	4615.24	4611.32	4612.14	1698	0	20
2026.01.15	12:30:00	4612.14	4613.76	4610.62	4613.37	1742	0	20
2026.01.15	12:35:00	4613.37	4618.20	4613.32	4617.95	1951	0	20
2026.01.15	12:40:00	4617.95	4619.30	4616.53	4617.99	1613	0	20
2026.01.15	12:45:00	4617.98	4619.75	4617.04	4619.06	2032	0	20
2026.01.15	12:50:00	4619.06	4619.72	4617.33	4619.49	1344	0	20
2026.01.15	12:55:00	4619.49	4620.33	4618.06	4619.86	1643	0	20
2026.01.15	13:00:00	4619.88	4621.42	4619.24	4619.98	1617	0	20
2026.01.15	13:05:00	4620.01	4621.52	4618.68	4618.78	1517	0	20
2026.01.15	13:10:00	4618.77	4620.21	4618.60	4618.98	1391	0	20
2026.01.15	13:15:00	4618.98	4619.09	4617.29	4617.51	1447	0	20
2026.01.15	13:20:00	4617.51	4620.51	4617.46	4619.03	1401	0	20
2026.01.15	13:25:00	4619.03	4619.95	4617.86	4619.14	1256	0	20
2026.01.15	13:30:00	4619.14	4621.59	4617.72	4621.45	1480	0	20
2026.01.15	13:35:00	4621.50	4622.90	4621.10	4621.74	1650	0	20
2026.01.15	13:40:00	4621.73	4621.76	4617.87	4617.91	1488	0	20
2026.01.15	13:45:00	4617.91	4617.93	4615.50	4616.73	1892	0	20
2026.01.15	13:50:00	4616.72	4620.35	4616.63	4617.11	1863	0	20
2026.01.15	13:55:00	4617.13	4619.72	4616.32	4619.19	1715	0	20
2026.01.15	14:00:00	4619.17	4620.74	4618.24	4618.25	1567	0	20
2026.01.15	14:05:00	4618.25	4619.39	4616.27	4617.24	1494	0	20
2026.01.15	14:10:00	4617.25	4617.36	4614.59	4614.89	1855	0	20
2026.01.15	14:15:00	4614.90	4615.89	4613.99	4614.44	1758	0	20
2026.01.15	14:20:00	4614.45	4616.43	4614.31	4615.96	1992	0	20
2026.01.15	14:25:00	4615.95	4618.68	4615.71	4616.48	1770	0	20
2026.01.15	14:30:00	4616.50	4617.05	4615.40	4615.67	1689	0	20
2026.01.15	14:35:00	4615.66	4617.41	4615.51	4617.24	1559	0	20
2026.01.15	14:40:00	4617.24	4618.52	4616.36	4617.16	1607	0	20
2026.01.15	14:45:00	4617.16	4617.51	4613.37	4614.31	1963	0	20
2026.01.15	14:50:00	4614.31	4615.65	4612.42	4612.69	1935	0	20
2026.01.15	14:55:00	4612.68	4614.88	4611.67	4613.94	2124	0	20
2026.01.15	15:00:00	4613.96	4616.13	4610.18	4610.87	3533	0	20
2026.01.15	15:05:00	4610.87	4614.93	4609.69	4612.58	3303	0	20
2026.01.15	15:10:00	4612.59	4614.25	4610.82	4611.49	3266	0	20
2026.01.15	15:15:00	4611.53	4613.93	4604.78	4605.23	3493	0	20
2026.01.15	15:20:00	4605.25	4609.46	4604.46	4607.40	3229	0	20
2026.01.15	15:25:00	4607.38	4609.72	4602.62	4605.51	2959	0	20
2026.01.15	15:30:00	4605.52	4605.56	4593.86	4595.03	3720	0	20
2026.01.15	15:35:00	4595.04	4596.96	4590.82	4593.93	3761	0	20
2026.01.15	15:40:00	4593.94	4595.60	4588.23	4589.95	3623	0	20
2026.01.15	15:45:00	4589.96	4590.82	4582.11	4588.03	3466	0	20
2026.01.15	15:50:00	4588.03	4594.26	4587.62	4590.80	3155	0	20
2026.01.15	15:55:00	4590.84	4591.91	4584.10	4588.28	3357	0	20
2026.01.15	16:00:00	4588.23	4594.71	4583.44	4591.83	3682	0	20
2026.01.15	16:05:00	4591.83	4596.70	4588.58	4595.91	3080	0	20
2026.01.15	16:10:00	4595.92	4599.87	4595.88	4599.87	3025	0	20
2026.01.15	16:15:00	4599.90	4600.79	4596.46	4599.88	2848	0	20
2026.01.15	16:20:00	4599.91	4605.65	4598.33	4603.46	2971	0	20
2026.01.15	16:25:00	4603.40	4606.72	4602.45	4602.65	2913	0	20
2026.01.15	16:30:00	4602.72	4611.87	4601.64	4608.15	3868	0	20
2026.01.15	16:35:00	4608.15	4611.38	4605.31	4608.68	3799	0	20
2026.01.15	16:40:00	4608.67	4610.62	4602.24	4602.75	3833	0	20
2026.01.15	16:45:00	4602.81	4610.05	4600.32	4609.21	3790	0	20
2026.01.15	16:50:00	4609.21	4613.89	4607.30	4612.99	3811	0	20
2026.01.15	16:55:00	4613.01	4615.08	4608.79	4611.11	3330	0	20
2026.01.15	17:00:00	4611.12	4615.15	4608.20	4608.96	3583	0	20
2026.01.15	17:05:00	4608.96	4612.11	4603.84	4608.70	3342	0	20
2026.01.15	17:10:00	4608.67	4614.21	4607.08	4613.25	3289	0	20
2026.01.15	17:15:00	4613.20	4618.02	4612.34	4615.44	3136	0	20
2026.01.15	17:20:00	4615.44	4617.62	4613.83	4615.95	3191	0	20
2026.01.15	17:25:00	4615.95	4616.84	4613.03	4616.52	3071	0	20
2026.01.15	17:30:00	4616.50	4617.54	4612.51	4614.37	3053	0	20
2026.01.15	17:35:00	4614.25	4617.37	4612.37	4613.50	2900	0	20
2026.01.15	17:40:00	4613.53	4614.08	4609.37	4611.62	2893	0	20
2026.01.15	17:45:00	4611.62	4616.92	4609.92	4615.23	2932	0	20
2026.01.15	17:50:00	4615.23	4617.00	4611.46	4615.78	2635	0	20
2026.01.15	17:55:00	4615.75	4616.38	4613.81	4615.44	2662	0	20
2026.01.15	18:00:00	4615.43	4616.18	4609.68	4610.20	2897	0	20
2026.01.15	18:05:00	4610.24	4616.31	4608.68	4615.29	2908	0	20
2026.01.15	18:10:00	4615.35	4623.14	4615.33	4622.05	3111	0	20
2026.01.15	18:15:00	4622.05	4624.74	4620.52	4621.01	3159	0	20
2026.01.15	18:20:00	4620.97	4621.88	4615.87	4616.73	3343	0	20
2026.01.15	18:25:00	4616.74	4616.86	4611.48	4611.61	3023	0	20
2026.01.15	18:30:00	4611.60	4613.38	4609.21	4609.65	3072	0	20
2026.01.15	18:35:00	4609.65	4612.10	4606.46	4606.46	2814	0	20
2026.01.15	18:40:00	4606.46	4607.79	4604.51	4607.34	3021	0	20
2026.01.15	18:45:00	4607.33	4607.33	4603.31	4603.43	2918	0	20
2026.01.15	18:50:00	4603.44	4606.17	4601.29	4602.25	2725	0	20
2026.01.15	18:55:00	4602.28	4607.14	4601.84	4605.61	2560	0	20
2026.01.15	19:00:00	4605.64	4609.54	4605.60	4608.55	2606	0	20
2026.01.15	19:05:00	4608.54	4611.13	4608.19	4609.30	2130	0	20
2026.01.15	19:10:00	4609.31	4611.13	4609.31	4609.73	1810	0	20
2026.01.15	19:15:00	4609.70	4612.54	4607.70	4612.14	2282	0	20
2026.01.15	19:20:00	4612.14	4613.69	4611.16	4612.85	1946	0	20
2026.01.15	19:25:00	4612.83	4613.25	4610.48	4610.87	2341	0	20
2026.01.15	19:30:00	4610.86	4614.20	4610.28	4613.94	2182	0	20
2026.01.15	19:35:00	4613.95	4616.57	4613.62	4614.79	1993	0	20
2026.01.15	19:40:00	4614.75	4615.19	4613.39	4614.45	2370	0	20
2026.01.15	19:45:00	4614.45	4616.88	4613.87	4615.18	2503	0	20
2026.01.15	19:50:00	4615.19	4615.99	4613.79	4614.02	2180	0	20
2026.01.15	19:55:00	4614.01	4616.70	4613.67	4616.53	2601	0	20
2026.01.15	20:00:00	4616.53	4620.32	4616.47	4619.00	2372	0	20
2026.01.15	20:05:00	4619.00	4619.70	4616.36	4618.27	2239	0	20
2026.01.15	20:10:00	4618.27	4619.90	4617.59	4617.86	2298	0	20
2026.01.15	20:15:00	4617.86	4620.07	4617.30	4619.14	2059	0	20
2026.01.15	20:20:00	4619.13	4621.13	4618.35	4619.55	2682	0	20
2026.01.15	20:25:00	4619.57	4621.07	4618.06	4619.41	2434	0	20
2026.01.15	20:30:00	4619.42	4619.42	4613.57	4616.32	2302	0	20
2026.01.15	20:35:00	4616.31	4618.61	4616.29	4618.02	1885	0	20
2026.01.15	20:40:00	4618.02	4618.20	4614.16	4615.55	2398	0	20
2026.01.15	20:45:00	4615.54	4619.66	4615.42	4618.73	1999	0	20
2026.01.15	20:50:00	4618.73	4619.03	4615.92	4616.33	1911	0	20
2026.01.15	20:55:00	4616.33	4617.58	4616.00	4617.56	1718	0	20
2026.01.15	21:00:00	4617.56	4620.12	4617.44	4619.12	1972	0	20
2026.01.15	21:05:00	4619.17	4621.37	4618.07	4621.23	2351	0	20
2026.01.15	21:10:00	4621.22	4621.49	4618.83	4619.00	1977	0	20
2026.01.15	21:15:00	4619.00	4619.81	4617.58	4619.42	1839	0	20
2026.01.15	21:20:00	4619.43	4619.93	4618.73	4619.60	1546	0	20
2026.01.15	21:25:00	4619.60	4620.56	4618.06	4618.20	1628	0	20
2026.01.15	21:30:00	4618.17	4618.80	4616.95	4618.11	1979	0	20
2026.01.15	21:35:00	4618.11	4619.11	4615.20	4616.21	1656	0	20
2026.01.15	21:40:00	4616.21	4617.14	4615.76	4616.88	1904	0	20
2026.01.15	21:45:00	4616.87	4617.20	4615.33	4615.82	1722	0	20
2026.01.15	21:50:00	4615.82	4616.30	4615.33	4615.99	1345	0	20
2026.01.15	21:55:00	4615.99	4616.37	4612.74	4615.85	2207	0	20
2026.01.15	22:00:00	4615.86	4616.28	4612.62	4613.99	1976	0	20
2026.01.15	22:05:00	4613.98	4614.92	4605.70	4605.81	2152	0	20
2026.01.15	22:10:00	4605.86	4608.65	4604.10	4605.71	2662	0	20
2026.01.15	22:15:00	4605.71	4608.70	4600.75	4601.76	2851	0	20
2026.01.15	22:20:00	4601.74	4605.88	4601.35	4603.32	2784	0	20
2026.01.15	22:25:00	4603.32	4605.11	4600.96	4604.94	2710	0	20
2026.01.15	22:30:00	4604.91	4607.95	4603.72	4607.43	2428	0	20
2026.01.15	22:35:00	4607.42	4609.30	4604.96	4606.89	2491	0	20
2026.01.15	22:40:00	4606.90	4608.64	4605.55	4608.02	2270	0	20
2026.01.15	22:45:00	4608.04	4609.04	4604.17	4605.81	2424	0	20
2026.01.15	22:50:00	4605.81	4607.20	4604.44	4605.59	2399	0	20
2026.01.15	22:55:00	4605.59	4607.01	4603.43	4605.74	2490	0	20
2026.01.15	23:00:00	4605.76	4610.05	4604.48	4608.34	1624	0	20
2026.01.15	23:05:00	4608.34	4612.15	4608.34	4610.47	1613	0	20
2026.01.15	23:10:00	4610.47	4612.12	4610.23	4612.11	1384	0	20
2026.01.15	23:15:00	4612.11	4613.80	4611.27	4613.65	1449	0	20
2026.01.15	23:20:00	4613.65	4614.27	4612.97	4613.98	1052	0	20
2026.01.15	23:25:00	4613.99	4615.62	4613.65	4614.24	1187	0	20
2026.01.15	23:30:00	4614.26	4615.48	4614.24	4615.42	825	0	20
2026.01.15	23:35:00	4615.42	4615.54	4613.73	4613.74	922	0	20
2026.01.15	23:40:00	4613.74	4615.69	4613.63	4615.69	795	0	20
2026.01.15	23:45:00	4615.70	4616.43	4614.61	4614.83	1187	0	20
2026.01.15	23:50:00	4614.83	4615.69	4613.64	4615.18	827	0	20
2026.01.15	23:55:00	4615.17	4615.75	4614.57	4615.61	651	0	20
2026.01.16	01:00:00	4615.97	4619.66	4615.97	4618.70	1174	0	20
2026.01.16	01:05:00	4618.70	4620.95	4616.79	4618.85	1053	0	20
2026.01.16	01:10:00	4618.82	4619.43	4613.65	4614.08	1299	0	20
2026.01.16	01:15:00	4614.11	4615.12	4612.72	4613.62	1836	0	20
2026.01.16	01:20:00	4613.61	4614.85	4611.79	4612.26	1333	0	20
2026.01.16	01:25:00	4612.26	4613.04	4608.78	4608.97	1760	0	20
2026.01.16	01:30:00	4608.97	4611.17	4607.25	4607.66	1939	0	20
2026.01.16	01:35:00	4607.69	4611.05	4607.47	4608.96	1486	0	20
2026.01.16	01:40:00	4608.97	4610.03	4607.06	4608.25	1319	0	20
2026.01.16	01:45:00	4608.25	4608.56	4606.37	4606.68	1782	0	20
2026.01.16	01:50:00	4606.71	4608.29	4606.41	4608.07	1298	0	20
2026.01.16	01:55:00	4608.07	4610.83	4607.22	4610.26	1406	0	20
2026.01.16	02:00:00	4610.26	4610.32	4606.13	4606.87	1714	0	20
2026.01.16	02:05:00	4606.81	4608.35	4603.38	4604.98	1410	0	20
2026.01.16	02:10:00	4604.99	4606.73	4604.77	4605.81	1211	0	20
2026.01.16	02:15:00	4605.80	4610.13	4605.39	4608.21	1379	0	20
2026.01.16	02:20:00	4608.21	4611.36	4606.41	4606.61	1246	0	20
2026.01.16	02:25:00	4606.60	4607.97	4606.19	4607.70	1184	0	20
2026.01.16	02:30:00	4607.70	4608.11	4602.33	4603.91	1762	0	20
2026.01.16	02:35:00	4603.85	4604.18	4601.73	4603.00	2521	0	20
2026.01.16	02:40:00	4602.98	4603.86	4601.04	4601.38	2647	0	20
2026.01.16	02:45:00	4601.39	4601.74	4599.92	4600.94	2342	0	20
2026.01.16	02:50:00	4600.93	4600.93	4598.56	4599.95	1896	0	20
2026.01.16	02:55:00	4599.96	4602.04	4599.82	4600.08	2540	0	20
2026.01.16	03:00:00	4600.03	4600.15	4593.96	4599.11	3521	0	20
2026.01.16	03:05:00	4599.11	4604.23	4596.21	4604.19	3167	0	20
2026.01.16	03:10:00	4604.19	4604.99	4600.76	4603.75	3126	0	20
2026.01.16	03:15:00	4603.76	4605.13	4600.01	4603.15	2597	0	20
2026.01.16	03:20:00	4603.15	4604.91	4601.93	4604.91	2392	0	20
2026.01.16	03:25:00	4604.87	4607.31	4603.45	4606.12	2902	0	20
2026.01.16	03:30:00	4606.13	4607.53	4601.52	4602.07	2625	0	20
2026.01.16	03:35:00	4602.08	4607.39	4601.81	4605.51	2236	0	20
2026.01.16	03:40:00	4605.58	4608.54	4604.85	4605.19	2481	0	20
2026.01.16	03:45:00	4605.17	4605.47	4602.54	4603.07	2611	0	20
2026.01.16	03:50:00	4603.07	4604.34	4600.40	4601.71	2626	0	20
2026.01.16	03:55:00	4601.69	4602.93	4599.20	4600.58	2552	0	20
2026.01.16	04:00:00	4600.55	4603.47	4598.78	4600.76	2976	0	20
2026.01.16	04:05:00	4600.91	4603.64	4599.86	4603.33	2571	0	20
2026.01.16	04:10:00	4603.33	4603.33	4597.56	4598.22	2772	0	20
2026.01.16	04:15:00	4598.24	4602.92	4596.99	4601.38	2277	0	20
2026.01.16	04:20:00	4601.38	4604.31	4600.99	4603.28	2345	0	20
2026.01.16	04:25:00	4603.27	4603.67	4599.04	4600.00	2110	0	20
2026.01.16	04:30:00	4599.99	4600.98	4594.12	4594.56	3317	0	20
2026.01.16	04:35:00	4594.57	4595.49	4591.34	4594.57	3575	0	20
2026.01.16	04:40:00	4594.61	4596.03	4594.09	4595.94	2677	0	20
2026.01.16	04:45:00	4595.94	4598.53	4594.91	4596.40	2794	0	20
2026.01.16	04:50:00	4596.38	4598.31	4592.48	4592.48	2556	0	20
2026.01.16	04:55:00	4592.48	4595.12	4591.87	4594.92	2508	0	20
2026.01.16	05:00:00	4594.91	4598.21	4594.47	4597.02	2590	0	20
2026.01.16	05:05:00	4597.05	4599.18	4595.98	4598.29	2459	0	20
2026.01.16	05:10:00	4598.29	4599.35	4597.87	4598.61	2308	0	20
2026.01.16	05:15:00	4598.60	4599.81	4597.62	4598.65	2245	0	20
2026.01.16	05:20:00	4598.67	4599.19	4596.08	4597.16	2238	0	20
2026.01.16	05:25:00	4597.16	4597.71	4595.29	4595.56	1844	0	20
2026.01.16	05:30:00	4595.50	4596.13	4592.81	4593.12	1797	0	20
2026.01.16	05:35:00	4593.13	4597.07	4592.94	4596.94	1390	0	20
2026.01.16	05:40:00	4596.92	4597.36	4595.61	4596.29	1266	0	20
2026.01.16	05:45:00	4596.29	4597.49	4595.15	4595.77	1693	0	20
2026.01.16	05:50:00	4595.77	4596.93	4595.60	4596.73	1126	0	20
2026.01.16	05:55:00	4596.75	4597.23	4595.82	4596.39	1460	0	20
2026.01.16	06:00:00	4596.38	4598.63	4596.08	4597.98	1212	0	20
2026.01.16	06:05:00	4597.97	4599.02	4597.37	4598.64	1313	0	20
2026.01.16	06:10:00	4598.64	4599.63	4598.29	4598.60	1236	0	20
2026.01.16	06:15:00	4598.59	4600.41	4598.51	4600.32	1114	0	20
2026.01.16	06:20:00	4600.32	4601.33	4598.44	4598.81	1480	0	20
2026.01.16	06:25:00	4598.80	4599.27	4598.24	4598.58	1070	0	20
2026.01.16	06:30:00	4598.58	4598.81	4597.29	4598.20	1197	0	20
2026.01.16	06:35:00	4598.18	4599.96	4597.57	4599.75	1177	0	20
2026.01.16	06:40:00	4599.75	4600.91	4599.30	4599.92	1143	0	20
2026.01.16	06:45:00	4599.93	4601.05	4599.71	4599.86	1093	0	20
2026.01.16	06:50:00	4599.85	4600.34	4598.95	4600.32	1158	0	20
2026.01.16	06:55:00	4600.33	4602.02	4600.28	4601.14	1065	0	20
2026.01.16	07:00:00	4601.15	4601.46	4599.55	4599.92	1113	0	20
2026.01.16	07:05:00	4599.92	4600.31	4599.27	4599.51	1134	0	20
2026.01.16	07:10:00	4599.49	4599.83	4595.31	4596.51	1509	0	20
2026.01.16	07:15:00	4596.51	4598.27	4595.49	4597.75	1480	0	20
2026.01.16	07:20:00	4597.76	4600.60	4597.63	4600.36	1352	0	20
2026.01.16	07:25:00	4600.36	4601.55	4600.28	4601.28	1342	0	20
2026.01.16	07:30:00	4601.27	4603.58	4596.45	4598.73	2890	0	20
2026.01.16	07:35:00	4598.71	4604.02	4598.48	4603.35	2443	0	20
2026.01.16	07:40:00	4603.34	4606.94	4603.00	4606.93	2293	0	20
2026.01.16	07:45:00	4606.93	4612.99	4606.71	4611.62	2849	0	20
2026.01.16	07:50:00	4611.62	4613.48	4610.94	4612.19	2127	0	20
2026.01.16	07:55:00	4612.19	4616.12	4611.26	4611.55	2423	0	20
2026.01.16	08:00:00	4611.55	4612.31	4606.79	4607.26	2597	0	20
2026.01.16	08:05:00	4607.26	4609.17	4606.37	4607.81	2342	0	20
2026.01.16	08:10:00	4607.82	4608.01	4604.07	4604.75	2733	0	20
2026.01.16	08:15:00	4604.89	4607.03	4603.59	4605.78	2709	0	20
2026.01.16	08:20:00	4605.80	4609.14	4605.80	4608.31	2416	0	20
2026.01.16	08:25:00	4608.31	4608.41	4604.54	4604.54	2226	0	20
2026.01.16	08:30:00	4604.55	4608.08	4602.51	4606.21	2435	0	20
2026.01.16	08:35:00	4606.20	4606.85	4604.24	4605.23	1661	0	20
2026.01.16	08:40:00	4605.24	4605.59	4595.73	4596.03	2447	0	20
2026.01.16	08:45:00	4596.03	4598.84	4594.12	4596.74	3029	0	20
2026.01.16	08:50:00	4596.75	4598.92	4595.01	4596.90	2624	0	20
2026.01.16	08:55:00	4596.86	4599.23	4596.76	4598.16	2010	0	20
2026.01.16	09:00:00	4598.15	4601.31	4596.86	4601.09	1865	0	20
2026.01.16	09:05:00	4601.09	4606.38	4601.07	4606.29	1722	0	20
2026.01.16	09:10:00	4606.27	4612.01	4606.10	4610.10	2047	0	20
2026.01.16	09:15:00	4610.10	4610.14	4607.36	4609.06	1780	0	20
2026.01.16	09:20:00	4609.06	4609.22	4604.91	4605.85	1726	0	20
2026.01.16	09:25:00	4605.83	4606.94	4604.96	4605.99	1621	0	20
2026.01.16	09:30:00	4605.98	4607.45	4603.57	4606.94	2053	0	20
2026.01.16	09:35:00	4606.94	4611.94	4606.72	4607.41	2397	0	20
2026.01.16	09:40:00	4607.41	4608.13	4601.07	4602.99	1859	0	20
2026.01.16	09:45:00	4602.88	4609.62	4601.83	4608.00	2017	0	20
2026.01.16	09:50:00	4608.09	4608.95	4606.71	4607.67	1351	0	20
2026.01.16	09:55:00	4607.65	4609.18	4607.16	4607.57	1384	0	20
2026.01.16	10:00:00	4607.55	4610.49	4605.49	4608.36	1949	0	20
2026.01.16	10:05:00	4608.36	4609.00	4605.25	4605.64	1431	0	20
2026.01.16	10:10:00	4605.65	4608.60	4604.88	4605.07	1498	0	20
2026.01.16	10:15:00	4605.07	4607.71	4604.70	4607.36	1384	0	20
2026.01.16	10:20:00	4607.38	4609.65	4605.40	4609.61	1761	0	20
2026.01.16	10:25:00	4609.60	4610.68	4607.19	4607.36	1795	0	20
2026.01.16	10:30:00	4607.35	4609.00	4606.08	4606.23	1584	0	20
2026.01.16	10:35:00	4606.23	4606.57	4603.59	4605.33	1554	0	20
2026.01.16	10:40:00	4605.32	4605.53	4602.07	4602.15	1476	0	20
2026.01.16	10:45:00	4602.16	4603.16	4601.30	4602.86	1560	0	20
2026.01.16	10:50:00	4602.86	4607.25	4602.36	4606.32	1508	0	20
2026.01.16	10:55:00	4606.34	4607.41	4602.60	4603.20	1553	0	20
2026.01.16	11:00:00	4603.20	4604.94	4602.31	4604.92	1636	0	20
2026.01.16	11:05:00	4604.92	4608.44	4604.68	4605.93	1771	0	20
2026.01.16	11:10:00	4605.93	4606.24	4604.39	4604.88	1471	0	20
2026.01.16	11:15:00	4604.89	4605.03	4602.10	4603.52	1492	0	20
2026.01.16	11:20:00	4603.53	4604.29	4601.05	4601.59	1384	0	20
2026.01.16	11:25:00	4601.57	4601.95	4599.69	4601.16	1350	0	20
2026.01.16	11:30:00	4601.14	4601.66	4598.95	4599.91	1058	0	20
2026.01.16	11:35:00	4599.87	4600.75	4599.17	4600.61	1047	0	20
2026.01.16	11:40:00	4600.61	4603.54	4599.78	4603.49	1142	0	20
2026.01.16	11:45:00	4603.48	4603.50	4601.42	4601.55	1032	0	20
2026.01.16	11:50:00	4601.54	4601.80	4600.32	4601.20	1409	0	20
2026.01.16	11:55:00	4601.19	4602.22	4600.43	4600.72	1214	0	20
2026.01.16	12:00:00	4600.72	4605.22	4600.55	4604.94	1295	0	20
2026.01.16	12:05:00	4604.94	4605.80	4603.08	4604.36	1490	0	20
2026.01.16	12:10:00	4604.35	4607.90	4604.35	4606.97	1309	0	20
2026.01.16	12:15:00	4606.96	4609.80	4606.80	4608.90	1400	0	20
2026.01.16	12:20:00	4608.91	4610.88	4607.59	4610.67	1370	0	20
2026.01.16	12:25:00	4610.67	4611.12	4607.47	4607.52	1156	0	20
2026.01.16	12:30:00	4607.48	4609.33	4606.98	4608.71	1129	0	20
2026.01.16	12:35:00	4608.67	4608.94	4607.66	4607.97	1077	0	20
2026.01.16	12:40:00	4607.97	4608.03	4606.83	4607.51	1052	0	20
2026.01.16	12:45:00	4607.48	4608.61	4607.31	4607.94	1241	0	20
2026.01.16	12:50:00	4607.91	4608.49	4602.94	4603.72	1619	0	20
2026.01.16	12:55:00	4603.72	4604.68	4599.77	4600.19	1710	0	20
2026.01.16	13:00:00	4600.19	4602.64	4598.57	4601.32	1998	0	20
2026.01.16	13:05:00	4601.35	4602.13	4598.91	4601.90	1623	0	20
2026.01.16	13:10:00	4601.91	4606.68	4601.34	4606.46	1633	0	20
2026.01.16	13:15:00	4606.46	4609.24	4605.48	4609.06	1486	0	20
2026.01.16	13:20:00	4609.05	4610.25	4608.48	4609.79	1476	0	20
2026.01.16	13:25:00	4609.82	4611.51	4608.66	4611.17	1309	0	20
2026.01.16	13:30:00	4611.18	4613.26	4609.61	4613.12	1542	0	20
2026.01.16	13:35:00	4613.12	4613.96	4611.88	4612.85	1386	0	20
2026.01.16	13:40:00	4612.83	4615.84	4612.75	4615.53	1381	0	20
2026.01.16	13:45:00	4615.52	4615.95	4612.61	4613.63	1451	0	20
2026.01.16	13:50:00	4613.62	4614.67	4612.87	4613.77	1145	0	20
2026.01.16	13:55:00	4613.78	4614.66	4612.38	4612.51	1306	0	20
2026.01.16	14:00:00	4612.51	4612.75	4610.15	4610.18	1881	0	20
2026.01.16	14:05:00	4610.17	4612.35	4609.31	4610.24	1466	0	20
2026.01.16	14:10:00	4610.24	4611.81	4609.84	4610.91	1373	0	20
2026.01.16	14:15:00	4610.90	4612.96	4610.41	4611.94	1156	0	20
2026.01.16	14:20:00	4611.94	4612.44	4605.22	4605.86	1660	0	20
2026.01.16	14:25:00	4605.86	4607.66	4604.75	4606.41	1679	0	20
2026.01.16	14:30:00	4606.41	4606.76	4602.59	4603.34	1689	0	20
2026.01.16	14:35:00	4603.34	4604.13	4602.21	4603.54	1583	0	20
2026.01.16	14:40:00	4603.51	4605.28	4602.54	4603.40	1740	0	20
2026.01.16	14:45:00	4603.41	4605.26	4602.08	4604.87	1601	0	20
2026.01.16	14:50:00	4604.90	4605.02	4597.57	4600.25	2019	0	20
2026.01.16	14:55:00	4600.25	4603.42	4598.61	4601.78	2126	0	20
2026.01.16	15:00:00	4601.84	4605.54	4598.02	4598.54	3560	0	20
2026.01.16	15:05:00	4598.59	4603.27	4597.04	4597.04	3148	0	20
2026.01.16	15:10:00	4597.20	4598.56	4594.61	4596.28	3013	0	20
2026.01.16	15:15:00	4596.28	4597.71	4583.38	4587.39	3612	0	20
2026.01.16	15:20:00	4587.45	4593.29	4583.20	4590.69	3483	0	20
2026.01.16	15:25:00	4590.69	4593.50	4582.65	4586.92	3539	0	20
2026.01.16	15:30:00	4586.93	4596.56	4585.42	4594.86	3583	0	20
2026.01.16	15:35:00	4594.85	4598.88	4591.02	4591.83	3314	0	20
2026.01.16	15:40:00	4591.84	4601.37	4590.95	4599.51	3069	0	20
2026.01.16	15:45:00	4599.51	4602.28	4597.06	4601.80	2722	0	20
2026.01.16	15:50:00	4601.79	4602.69	4597.21	4598.56	2782	0	20
2026.01.16	15:55:00	4598.54	4602.97	4598.43	4601.91	2569	0	20
2026.01.16	16:00:00	4601.92	4603.73	4598.45	4603.64	2876	0	20
2026.01.16	16:05:00	4603.65	4607.27	4603.29	4603.78	2953	0	20
2026.01.16	16:10:00	4603.78	4608.66	4602.69	4607.16	2550	0	20
2026.01.16	16:15:00	4607.17	4609.44	4604.49	4604.63	2482	0	20
2026.01.16	16:20:00	4604.61	4605.92	4602.05	4602.19	2510	0	20
2026.01.16	16:25:00	4602.21	4605.39	4598.39	4599.19	2489	0	20
2026.01.16	16:30:00	4599.12	4606.94	4596.23	4606.88	3649	0	20
2026.01.16	16:35:00	4606.82	4611.61	4604.43	4604.89	3490	0	20
2026.01.16	16:40:00	4604.91	4610.45	4604.71	4608.76	3424	0	20
2026.01.16	16:45:00	4608.74	4614.53	4607.25	4613.80	3449	0	20
2026.01.16	16:50:00	4613.84	4614.69	4609.64	4613.43	3366	0	20
2026.01.16	16:55:00	4613.50	4613.72	4607.54	4607.92	3235	0	20
2026.01.16	17:00:00	4607.91	4615.52	4607.63	4614.99	3299	0	20
2026.01.16	17:05:00	4614.97	4620.30	4614.97	4617.21	3379	0	20
2026.01.16	17:10:00	4617.17	4619.01	4615.05	4616.03	3068	0	20
2026.01.16	17:15:00	4616.11	4617.57	4601.55	4601.74	3204	0	20
2026.01.16	17:20:00	4601.52	4611.10	4588.57	4588.62	4331	0	20
2026.01.16	17:25:00	4588.65	4592.87	4564.75	4565.15	4665	0	20
2026.01.16	17:30:00	4564.99	4570.28	4536.78	4544.45	4854	0	20
2026.01.16	17:35:00	4544.42	4555.59	4538.38	4548.26	4651	0	20
2026.01.16	17:40:00	4548.16	4556.68	4544.21	4555.39	4444	0	20
2026.01.16	17:45:00	4555.41	4572.15	4555.41	4570.55	4232	0	20
2026.01.16	17:50:00	4570.56	4572.34	4560.42	4570.46	4141	0	20
2026.01.16	17:55:00	4570.45	4575.42	4567.10	4571.23	3888	0	20
2026.01.16	18:00:00	4571.27	4579.80	4568.00	4578.88	3921	0	20
2026.01.16	18:05:00	4578.91	4590.25	4578.21	4586.53	3882	0	20
2026.01.16	18:10:00	4586.60	4593.08	4583.83	4592.79	3579	0	20
2026.01.16	18:15:00	4592.96	4594.57	4584.40	4590.51	3711	0	20
2026.01.16	18:20:00	4590.51	4594.97	4586.73	4591.46	3387	0	20
2026.01.16	18:25:00	4591.48	4596.41	4589.08	4591.57	3256	0	20
2026.01.16	18:30:00	4591.76	4595.32	4588.20	4589.81	3172	0	20
2026.01.16	18:35:00	4589.81	4598.06	4589.81	4594.43	2894	0	20
2026.01.16	18:40:00	4594.43	4598.96	4594.04	4596.17	3003	0	20
2026.01.16	18:45:00	4596.16	4597.36	4585.70	4586.84	3124	0	20
2026.01.16	18:50:00	4586.84	4589.34	4581.98	4584.96	3361	0	20
2026.01.16	18:55:00	4585.02	4593.55	4584.11	4591.35	3046	0	20
2026.01.16	19:00:00	4591.34	4591.78	4586.54	4588.27	2923	0	20
2026.01.16	19:05:00	4588.34	4593.13	4585.16	4589.75	2701	0	20
2026.01.16	19:10:00	4589.75	4593.04	4588.80	4590.69	2458	0	20
2026.01.16	19:15:00	4590.70	4590.87	4584.37	4584.41	2641	0	20
2026.01.16	19:20:00	4584.37	4586.54	4578.66	4584.54	2937	0	20
2026.01.16	19:25:00	4584.55	4584.55	4576.83	4578.58	2786	0	20
2026.01.16	19:30:00	4578.59	4584.90	4577.02	4583.41	2842	0	20
2026.01.16	19:35:00	4583.43	4586.61	4582.25	4585.10	2435	0	20
2026.01.16	19:40:00	4585.11	4585.88	4580.53	4580.73	2184	0	20
2026.01.16	19:45:00	4580.72	4582.30	4578.78	4580.89	2377	0	20
2026.01.16	19:50:00	4580.88	4583.59	4580.60	4581.92	2110	0	20
2026.01.16	19:55:00	4581.85	4582.87	4580.35	4581.38	2398	0	20
2026.01.16	20:00:00	4581.39	4589.02	4580.06	4587.72	2651	0	20
2026.01.16	20:05:00	4587.71	4588.11	4582.78	4585.35	2696	0	20
2026.01.16	20:10:00	4585.35	4586.08	4581.91	4584.39	2294	0	20
2026.01.16	20:15:00	4584.40	4586.53	4581.77	4584.77	2203	0	20
2026.01.16	20:20:00	4584.77	4590.56	4584.53	4588.26	2402	0	20
2026.01.16	20:25:00	4588.26	4591.70	4587.94	4590.01	2376	0	20
2026.01.16	20:30:00	4589.95	4596.12	4588.53	4594.16	2659	0	20
2026.01.16	20:35:00	4594.16	4594.71	4591.38	4593.06	2137	0	20
2026.01.16	20:40:00	4593.04	4596.04	4592.68	4595.27	2197	0	20
2026.01.16	20:45:00	4595.28	4595.89	4587.03	4589.28	2304	0	20
2026.01.16	20:50:00	4589.28	4590.24	4587.07	4587.79	2146	0	20
2026.01.16	20:55:00	4587.80	4588.11	4582.24	4582.64	2516	0	20
2026.01.16	21:00:00	4582.64	4585.51	4580.90	4585.50	2431	0	20
2026.01.16	21:05:00	4585.51	4588.23	4584.20	4584.44	2310	0	20
2026.01.16	21:10:00	4584.42	4585.53	4582.37	4583.94	2226	0	20
2026.01.16	21:15:00	4583.99	4585.99	4580.90	4583.63	2191	0	20
2026.01.16	21:20:00	4583.62	4586.17	4581.49	4585.28	2116	0	20
2026.01.16	21:25:00	4585.27	4585.29	4583.39	4584.04	1813	0	20
2026.01.16	21:30:00	4584.03	4588.17	4583.92	4588.17	2152	0	20
2026.01.16	21:35:00	4588.19	4589.94	4587.55	4588.67	1953	0	20
2026.01.16	21:40:00	4588.66	4591.74	4588.25	4589.34	1992	0	20
2026.01.16	21:45:00	4589.35	4590.67	4588.48	4589.82	1822	0	20
2026.01.16	21:50:00	4589.82	4592.31	4588.50	4591.03	2044	0	20
2026.01.16	21:55:00	4591.04	4592.44	4589.95	4590.58	2072	0	20
2026.01.16	22:00:00	4590.59	4595.04	4588.87	4594.69	2025	0	20
2026.01.16	22:05:00	4594.67	4595.86	4592.96	4594.72	1722	0	20
2026.01.16	22:10:00	4594.72	4594.74	4591.64	4593.18	1765	0	20
2026.01.16	22:15:00	4593.11	4593.18	4589.35	4589.64	1783	0	20
2026.01.16	22:20:00	4589.66	4590.81	4588.66	4589.56	1718	0	20
2026.01.16	22:25:00	4589.56	4589.85	4587.66	4588.26	1546	0	20
2026.01.16	22:30:00	4588.29	4588.29	4580.80	4583.94	2465	0	20
2026.01.16	22:35:00	4583.95	4586.77	4582.90	4585.28	2303	0	20
2026.01.16	22:40:00	4585.27	4587.07	4584.18	4584.21	2154	0	20
2026.01.16	22:45:00	4584.22	4585.79	4583.99	4585.66	1961	0	20
2026.01.16	22:50:00	4585.67	4589.07	4585.09	4588.90	2288	0	20
2026.01.16	22:55:00	4588.89	4588.92	4581.52	4581.93	2760	0	20
2026.01.16	23:00:00	4581.90	4584.99	4581.90	4582.60	1631	0	20
2026.01.16	23:05:00	4582.60	4583.81	4582.36	4583.50	1676	0	20
2026.01.16	23:10:00	4583.51	4586.68	4583.38	4586.49	1720	0	20
2026.01.16	23:15:00	4586.50	4598.37	4586.29	4598.12	2125	0	20
2026.01.16	23:20:00	4598.11	4598.12	4593.21	4593.30	1536	0	20
2026.01.16	23:25:00	4593.29	4593.47	4591.39	4592.39	1452	0	20
2026.01.16	23:30:00	4592.37	4593.48	4591.73	4592.04	898	0	20
2026.01.16	23:35:00	4592.04	4595.40	4591.92	4594.97	1089	0	20
2026.01.16	23:40:00	4595.02	4595.79	4593.64	4594.52	1038	0	20
2026.01.16	23:45:00	4594.51	4595.92	4594.26	4594.84	1088	0	20
2026.01.16	23:50:00	4594.83	4596.05	4594.46	4595.59	976	0	20
2026.01.16	23:55:00	4595.60	4595.87	4595.13	4595.81	320	0	20
2026.01.19	01:00:00	4628.02	4650.87	4620.23	4648.91	3117	0	20
2026.01.19	01:05:00	4649.02	4662.55	4647.16	4654.79	3213	0	20
2026.01.19	01:10:00	4654.81	4658.77	4653.82	4654.28	2746	0	20
2026.01.19	01:15:00	4654.27	4669.26	4653.96	4663.35	3347	0	20
2026.01.19	01:20:00	4663.35	4675.90	4660.92	4672.98	3144	0	20
2026.01.19	01:25:00	4672.97	4684.34	4672.02	4678.52	3145	0	20
2026.01.19	01:30:00	4678.69	4690.70	4676.44	4676.57	3315	0	20
2026.01.19	01:35:00	4676.63	4680.46	4672.88	4674.28	2982	0	20
2026.01.19	01:40:00	4674.27	4675.07	4663.93	4671.70	3126	0	20
2026.01.19	01:45:00	4671.68	4675.06	4663.80	4666.06	2603	0	20
2026.01.19	01:50:00	4666.06	4673.31	4664.51	4672.22	2292	0	20
2026.01.19	01:55:00	4672.23	4677.52	4670.76	4672.67	1971	0	20
2026.01.19	02:00:00	4672.68	4676.14	4668.58	4668.74	2356	0	20
2026.01.19	02:05:00	4668.75	4670.26	4665.61	4666.39	2798	0	20
2026.01.19	02:10:00	4666.39	4669.37	4665.17	4665.52	2308	0	20
2026.01.19	02:15:00	4665.54	4668.86	4661.06	4663.35	2565	0	20
2026.01.19	02:20:00	4663.35	4678.33	4663.06	4676.74	2676	0	20
2026.01.19	02:25:00	4676.76	4678.03	4674.13	4675.90	1849	0	20
2026.01.19	02:30:00	4675.90	4678.44	4673.54	4678.32	1920	0	20
2026.01.19	02:35:00	4678.32	4680.89	4674.40	4678.68	2492	0	20
2026.01.19	02:40:00	4678.71	4682.09	4676.33	4677.82	2459	0	20
2026.01.19	02:45:00	4677.82	4679.02	4674.58	4677.79	2078	0	20
2026.01.19	02:50:00	4677.75	4677.83	4672.49	4672.90	1879	0	20
2026.01.19	02:55:00	4672.87	4678.42	4671.98	4675.28	2237	0	20
2026.01.19	03:00:00	4675.26	4678.45	4669.09	4669.62	3863	0	20
2026.01.19	03:05:00	4669.61	4676.88	4667.32	4671.49	3412	0	20
2026.01.19	03:10:00	4671.48	4672.40	4661.96	4663.22	3534	0	20
2026.01.19	03:15:00	4663.22	4667.89	4656.56	4664.96	3519	0	20
2026.01.19	03:20:00	4664.96	4669.73	4659.05	4659.21	3186	0	20
2026.01.19	03:25:00	4659.20	4662.97	4657.20	4662.24	3148	0	20
2026.01.19	03:30:00	4662.28	4664.47	4660.03	4661.54	2896	0	20
2026.01.19	03:35:00	4661.52	4663.50	4656.14	4657.50	3062	0	20
2026.01.19	03:40:00	4657.52	4662.75	4656.73	4662.44	2561	0	20
2026.01.19	03:45:00	4662.45	4664.34	4659.90	4664.34	2749	0	20
2026.01.19	03:50:00	4664.35	4667.58	4661.97	4663.00	2894	0	20
2026.01.19	03:55:00	4663.09	4663.18	4657.14	4657.38	2673	0	20
2026.01.19	04:00:00	4657.37	4658.84	4653.22	4655.86	2990	0	20
2026.01.19	04:05:00	4655.84	4664.21	4655.41	4662.34	2743	0	20
2026.01.19	04:10:00	4662.34	4665.02	4659.00	4659.20	2232	0	20
2026.01.19	04:15:00	4659.20	4662.30	4657.89	4659.51	1508	0	20
2026.01.19	04:20:00	4659.51	4660.62	4657.10	4659.59	1539	0	20
2026.01.19	04:25:00	4659.67	4660.74	4656.87	4660.01	1959	0	20
2026.01.19	04:30:00	4660.01	4663.85	4659.18	4660.48	2583	0	20
2026.01.19	04:35:00	4660.48	4662.35	4658.97	4661.27	2325	0	20
2026.01.19	04:40:00	4661.27	4662.27	4656.60	4658.52	2282	0	20
2026.01.19	04:45:00	4658.53	4659.63	4655.03	4658.29	2457	0	20
2026.01.19	04:50:00	4658.29	4661.36	4657.44	4660.61	2444	0	20
2026.01.19	04:55:00	4660.60	4664.47	4660.11	4662.46	2650	0	20
2026.01.19	05:00:00	4662.46	4667.61	4662.44	4664.84	2176	0	20
2026.01.19	05:05:00	4664.85	4667.83	4664.26	4667.47	2107	0	20
2026.01.19	05:10:00	4667.47	4669.66	4667.17	4668.92	2494	0	20
2026.01.19	05:15:00	4668.92	4669.87	4666.91	4667.12	2027	0	20
2026.01.19	05:20:00	4667.13	4667.86	4664.81	4664.86	2018	0	20
2026.01.19	05:25:00	4664.86	4667.40	4663.94	4664.67	2139	0	20
2026.01.19	05:30:00	4664.69	4665.79	4661.96	4664.20	1959	0	20
2026.01.19	05:35:00	4664.20	4664.39	4662.17	4662.93	1900	0	20
2026.01.19	05:40:00	4662.93	4665.94	4662.21	4663.00	1761	0	20
2026.01.19	05:45:00	4662.99	4663.54	4659.44	4660.57	1690	0	20
2026.01.19	05:50:00	4660.35	4660.80	4658.22	4660.25	1609	0	20
2026.01.19	05:55:00	4660.25	4660.34	4658.31	4658.39	1477	0	20
2026.01.19	06:00:00	4658.40	4660.77	4658.20	4660.77	1328	0	20
2026.01.19	06:05:00	4660.77	4661.45	4659.72	4661.15	1134	0	20
2026.01.19	06:10:00	4661.14	4662.25	4659.56	4662.22	1612	0	20
2026.01.19	06:15:00	4662.23	4663.14	4660.58	4661.97	1445	0	20
2026.01.19	06:20:00	4661.98	4662.70	4660.59	4662.04	1145	0	20
2026.01.19	06:25:00	4662.03	4664.90	4661.98	4662.34	1435	0	20
2026.01.19	06:30:00	4662.35	4663.09	4660.32	4661.73	807	0	20
2026.01.19	06:35:00	4661.71	4661.92	4659.24	4661.15	1223	0	20
2026.01.19	06:40:00	4661.15	4661.98	4659.62	4661.54	1014	0	20
2026.01.19	06:45:00	4661.57	4664.24	4661.11	4663.86	1027	0	20
2026.01.19	06:50:00	4663.89	4665.97	4663.52	4664.86	1372	0	20
2026.01.19	06:55:00	4664.85	4665.25	4663.23	4663.23	1279	0	20
2026.01.19	07:00:00	4663.23	4669.51	4663.09	4668.95	1540	0	20
2026.01.19	07:05:00	4668.93	4671.20	4667.14	4669.02	1720	0	20
2026.01.19	07:10:00	4669.06	4670.39	4668.60	4669.53	1103	0	20
2026.01.19	07:15:00	4669.52	4670.53	4669.31	4669.87	921	0	20
2026.01.19	07:20:00	4669.85	4672.25	4669.03	4671.69	1257	0	20
2026.01.19	07:25:00	4671.70	4672.30	4668.83	4669.17	1386	0	20
2026.01.19	07:30:00	4669.17	4674.23	4669.03	4670.51	2383	0	20
2026.01.19	07:35:00	4670.51	4671.38	4667.34	4667.41	1948	0	20
2026.01.19	07:40:00	4667.42	4668.25	4663.76	4664.26	2047	0	20
2026.01.19	07:45:00	4664.25	4670.10	4664.09	4668.87	2021	0	20
2026.01.19	07:50:00	4668.87	4669.52	4665.65	4667.23	1952	0	20
2026.01.19	07:55:00	4667.25	4671.95	4667.25	4669.95	1917	0	20
2026.01.19	08:00:00	4669.96	4670.34	4668.68	4669.97	2081	0	20
2026.01.19	08:05:00	4669.99	4670.14	4666.78	4669.20	1782	0	20
2026.01.19	08:10:00	4669.20	4670.53	4668.70	4669.26	1939	0	20
2026.01.19	08:15:00	4669.26	4670.12	4668.49	4669.73	1519	0	20
2026.01.19	08:20:00	4669.73	4672.59	4669.72	4671.38	1505	0	20
2026.01.19	08:25:00	4671.41	4671.80	4669.40	4669.79	1446	0	20
2026.01.19	08:30:00	4669.79	4675.10	4669.71	4674.70	1797	0	20
2026.01.19	08:35:00	4674.70	4676.45	4673.36	4674.51	1666	0	20
2026.01.19	08:40:00	4674.50	4674.50	4671.45	4672.39	1736	0	20
2026.01.19	08:45:00	4672.42	4675.38	4672.40	4674.62	1627	0	20
2026.01.19	08:50:00	4674.61	4677.12	4674.07	4676.57	1771	0	20
2026.01.19	08:55:00	4676.57	4679.02	4676.43	4677.98	2330	0	20
2026.01.19	09:00:00	4677.91	4678.32	4674.52	4676.55	1801	0	20
2026.01.19	09:05:00	4676.54	4678.52	4675.03	4675.16	1715	0	20
2026.01.19	09:10:00	4675.25	4675.43	4668.25	4669.81	2424	0	20
2026.01.19	09:15:00	4669.82	4670.10	4663.77	4664.36	1858	0	20
2026.01.19	09:20:00	4664.39	4665.86	4663.83	4665.24	1742	0	20
2026.01.19	09:25:00	4665.25	4669.00	4665.18	4667.46	1534	0	20
2026.01.19	09:30:00	4667.44	4669.65	4666.18	4667.39	1187	0	20
2026.01.19	09:35:00	4667.38	4667.54	4665.35	4666.56	1097	0	20
2026.01.19	09:40:00	4666.56	4666.70	4664.75	4664.76	1189	0	20
2026.01.19	09:45:00	4664.76	4666.33	4663.04	4665.43	1727	0	20
2026.01.19	09:50:00	4665.44	4665.49	4663.07	4664.13	1264	0	20
2026.01.19	09:55:00	4664.13	4666.07	4661.92	4665.13	1840	0	20
2026.01.19	10:00:00	4665.12	4669.72	4663.82	4669.37	2232	0	20
2026.01.19	10:05:00	4669.37	4672.90	4668.38	4670.68	1981	0	20
2026.01.19	10:10:00	4670.68	4673.85	4669.21	4669.44	1740	0	20
2026.01.19	10:15:00	4669.44	4669.77	4667.19	4667.42	1449	0	20
2026.01.19	10:20:00	4667.42	4670.94	4667.30	4669.84	1303	0	20
2026.01.19	10:25:00	4669.84	4671.05	4668.11	4669.38	1361	0	20
2026.01.19	10:30:00	4669.37	4670.94	4668.57	4669.21	1087	0	20
2026.01.19	10:35:00	4669.19	4669.19	4666.69	4668.72	1401	0	20
2026.01.19	10:40:00	4668.72	4669.46	4666.85	4667.78	1416	0	20
2026.01.19	10:45:00	4667.80	4669.15	4665.76	4666.68	1470	0	20
2026.01.19	10:50:00	4666.68	4667.85	4663.69	4663.86	2091	0	20
2026.01.19	10:55:00	4663.91	4664.15	4661.68	4663.59	1935	0	20
2026.01.19	11:00:00	4663.60	4666.13	4662.05	4664.46	1578	0	20
2026.01.19	11:05:00	4664.47	4669.42	4664.43	4668.91	1597	0	20
2026.01.19	11:10:00	4668.90	4671.50	4668.89	4670.77	1638	0	20
2026.01.19	11:15:00	4670.75	4672.74	4670.58	4671.45	1893	0	20
2026.01.19	11:20:00	4671.45	4672.83	4667.22	4667.59	1880	0	20
2026.01.19	11:25:00	4667.56	4668.85	4666.11	4666.62	1567	0	20
2026.01.19	11:30:00	4666.63	4669.16	4665.02	4669.08	1679	0	20
2026.01.19	11:35:00	4669.08	4670.46	4667.98	4668.54	1242	0	20
2026.01.19	11:40:00	4668.53	4669.84	4667.27	4669.58	1421	0	20
2026.01.19	11:45:00	4669.55	4669.88	4668.91	4669.68	942	0	20
2026.01.19	11:50:00	4669.68	4669.87	4668.38	4669.32	1098	0	20
2026.01.19	11:55:00	4669.31	4669.36	4667.18	4668.41	1187	0	20
2026.01.19	12:00:00	4668.40	4668.55	4666.74	4667.40	1194	0	20
2026.01.19	12:05:00	4667.40	4669.23	4667.34	4667.91	927	0	20
2026.01.19	12:10:00	4667.91	4670.23	4667.08	4670.17	1046	0	20
2026.01.19	12:15:00	4670.26	4671.20	4667.14	4667.53	1444	0	20
2026.01.19	12:20:00	4667.52	4669.22	4666.13	4668.23	1269	0	20
2026.01.19	12:25:00	4668.23	4668.76	4665.54	4665.80	1168	0	20
2026.01.19	12:30:00	4665.83	4666.85	4664.08	4666.59	1552	0	20
2026.01.19	12:35:00	4666.60	4667.02	4664.64	4664.86	1210	0	20
2026.01.19	12:40:00	4664.85	4664.90	4661.30	4661.59	1486	0	20
2026.01.19	12:45:00	4661.59	4666.31	4661.56	4665.38	1580	0	20
2026.01.19	12:50:00	4665.39	4666.63	4664.51	4666.58	1108	0	20
2026.01.19	12:55:00	4666.57	4666.91	4663.44	4663.72	1152	0	20
2026.01.19	13:00:00	4663.72	4664.32	4661.86	4663.67	1106	0	20
2026.01.19	13:05:00	4663.67	4665.24	4662.75	4664.32	1038	0	20
2026.01.19	13:10:00	4664.33	4666.60	4664.30	4664.32	814	0	20
2026.01.19	13:15:00	4664.33	4664.67	4661.80	4662.43	861	0	20
2026.01.19	13:20:00	4662.44	4663.92	4662.38	4663.62	826	0	20
2026.01.19	13:25:00	4663.61	4667.14	4663.48	4666.92	894	0	20
2026.01.19	13:30:00	4666.93	4667.52	4664.90	4665.15	981	0	20
2026.01.19	13:35:00	4665.15	4665.15	4663.32	4663.50	867	0	20
2026.01.19	13:40:00	4663.49	4665.34	4660.13	4664.75	1471	0	20
2026.01.19	13:45:00	4664.81	4666.03	4661.28	4662.61	1991	0	20
2026.01.19	13:50:00	4662.58	4663.53	4661.16	4663.19	1802	0	20
2026.01.19	13:55:00	4663.19	4664.15	4659.62	4660.71	1953	0	20
2026.01.19	14:00:00	4660.66	4663.52	4660.15	4662.79	1382	0	20
2026.01.19	14:05:00	4662.79	4665.08	4662.70	4664.19	1149	0	20
2026.01.19	14:10:00	4664.19	4666.29	4663.46	4665.82	1023	0	20
2026.01.19	14:15:00	4665.85	4671.99	4665.78	4670.11	2100	0	20
2026.01.19	14:20:00	4670.10	4671.42	4669.17	4670.61	1538	0	20
2026.01.19	14:25:00	4670.60	4672.05	4670.24	4670.91	1317	0	20
2026.01.19	14:30:00	4670.91	4673.39	4669.97	4672.38	1655	0	20
2026.01.19	14:35:00	4672.38	4672.48	4670.49	4671.55	1205	0	20
2026.01.19	14:40:00	4671.55	4673.67	4670.29	4671.62	1380	0	20
2026.01.19	14:45:00	4671.61	4671.99	4669.91	4669.95	1059	0	20
2026.01.19	14:50:00	4669.97	4671.05	4668.17	4670.83	1524	0	20
2026.01.19	14:55:00	4670.81	4672.82	4670.05	4671.98	1651	0	20
2026.01.19	15:00:00	4671.98	4673.57	4668.55	4670.59	2460	0	20
2026.01.19	15:05:00	4670.59	4672.90	4669.09	4670.72	1777	0	20
2026.01.19	15:10:00	4670.75	4671.79	4668.67	4670.30	2139	0	20
2026.01.19	15:15:00	4670.28	4671.69	4669.92	4670.47	1781	0	20
2026.01.19	15:20:00	4670.47	4671.90	4668.63	4670.70	1717	0	20
2026.01.19	15:25:00	4670.72	4672.05	4669.01	4671.75	1518	0	20
2026.01.19	15:30:00	4671.74	4673.72	4670.45	4671.21	1821	0	20
2026.01.19	15:35:00	4671.21	4671.84	4668.12	4670.41	1479	0	20
2026.01.19	15:40:00	4670.41	4670.75	4666.49	4668.39	1539	0	20
2026.01.19	15:45:00	4668.36	4669.42	4667.40	4668.40	1529	0	20
2026.01.19	15:50:00	4668.40	4668.46	4665.16	4666.40	1487	0	20
2026.01.19	15:55:00	4666.40	4667.00	4664.54	4666.15	1672	0	20
2026.01.19	16:00:00	4666.14	4666.84	4663.68	4664.37	1716	0	20
2026.01.19	16:05:00	4664.37	4665.87	4662.38	4662.68	1734	0	20
2026.01.19	16:10:00	4662.68	4665.06	4661.62	4664.99	1666	0	20
2026.01.19	16:15:00	4664.99	4667.34	4663.41	4667.24	2123	0	20
2026.01.19	16:20:00	4667.20	4668.34	4667.05	4667.61	1391	0	20
2026.01.19	16:25:00	4667.62	4668.49	4666.92	4668.01	1142	0	20
2026.01.19	16:30:00	4668.03	4670.32	4667.22	4667.22	2130	0	20
2026.01.19	16:35:00	4667.20	4668.09	4663.91	4664.83	1715	0	20
2026.01.19	16:40:00	4664.83	4667.28	4664.07	4667.26	1432	0	20
2026.01.19	16:45:00	4667.24	4667.39	4665.42	4666.35	1472	0	20
2026.01.19	16:50:00	4666.35	4668.90	4666.10	4668.28	1634	0	20
2026.01.19	16:55:00	4668.28	4668.68	4666.53	4666.58	1947	0	20
2026.01.19	17:00:00	4666.56	4669.99	4664.64	4667.86	2418	0	20
2026.01.19	17:05:00	4667.87	4670.88	4667.47	4669.74	1662	0	20
2026.01.19	17:10:00	4669.74	4669.74	4666.72	4668.13	1905	0	20
2026.01.19	17:15:00	4668.14	4668.88	4665.67	4665.91	1902	0	20
2026.01.19	17:20:00	4665.95	4666.76	4664.41	4664.83	1738	0	20
2026.01.19	17:25:00	4664.82	4666.77	4664.30	4666.70	1468	0	20
2026.01.19	17:30:00	4666.71	4667.02	4666.02	4666.59	1229	0	20
2026.01.19	17:35:00	4666.56	4669.74	4665.96	4669.67	1532	0	20
2026.01.19	17:40:00	4669.67	4671.20	4667.13	4670.25	1901	0	20
2026.01.19	17:45:00	4670.25	4672.64	4669.66	4672.47	1696	0	20
2026.01.19	17:50:00	4672.46	4674.86	4671.10	4674.84	1590	0	20
2026.01.19	17:55:00	4674.84	4676.01	4672.98	4674.25	1928	0	20
2026.01.19	18:00:00	4674.25	4675.55	4671.76	4673.09	1727	0	20
2026.01.19	18:05:00	4673.08	4673.54	4671.32	4672.88	1334	0	20
2026.01.19	18:10:00	4672.87	4674.29	4672.23	4672.41	1307	0	20
2026.01.19	18:15:00	4672.42	4672.80	4670.40	4671.78	1229	0	20
2026.01.19	18:20:00	4671.77	4672.87	4671.16	4671.89	1231	0	20
2026.01.19	18:25:00	4671.90	4672.35	4671.23	4671.69	1245	0	20
2026.01.19	18:30:00	4671.70	4672.40	4670.66	4670.76	949	0	20
2026.01.19	18:35:00	4670.77	4673.56	4670.66	4673.18	1126	0	20
2026.01.19	18:40:00	4673.17	4673.79	4672.51	4673.20	987	0	20
2026.01.19	18:45:00	4673.18	4673.44	4671.87	4672.90	1649	0	20
2026.01.19	18:50:00	4672.89	4673.41	4671.56	4672.44	1554	0	20
2026.01.19	18:55:00	4672.44	4673.68	4671.92	4672.19	1435	0	20
2026.01.19	19:00:00	4672.19	4673.02	4671.61	4672.96	1128	0	20
2026.01.19	19:05:00	4672.95	4672.96	4670.92	4671.44	982	0	20
2026.01.19	19:10:00	4671.45	4671.82	4670.53	4670.92	1046	0	20
2026.01.19	19:15:00	4670.93	4671.47	4669.30	4670.58	1051	0	20
2026.01.19	19:20:00	4670.58	4670.78	4669.98	4670.04	671	0	20
2026.01.19	19:25:00	4670.03	4671.37	4669.22	4670.93	1185	0	20
2026.01.19	19:30:00	4670.93	4673.37	4670.91	4672.16	1356	0	20
2026.01.19	19:35:00	4672.13	4673.04	4671.75	4672.92	902	0	20
2026.01.19	19:40:00	4672.92	4676.25	4672.92	4676.24	1213	0	20
2026.01.19	19:45:00	4676.23	4676.71	4674.17	4676.03	1215	0	20
2026.01.19	19:50:00	4676.02	4678.77	4676.02	4678.03	1474	0	20
2026.01.19	19:55:00	4678.00	4678.39	4675.80	4676.25	1584	0	20
2026.01.19	20:00:00	4676.25	4676.25	4673.84	4674.45	1139	0	20
2026.01.19	20:05:00	4674.44	4675.41	4673.85	4674.43	1341	0	20
2026.01.19	20:10:00	4674.45	4676.02	4674.22	4675.52	1026	0	20
2026.01.19	20:15:00	4675.52	4676.96	4675.18	4675.96	878	0	20
2026.01.19	20:20:00	4676.00	4680.32	4676.00	4679.14	1423	0	20
2026.01.19	20:25:00	4679.15	4679.19	4678.06	4678.41	1250	0	20
2026.01.19	20:30:00	4678.40	4678.51	4676.12	4676.43	1008	0	20
2026.01.19	20:35:00	4676.43	4677.43	4675.17	4677.38	695	0	20
2026.01.19	20:40:00	4677.37	4678.70	4675.82	4677.71	771	0	20
2026.01.19	20:45:00	4677.71	4678.15	4676.21	4676.46	765	0	20
2026.01.19	20:50:00	4676.46	4676.67	4675.61	4676.08	773	0	20
2026.01.19	20:55:00	4676.14	4676.89	4675.38	4676.66	791	0	20
2026.01.19	21:00:00	4676.66	4676.73	4673.60	4674.63	1463	0	20
2026.01.19	21:05:00	4674.64	4675.07	4673.77	4674.34	1273	0	20
2026.01.19	21:10:00	4674.35	4674.47	4671.97	4672.02	1127	0	20
2026.01.19	21:15:00	4671.97	4672.57	4670.99	4672.31	1192	0	20
2026.01.19	21:20:00	4672.31	4672.34	4668.33	4670.21	1580	0	20
2026.01.19	21:25:00	4670.21	4671.56	4667.15	4670.74	1118	0	20
2026.01.19	21:30:00	4670.77	4670.77	4670.77	4670.77	1	0	21
2026.01.20	01:00:00	4672.41	4676.96	4666.43	4668.73	2444	0	20
2026.01.20	01:05:00	4668.72	4671.71	4667.90	4670.85	1294	0	20
2026.01.20	01:10:00	4670.85	4671.42	4669.07	4670.87	922	0	20
2026.01.20	01:15:00	4670.87	4672.38	4669.65	4671.81	902	0	20
2026.01.20	01:20:00	4671.80	4672.18	4667.97	4667.99	834	0	20
2026.01.20	01:25:00	4667.99	4669.03	4664.94	4666.28	1171	0	20
2026.01.20	01:30:00	4666.27	4668.14	4665.43	4667.77	1095	0	20
2026.01.20	01:35:00	4667.76	4668.91	4665.28	4665.96	835	0	20
2026.01.20	01:40:00	4665.94	4666.95	4664.44	4666.10	1107	0	20
2026.01.20	01:45:00	4666.10	4666.94	4665.86	4665.96	712	0	20
2026.01.20	01:50:00	4665.96	4666.22	4664.97	4665.61	666	0	20
2026.01.20	01:55:00	4665.61	4666.45	4664.96	4665.35	839	0	20
2026.01.20	02:00:00	4665.35	4666.88	4664.24	4664.60	1424	0	20
2026.01.20	02:05:00	4664.64	4667.29	4664.25	4666.53	1094	0	20
2026.01.20	02:10:00	4666.54	4667.95	4665.95	4667.94	791	0	20
2026.01.20	02:15:00	4667.93	4667.98	4665.32	4665.59	791	0	20
2026.01.20	02:20:00	4665.56	4665.85	4663.96	4664.41	1030	0	20
2026.01.20	02:25:00	4664.18	4664.52	4659.52	4659.64	1583	0	20
2026.01.20	02:30:00	4659.66	4665.82	4659.64	4664.79	1397	0	20
2026.01.20	02:35:00	4664.79	4666.31	4661.83	4662.15	1699	0	20
2026.01.20	02:40:00	4662.15	4663.29	4660.70	4663.15	1134	0	20
2026.01.20	02:45:00	4663.13	4664.15	4662.69	4662.80	1322	0	20
2026.01.20	02:50:00	4662.79	4663.93	4661.72	4662.78	1370	0	20
2026.01.20	02:55:00	4662.79	4664.01	4660.39	4660.45	1701	0	20
2026.01.20	03:00:00	4660.42	4668.82	4659.98	4668.32	2962	0	20
2026.01.20	03:05:00	4668.37	4673.43	4667.42	4671.60	2439	0	20
2026.01.20	03:10:00	4671.60	4672.87	4667.55	4670.21	2380	0	20
2026.01.20	03:15:00	4670.20	4672.30	4668.77	4669.75	2482	0	20
2026.01.20	03:20:00	4669.76	4670.11	4666.19	4668.82	2602	0	20
2026.01.20	03:25:00	4668.87	4672.04	4668.83	4671.01	2011	0	20
2026.01.20	03:30:00	4671.00	4674.37	4670.98	4674.33	1895	0	20
2026.01.20	03:35:00	4674.32	4676.03	4673.59	4674.67	1985	0	20
2026.01.20	03:40:00	4674.69	4674.99	4672.44	4673.17	2049	0	20
2026.01.20	03:45:00	4673.17	4674.85	4672.45	4672.46	1854	0	20
2026.01.20	03:50:00	4672.46	4673.07	4671.75	4672.12	2140	0	20
2026.01.20	03:55:00	4672.10	4672.41	4665.84	4669.68	2719	0	20
2026.01.20	04:00:00	4669.67	4671.96	4669.28	4669.83	2206	0	20
2026.01.20	04:05:00	4669.84	4670.67	4666.14	4667.07	2505	0	20
2026.01.20	04:10:00	4667.07	4668.43	4665.52	4666.11	2139	0	20
2026.01.20	04:15:00	4666.13	4668.20	4665.63	4667.58	1508	0	20
2026.01.20	04:20:00	4667.58	4669.12	4667.09	4668.07	1533	0	20
2026.01.20	04:25:00	4668.07	4673.49	4668.05	4672.00	1759	0	20
2026.01.20	04:30:00	4672.00	4674.32	4670.25	4673.63	2333	0	20
2026.01.20	04:35:00	4673.65	4674.56	4672.09	4673.66	2319	0	20
2026.01.20	04:40:00	4673.68	4674.81	4672.20	4674.06	1851	0	20
2026.01.20	04:45:00	4674.02	4674.19	4667.88	4668.10	2381	0	20
2026.01.20	04:50:00	4668.09	4669.16	4666.87	4668.55	2108	0	20
2026.01.20	04:55:00	4668.56	4669.89	4667.52	4668.71	1728	0	20
2026.01.20	05:00:00	4668.73	4670.00	4666.81	4668.61	1867	0	20
2026.01.20	05:05:00	4668.60	4669.01	4666.13	4666.55	2384	0	20
2026.01.20	05:10:00	4666.55	4671.51	4666.55	4671.51	1865	0	20
2026.01.20	05:15:00	4671.54	4673.47	4671.14	4673.02	2118	0	20
2026.01.20	05:20:00	4673.02	4674.16	4672.21	4673.22	2142	0	20
2026.01.20	05:25:00	4673.21	4673.86	4672.66	4673.24	1854	0	20
2026.01.20	05:30:00	4673.27	4675.55	4672.76	4675.42	1552	0	20
2026.01.20	05:35:00	4675.42	4676.06	4674.82	4675.88	1012	0	20
2026.01.20	05:40:00	4675.86	4678.89	4675.86	4676.86	1502	0	20
2026.01.20	05:45:00	4676.86	4678.51	4676.86	4677.81	1419	0	20
2026.01.20	05:50:00	4677.80	4681.50	4677.72	4680.21	1834	0	20
2026.01.20	05:55:00	4680.20	4680.84	4678.68	4680.14	1141	0	20
2026.01.20	06:00:00	4680.12	4681.83	4679.72	4679.72	1218	0	20
2026.01.20	06:05:00	4679.72	4682.55	4679.63	4680.30	1121	0	20
2026.01.20	06:10:00	4680.31	4681.02	4679.70	4680.43	1466	0	20
2026.01.20	06:15:00	4680.43	4683.00	4680.39	4682.56	1313	0	20
2026.01.20	06:20:00	4682.54	4684.33	4682.05	4683.75	1604	0	20
2026.01.20	06:25:00	4683.77	4687.15	4683.59	4685.92	2205	0	20
2026.01.20	06:30:00	4685.93	4687.92	4684.42	4687.52	1796	0	20
2026.01.20	06:35:00	4687.53	4691.77	4687.23	4690.23	2202	0	20
2026.01.20	06:40:00	4690.23	4693.43	4689.00	4689.77	2082	0	20
2026.01.20	06:45:00	4689.77	4694.38	4688.91	4693.17	1960	0	20
2026.01.20	06:50:00	4693.17	4693.83	4691.61	4693.30	1574	0	20
2026.01.20	06:55:00	4693.29	4697.04	4692.39	4695.25	2078	0	20
2026.01.20	07:00:00	4695.25	4697.62	4694.88	4695.21	1846	0	20
2026.01.20	07:05:00	4695.18	4701.15	4694.68	4697.02	2131	0	20
2026.01.20	07:10:00	4697.02	4701.42	4696.59	4699.57	1806	0	20
2026.01.20	07:15:00	4699.57	4700.53	4697.81	4698.17	1590	0	20
2026.01.20	07:20:00	4698.17	4699.37	4694.83	4695.24	1487	0	20
2026.01.20	07:25:00	4695.21	4699.44	4695.05	4695.93	1898	0	20
2026.01.20	07:30:00	4695.93	4705.11	4694.26	4704.77	3056	0	20
2026.01.20	07:35:00	4704.74	4705.25	4701.20	4703.23	2763	0	20
2026.01.20	07:40:00	4703.24	4706.16	4701.11	4705.02	2721	0	20
2026.01.20	07:45:00	4705.03	4707.76	4704.83	4707.54	2442	0	20
2026.01.20	07:50:00	4707.53	4710.19	4707.48	4709.97	2380	0	20
2026.01.20	07:55:00	4709.99	4716.72	4709.45	4714.60	2778	0	20
2026.01.20	08:00:00	4714.60	4716.16	4707.54	4713.20	3096	0	20
2026.01.20	08:05:00	4713.19	4717.08	4712.53	4713.46	2448	0	20
2026.01.20	08:10:00	4713.41	4716.74	4712.04	4713.01	2498	0	20
2026.01.20	08:15:00	4713.02	4715.47	4709.97	4714.21	2590	0	20
2026.01.20	08:20:00	4714.02	4714.51	4709.54	4710.69	2308	0	20
2026.01.20	08:25:00	4710.70	4713.53	4709.51	4712.45	2292	0	20
2026.01.20	08:30:00	4712.45	4715.00	4708.93	4708.93	2646	0	20
2026.01.20	08:35:00	4708.91	4710.94	4706.53	4706.86	2866	0	20
2026.01.20	08:40:00	4706.85	4711.27	4705.54	4710.71	2613	0	20
2026.01.20	08:45:00	4710.73	4714.23	4709.33	4713.64	2210	0	20
2026.01.20	08:50:00	4713.64	4715.25	4712.71	4714.59	2123	0	20
2026.01.20	08:55:00	4714.62	4715.20	4712.39	4712.47	1679	0	20
2026.01.20	09:00:00	4712.47	4715.81	4711.45	4713.84	1920	0	20
2026.01.20	09:05:00	4713.93	4714.93	4712.65	4713.88	1590	0	20
2026.01.20	09:10:00	4713.85	4717.70	4713.78	4715.50	1843	0	20
2026.01.20	09:15:00	4715.49	4716.89	4714.87	4716.41	1523	0	20
2026.01.20	09:20:00	4716.41	4720.73	4714.80	4719.22	1814	0	20
2026.01.20	09:25:00	4719.21	4722.15	4716.44	4718.14	2267	0	20
2026.01.20	09:30:00	4718.28	4720.83	4716.80	4719.32	1764	0	20
2026.01.20	09:35:00	4719.33	4721.64	4718.85	4719.12	1663	0	20
2026.01.20	09:40:00	4719.12	4720.75	4718.36	4720.10	1579	0	20
2026.01.20	09:45:00	4720.12	4722.71	4719.82	4720.67	1762	0	20
2026.01.20	09:50:00	4720.66	4720.89	4716.58	4716.93	1569	0	20
2026.01.20	09:55:00	4716.93	4717.81	4714.87	4716.12	1782	0	20
2026.01.20	10:00:00	4716.13	4720.84	4715.05	4720.62	1968	0	20
2026.01.20	10:05:00	4720.62	4725.11	4718.89	4724.50	2063	0	20
2026.01.20	10:10:00	4724.50	4725.65	4723.05	4724.47	1909	0	20
2026.01.20	10:15:00	4724.47	4724.50	4721.42	4721.62	1709	0	20
2026.01.20	10:20:00	4721.62	4725.20	4719.79	4720.31	2146	0	20
2026.01.20	10:25:00	4720.33	4721.60	4718.10	4718.59	1920	0	20
2026.01.20	10:30:00	4718.59	4724.58	4718.08	4720.98	2108	0	20
2026.01.20	10:35:00	4720.94	4720.94	4716.05	4719.75	2059	0	20
2026.01.20	10:40:00	4719.75	4723.68	4719.13	4722.81	2035	0	20
2026.01.20	10:45:00	4722.80	4725.21	4722.70	4724.04	2196	0	20
2026.01.20	10:50:00	4724.03	4728.61	4723.92	4728.31	2188	0	20
2026.01.20	10:55:00	4728.30	4731.46	4727.86	4729.32	2235	0	20
2026.01.20	11:00:00	4729.33	4730.22	4727.48	4728.69	2023	0	20
2026.01.20	11:05:00	4728.68	4731.51	4728.11	4728.21	2007	0	20
2026.01.20	11:10:00	4728.21	4728.77	4724.19	4725.25	2086	0	20
2026.01.20	11:15:00	4725.26	4726.31	4722.34	4722.68	2114	0	20
2026.01.20	11:20:00	4722.68	4730.09	4721.23	4728.58	2144	0	20
2026.01.20	11:25:00	4728.56	4733.78	4727.38	4733.31	1976	0	20
2026.01.20	11:30:00	4733.29	4736.16	4732.87	4734.10	2060	0	20
2026.01.20	11:35:00	4734.10	4736.09	4733.21	4734.01	1673	0	20
2026.01.20	11:40:00	4734.01	4736.17	4733.90	4734.47	1721	0	20
2026.01.20	11:45:00	4734.31	4737.36	4733.30	4736.24	1607	0	20
2026.01.20	11:50:00	4736.24	4737.26	4733.38	4733.74	1901	0	20
2026.01.20	11:55:00	4733.72	4735.21	4732.38	4732.46	1710	0	20
2026.01.20	12:00:00	4732.46	4735.00	4730.65	4732.47	1830	0	20
2026.01.20	12:05:00	4732.47	4733.63	4731.41	4732.78	1549	0	20
2026.01.20	12:10:00	4732.77	4733.29	4730.31	4731.35	1836	0	20
2026.01.20	12:15:00	4731.36	4733.35	4730.64	4731.82	1428	0	20
2026.01.20	12:20:00	4731.81	4733.00	4730.50	4732.17	1737	0	20
2026.01.20	12:25:00	4732.17	4733.17	4727.86	4727.87	1996	0	20
2026.01.20	12:30:00	4727.88	4729.25	4723.43	4726.47	2334	0	20
2026.01.20	12:35:00	4726.44	4727.54	4724.80	4726.34	1584	0	20
2026.01.20	12:40:00	4726.34	4727.76	4723.66	4724.47	1725	0	20
2026.01.20	12:45:00	4724.47	4725.68	4723.16	4724.90	1439	0	20
2026.01.20	12:50:00	4724.91	4727.93	4724.91	4727.44	1408	0	20
2026.01.20	12:55:00	4727.54	4728.08	4726.00	4726.54	1545	0	20
2026.01.20	13:00:00	4726.53	4728.05	4725.99	4726.18	1370	0	20
2026.01.20	13:05:00	4726.17	4727.01	4721.63	4725.27	1634	0	20
2026.01.20	13:10:00	4725.27	4727.96	4725.24	4726.28	1763	0	20
2026.01.20	13:15:00	4726.28	4727.98	4725.63	4727.76	1285	0	20
2026.01.20	13:20:00	4727.77	4729.18	4725.96	4726.77	1125	0	20
